-- MariaDB dump 10.19  Distrib 10.4.32-MariaDB, for Win64 (AMD64)
--
-- Host: localhost    Database: LM-1.0-KAP
-- ------------------------------------------------------
-- Server version	10.4.32-MariaDB

/*!40101 SET @OLD_CHARACTER_SET_CLIENT=@@CHARACTER_SET_CLIENT */;
/*!40101 SET @OLD_CHARACTER_SET_RESULTS=@@CHARACTER_SET_RESULTS */;
/*!40101 SET @OLD_COLLATION_CONNECTION=@@COLLATION_CONNECTION */;
/*!40101 SET NAMES utf8mb4 */;
/*!40103 SET @OLD_TIME_ZONE=@@TIME_ZONE */;
/*!40103 SET TIME_ZONE='+00:00' */;
/*!40014 SET @OLD_UNIQUE_CHECKS=@@UNIQUE_CHECKS, UNIQUE_CHECKS=0 */;
/*!40014 SET @OLD_FOREIGN_KEY_CHECKS=@@FOREIGN_KEY_CHECKS, FOREIGN_KEY_CHECKS=0 */;
/*!40101 SET @OLD_SQL_MODE=@@SQL_MODE, SQL_MODE='NO_AUTO_VALUE_ON_ZERO' */;
/*!40111 SET @OLD_SQL_NOTES=@@SQL_NOTES, SQL_NOTES=0 */;

--
-- Table structure for table `activitylog`
--

DROP TABLE IF EXISTS `activitylog`;
/*!40101 SET @saved_cs_client     = @@character_set_client */;
/*!40101 SET character_set_client = utf8 */;
CREATE TABLE `activitylog` (
  `LogID` bigint(20) unsigned NOT NULL AUTO_INCREMENT,
  `Entity` varchar(255) NOT NULL,
  `EntityID` bigint(20) unsigned DEFAULT NULL,
  `Log` text NOT NULL,
  `Type` varchar(255) NOT NULL,
  `CreatedByUserId` bigint(20) unsigned DEFAULT NULL,
  `created_at` timestamp NULL DEFAULT NULL,
  `updated_at` timestamp NULL DEFAULT NULL,
  PRIMARY KEY (`LogID`),
  KEY `activitylog_entity_index` (`Entity`),
  KEY `activitylog_entityid_index` (`EntityID`),
  KEY `activitylog_createdbyuserid_index` (`CreatedByUserId`)
) ENGINE=InnoDB AUTO_INCREMENT=101 DEFAULT CHARSET=utf8mb4 COLLATE=utf8mb4_unicode_ci;
/*!40101 SET character_set_client = @saved_cs_client */;

--
-- Dumping data for table `activitylog`
--

LOCK TABLES `activitylog` WRITE;
/*!40000 ALTER TABLE `activitylog` DISABLE KEYS */;
INSERT INTO `activitylog` VALUES (1,'DEVICE',1,'Device Table 1 registered.','Info',NULL,'2024-09-04 16:11:15','2024-09-04 16:11:15'),(2,'DEVICE',1,'Table 1: Changed device watchdog interval from 30 to 30','Info',1,'2024-09-04 16:22:16','2024-09-04 16:22:16'),(3,'DEVICE',2,'Device Table 6 registered.','Info',NULL,'2024-09-16 12:15:10','2024-09-16 12:15:10'),(4,'DEVICE',3,'Device Table 3 registered.','Info',NULL,'2024-09-16 12:25:05','2024-09-16 12:25:05'),(5,'DEVICE',4,'Device Table 2 registered.','Info',NULL,'2024-09-16 12:26:24','2024-09-16 12:26:24'),(6,'DEVICE',4,'Changed device name from Table 2 to Table 2','Info',1,'2024-09-16 13:06:34','2024-09-16 13:06:34'),(7,'DEVICE_TIME',4,'Added open time: 1 and open time rate: 2 for device: Table 2','Info',1,'2024-09-16 13:07:20','2024-09-16 13:07:20'),(8,'DEVICE_TIME',4,'Added base time: 60 and base rate: 120 for device: Table 2','Info',1,'2024-09-16 13:07:25','2024-09-16 13:07:25'),(9,'DEVICE_TIME',4,'Added increment 30 with rate 60 for device: Table 2','Info',1,'2024-09-16 13:07:43','2024-09-16 13:07:43'),(10,'DEVICE',4,'Table 2: Changed device remaining time notification from 0 to 5','Info',1,'2024-09-16 13:08:15','2024-09-16 13:08:15'),(11,'DEVICE_TIME',4,'Added increment 120 with rate 240 for device: Table 2','Info',1,'2024-09-16 13:09:06','2024-09-16 13:09:06'),(12,'DEVICE_TIME',4,'Added increment 180 with rate 360 for device: Table 2','Info',1,'2024-09-16 13:09:37','2024-09-16 13:09:37'),(13,'DEVICE_TIME',4,'Added increment 240 with rate 480 for device: Table 2','Info',1,'2024-09-16 13:10:02','2024-09-16 13:10:02'),(14,'DEVICE_TIME',4,'Added increment 300 with rate 600 for device: Table 2','Info',1,'2024-09-16 13:10:46','2024-09-16 13:10:46'),(15,'DEVICE',4,'Table 2: Deployment','Info',1,'2024-09-16 13:11:05','2024-09-16 13:11:05'),(16,'DEVICE',1,'Changed device name from Table 1 to Table 4','Info',1,'2024-09-16 13:30:08','2024-09-16 13:30:08'),(17,'DEVICE_TIME',1,'Added base time: 60 and base rate: 120 for device: Table 1','Info',1,'2024-09-16 13:30:22','2024-09-16 13:30:22'),(18,'DEVICE_TIME',1,'Added open time: 1 and open time rate: 2 for device: Table 1','Info',1,'2024-09-16 13:30:45','2024-09-16 13:30:45'),(19,'DEVICE_TIME',1,'Added increment 30 with rate 60 for device: Table 1','Info',1,'2024-09-16 13:30:59','2024-09-16 13:30:59'),(20,'DEVICE_TIME',1,'Added increment 60 with rate 120 for device: Table 1','Info',1,'2024-09-16 13:31:15','2024-09-16 13:31:15'),(21,'DEVICE_TIME',1,'Added increment 120 with rate 240 for device: Table 1','Info',1,'2024-09-16 13:31:28','2024-09-16 13:31:28'),(22,'DEVICE_TIME',1,'Added increment 180 with rate 360 for device: Table 1','Info',1,'2024-09-16 13:31:45','2024-09-16 13:31:45'),(23,'DEVICE_TIME',1,'Added increment 240 with rate 480 for device: Table 1','Info',1,'2024-09-16 13:32:31','2024-09-16 13:32:31'),(24,'DEVICE_TIME',1,'Added increment 300 with rate 600 for device: Table 1','Info',1,'2024-09-16 13:32:54','2024-09-16 13:32:54'),(25,'DEVICE',1,'Table 1: Deployment','Info',1,'2024-09-16 13:33:03','2024-09-16 13:33:03'),(26,'DEVICE',5,'Device Table 4 registered.','Info',NULL,'2024-09-16 13:48:37','2024-09-16 13:48:37'),(27,'DEVICE',5,'Table 5: Device info update through AP','Info',NULL,'2024-09-16 13:51:49','2024-09-16 13:51:49'),(28,'DEVICE',1,'Device Table 4 deleted.','Info',1,'2024-09-16 13:52:57','2024-09-16 13:52:57'),(29,'DEVICE_TIME',5,'Added base time: 60 and base rate: 120 for device: Table 5','Info',1,'2024-09-16 13:58:40','2024-09-16 13:58:40'),(30,'DEVICE_TIME',5,'Added open time: 1 and open time rate: 2 for device: Table 5','Info',1,'2024-09-16 13:58:52','2024-09-16 13:58:52'),(31,'DEVICE_TIME',5,'Added increment 60 with rate 120 for device: Table 5','Info',1,'2024-09-16 13:59:26','2024-09-16 13:59:26'),(32,'DEVICE',5,'Table 5: Deployment','Info',1,'2024-09-16 13:59:35','2024-09-16 13:59:35'),(33,'ROLE',2,'Inserted new Role Shared Cashier','Info',1,'2024-09-16 14:05:19','2024-09-16 14:05:19'),(34,'USER',2,'Created User Cashier1','Info',1,'2024-09-16 14:07:04','2024-09-16 14:07:04'),(35,'DEVICE',6,'Device Table 2 registered.','Info',NULL,'2024-09-16 14:26:37','2024-09-16 14:26:37'),(36,'DEVICE_TIME',6,'Added increment 60 with rate 120 for device: Table 2','Info',1,'2024-09-16 14:36:35','2024-09-16 14:36:35'),(37,'DEVICE_TIME',6,'Added base time: 60 and base rate: 120 for device: Table 2','Info',1,'2024-09-16 14:37:01','2024-09-16 14:37:01'),(38,'DEVICE_TIME',6,'Added open time: 1 and open time rate: 2 for device: Table 2','Info',1,'2024-09-16 14:37:06','2024-09-16 14:37:06'),(39,'DEVICE',6,'Table 2: Changed device remaining time notification from 0 to 5','Info',1,'2024-09-16 14:37:30','2024-09-16 14:37:30'),(40,'DEVICE_TIME',6,'Updated open time 1 to 1 and open time rate 2.00 to 2.00 for device: Table 2','Info',1,'2024-09-16 14:38:10','2024-09-16 14:38:10'),(41,'DEVICE_TIME',6,'Updated base time 60 to 60 and base rate 120.00 to 120.00 for device: Table 2','Info',1,'2024-09-16 14:38:15','2024-09-16 14:38:15'),(42,'DEVICE',6,'Table 2: Deployment','Info',1,'2024-09-16 14:38:22','2024-09-16 14:38:22'),(43,'DEVICE',7,'Device Table 1 registered.','Info',NULL,'2024-09-16 14:48:11','2024-09-16 14:48:11'),(44,'DEVICE_TIME',7,'Added base time: 60 and base rate: 100 for device: Table 1','Info',1,'2024-09-16 14:58:20','2024-09-16 14:58:20'),(45,'DEVICE',7,'Changed device name from Table 1 to Table 1 (STAR)','Info',1,'2024-09-16 14:58:37','2024-09-16 14:58:37'),(46,'DEVICE_TIME',7,'Added open time: 60 and open time rate: 100 for device: Table 1','Info',1,'2024-09-16 14:58:56','2024-09-16 14:58:56'),(47,'DEVICE_TIME',7,'Added increment 30 with rate 50 for device: Table 1','Info',1,'2024-09-16 14:59:06','2024-09-16 14:59:06'),(48,'DEVICE_TIME',7,'Added increment 60 with rate 100 for device: Table 1','Info',1,'2024-09-16 14:59:22','2024-09-16 14:59:22'),(49,'DEVICE',7,'Table 1: Deployment','Info',1,'2024-09-16 14:59:43','2024-09-16 14:59:43'),(50,'DEVICE',7,'Table 1: Changed device remaining time notification from 0 to 5','Info',1,'2024-09-16 15:00:41','2024-09-16 15:00:41'),(51,'DEVICE',7,'Table 1: Changed device remaining time notification from 5 to 10','Info',1,'2024-09-16 15:00:51','2024-09-16 15:00:51'),(52,'DEVICE',5,'Table 5: Changed device remaining time notification from 0 to 10','Info',1,'2024-09-16 15:01:27','2024-09-16 15:01:27'),(53,'DEVICE',6,'Table 2: Changed device remaining time notification from 5 to 10','Info',1,'2024-09-16 15:01:52','2024-09-16 15:01:52'),(54,'DEVICE_TIME',5,'Updated base time 15 to 15 and base rate 30 to 30 for device: Table 5','Info',1,'2024-09-16 15:02:58','2024-09-16 15:02:58'),(55,'DEVICE',5,'Changed device name from Table 5 to Table 4','Info',1,'2024-09-16 15:03:16','2024-09-16 15:03:16'),(56,'DEVICE',5,'Changed device name from Table 4 to Table 4 (Gladiator)','Info',1,'2024-09-16 15:03:30','2024-09-16 15:03:30'),(57,'DEVICE',6,'Changed device name from Table 2 to Table 2 (Gladiator)','Info',1,'2024-09-16 15:04:32','2024-09-16 15:04:32'),(58,'DEVICE_TIME',6,'Updated base time 20 to 20 and base rate 40.00 to 40.00 for device: Table 2','Info',1,'2024-09-16 15:04:48','2024-09-16 15:04:48'),(59,'ROLE',2,'Updated role  Shared Cashier','Info',1,'2024-09-16 15:22:57','2024-09-16 15:22:57'),(60,'DEVICE',8,'Device Table 3 (Gladiator) registered.','Info',NULL,'2024-09-16 16:17:41','2024-09-16 16:17:41'),(61,'DEVICE_TIME',8,'Added base time: 60 and base rate: 120 for device: Table 3 (Gladiator)','Info',1,'2024-09-16 16:24:15','2024-09-16 16:24:15'),(62,'DEVICE_TIME',8,'Added open time: 1 and open time rate: 2 for device: Table 3 (Gladiator)','Info',1,'2024-09-16 16:24:30','2024-09-16 16:24:30'),(63,'DEVICE_TIME',8,'Added increment 30 with rate 60 for device: Table 3 (Gladiator)','Info',1,'2024-09-16 16:24:44','2024-09-16 16:24:44'),(64,'DEVICE_TIME',8,'Added increment 60 with rate 120 for device: Table 3 (Gladiator)','Info',1,'2024-09-16 16:24:59','2024-09-16 16:24:59'),(65,'DEVICE_TIME',8,'Updated base time 60 to 60 and base rate 120.00 to 120.00 for device: Table 3 (Gladiator)','Info',1,'2024-09-16 16:25:21','2024-09-16 16:25:21'),(66,'DEVICE',8,'Table 3 (Gladiator): Deployment','Info',1,'2024-09-16 16:25:24','2024-09-16 16:25:24'),(67,'DEVICE_TIME',6,'Updated base time 60 to 60 and base rate 120.00 to 120.00 for device: Table 2','Info',1,'2024-09-16 16:51:54','2024-09-16 16:51:54'),(68,'DEVICE_TIME',7,'Updated base time 10 to 10 and base rate 20 to 20 for device: Table 1','Info',1,'2024-09-16 18:05:50','2024-09-16 18:05:50'),(69,'DEVICE_TIME',8,'Updated base time 10 to 10 and base rate 20 to 20 for device: Table 3 (Gladiator)','Info',1,'2024-09-16 18:06:50','2024-09-16 18:06:50'),(70,'DEVICE_TIME',8,'Updated base time 4 to 4 and base rate 8 to 8 for device: Table 3 (Gladiator)','Info',1,'2024-09-16 18:22:33','2024-09-16 18:22:33'),(71,'DEVICE_TIME',8,'Added increment 1 with rate 2 for device: Table 3 (Gladiator)','Info',1,'2024-09-16 18:22:51','2024-09-16 18:22:51'),(72,'DEVICE_TIME',7,'Updated base time 60 to 60 and base rate 100 to 100 for device: Table 1','Info',1,'2024-09-18 07:38:21','2024-09-18 07:38:21'),(73,'DEVICE_TIME',7,'Updated base time 60 to 60 and base rate 100 to 100 for device: Table 1','Info',1,'2024-09-18 07:38:42','2024-09-18 07:38:42'),(74,'DEVICE_TIME',7,'Updated open time 1 to 1 and open time rate 1.67 to 1.67 for device: Table 1','Info',1,'2024-09-18 07:45:06','2024-09-18 07:45:06'),(75,'DEVICE',5,'Table 4 (Gladiator): Device info update through AP','Info',NULL,'2024-09-18 07:46:43','2024-09-18 07:46:43'),(76,'DEVICE_TIME',5,'Updated base time 60 to 60 and base rate 120.00 to 120.00 for device: Table 4 (Gladiator)','Info',1,'2024-09-18 07:48:40','2024-09-18 07:48:40'),(77,'DEVICE_TIME',5,'Added increment 30 with rate 60 for device: Table 4 (Gladiator)','Info',1,'2024-09-18 07:48:55','2024-09-18 07:48:55'),(78,'DEVICE_TIME',5,'Updated base time 60 to 60 and base rate 120.00 to 120.00 for device: Table 4 (Gladiator)','Info',1,'2024-09-18 07:49:03','2024-09-18 07:49:03'),(79,'DEVICE_TIME',5,'Updated open time 1 to 1 and open time rate 2.00 to 2.00 for device: Table 4 (Gladiator)','Info',1,'2024-09-18 07:49:14','2024-09-18 07:49:14'),(80,'DEVICE',5,'Table 4 (Gladiator): Deployment','Info',1,'2024-09-18 07:49:23','2024-09-18 07:49:23'),(81,'DEVICE_TIME',8,'Updated base time 60 to 60 and base rate 120.00 to 120.00 for device: Table 3 (Gladiator)','Info',1,'2024-09-18 07:53:29','2024-09-18 07:53:29'),(82,'DEVICE_TIME',30,'Deleted increment time 1 with rate 2.00 for device: Table 3 (Gladiator)','Info',1,'2024-09-18 07:53:40','2024-09-18 07:53:40'),(83,'DEVICE_TIME',8,'Updated open time 1 to 1 and open time rate 2.00 to 2.00 for device: Table 3 (Gladiator)','Info',1,'2024-09-18 07:54:22','2024-09-18 07:54:22'),(84,'DEVICE',8,'Table 3 (Gladiator): Changed device remaining time notification from 0 to 5','Info',1,'2024-09-18 07:55:27','2024-09-18 07:55:27'),(85,'DEVICE',7,'Table 1: Changed device remaining time notification from 10 to 10','Info',1,'2024-09-18 07:55:50','2024-09-18 07:55:50'),(86,'DEVICE',6,'Table 2: Changed device remaining time notification from 10 to 10','Info',1,'2024-09-18 07:56:12','2024-09-18 07:56:12'),(87,'DEVICE',8,'Table 3 (Gladiator): Changed device remaining time notification from 5 to 10','Info',1,'2024-09-18 07:56:37','2024-09-18 07:56:37'),(88,'DEVICE',5,'Table 4 (Gladiator): Changed device remaining time notification from 10 to 10','Info',1,'2024-09-18 07:57:00','2024-09-18 07:57:00'),(89,'ROLE',2,'Updated role  Shared Cashier','Info',1,'2024-09-18 07:59:54','2024-09-18 07:59:54'),(90,'ROLE',2,'Updated role  Shared Cashier','Info',1,'2024-09-18 08:05:05','2024-09-18 08:05:05'),(91,'ROLE',3,'Inserted new Role Audit','Info',1,'2024-09-20 11:51:27','2024-09-20 11:51:27'),(92,'USER',3,'Created User Audit1','Info',1,'2024-09-20 11:52:09','2024-09-20 11:52:09'),(93,'DEVICE_TIME',25,'Updated increment time 60 to 60 and base rate 100.00 to 120.00 for device: Table 1','Info',1,'2024-10-06 10:34:20','2024-10-06 10:34:20'),(94,'DEVICE_TIME',7,'Updated base time 60 to 60 and base rate 120.00 to 120.00 for device: Table 1','Info',1,'2024-10-06 10:34:33','2024-10-06 10:34:33'),(95,'DEVICE_TIME',24,'Updated increment time 30 to 30 and base rate 50.00 to 60.00 for device: Table 1','Info',1,'2024-10-06 10:34:58','2024-10-06 10:34:58'),(96,'DEVICE_TIME',7,'Updated base time 60 to 60 and base rate 120.00 to 120.00 for device: Table 1','Info',1,'2024-10-06 10:35:55','2024-10-06 10:35:55'),(97,'DEVICE_TIME',7,'Updated open time 1 to 1 and open time rate 2.0 to 2.0 for device: Table 1','Info',1,'2024-10-06 10:36:36','2024-10-06 10:36:36'),(98,'DEVICE_TIME',6,'Added increment 30 with rate 60 for device: Table 2','Info',1,'2024-10-06 10:37:25','2024-10-06 10:37:25'),(99,'DEVICE_TIME',6,'Added increment 30 with rate 60 for device: Table 2','Info',1,'2024-10-06 10:37:25','2024-10-06 10:37:25'),(100,'DEVICE_TIME',33,'Deleted increment time 30 with rate 60.00 for device: Table 2','Info',1,'2024-10-06 10:37:36','2024-10-06 10:37:36');
/*!40000 ALTER TABLE `activitylog` ENABLE KEYS */;
UNLOCK TABLES;

--
-- Table structure for table `devices`
--

DROP TABLE IF EXISTS `devices`;
/*!40101 SET @saved_cs_client     = @@character_set_client */;
/*!40101 SET character_set_client = utf8 */;
CREATE TABLE `devices` (
  `DeviceID` bigint(20) unsigned NOT NULL AUTO_INCREMENT,
  `DeviceName` varchar(50) NOT NULL,
  `ExternalDeviceName` varchar(50) NOT NULL,
  `Description` varchar(255) DEFAULT NULL,
  `DeviceStatusID` bigint(20) unsigned NOT NULL,
  `IPAddress` varchar(255) NOT NULL,
  `RemainingTimeNotification` bigint(20) unsigned DEFAULT NULL,
  `WatchdogInterval` bigint(20) unsigned DEFAULT NULL,
  `OperationDate` datetime DEFAULT NULL,
  `created_at` timestamp NULL DEFAULT NULL,
  `updated_at` timestamp NULL DEFAULT NULL,
  PRIMARY KEY (`DeviceID`),
  KEY `devices_devicename_index` (`DeviceName`),
  KEY `devices_externaldevicename_index` (`ExternalDeviceName`)
) ENGINE=InnoDB AUTO_INCREMENT=9 DEFAULT CHARSET=utf8mb4 COLLATE=utf8mb4_unicode_ci;
/*!40101 SET character_set_client = @saved_cs_client */;

--
-- Dumping data for table `devices`
--

LOCK TABLES `devices` WRITE;
/*!40000 ALTER TABLE `devices` DISABLE KEYS */;
INSERT INTO `devices` VALUES (5,'Table 4 (Gladiator)','Table 4 (Gladiator)',NULL,3,'192.168.10.10',10,30,'2024-09-18 15:49:23','2024-09-16 13:48:37','2024-11-27 15:21:24'),(6,'Table 2','Table 2 (Gladiator)',NULL,2,'192.168.10.11',10,30,'2024-09-16 22:38:22','2024-09-16 14:26:37','2024-11-27 13:07:33'),(7,'Table 1','Table 1 (STAR)',NULL,2,'192.168.10.13',10,30,'2024-09-16 22:59:43','2024-09-16 14:48:11','2024-11-27 15:15:04'),(8,'Table 3 (Gladiator)','Table 3 (Gladiator)',NULL,2,'192.168.10.16',10,30,'2024-09-17 00:25:24','2024-09-16 16:17:41','2024-11-27 14:43:58');
/*!40000 ALTER TABLE `devices` ENABLE KEYS */;
UNLOCK TABLES;

--
-- Table structure for table `devicestatus`
--

DROP TABLE IF EXISTS `devicestatus`;
/*!40101 SET @saved_cs_client     = @@character_set_client */;
/*!40101 SET character_set_client = utf8 */;
CREATE TABLE `devicestatus` (
  `DeviceStatusID` bigint(20) unsigned NOT NULL,
  `Status` varchar(255) NOT NULL,
  PRIMARY KEY (`DeviceStatusID`)
) ENGINE=InnoDB DEFAULT CHARSET=utf8mb4 COLLATE=utf8mb4_unicode_ci;
/*!40101 SET character_set_client = @saved_cs_client */;

--
-- Dumping data for table `devicestatus`
--

LOCK TABLES `devicestatus` WRITE;
/*!40000 ALTER TABLE `devicestatus` DISABLE KEYS */;
INSERT INTO `devicestatus` VALUES (1,'Pending Configuration'),(2,'Running'),(3,'Inactive'),(4,'Disabled'),(5,'Pause'),(6,'Resume'),(7,'Start Free'),(8,'End Free');
/*!40000 ALTER TABLE `devicestatus` ENABLE KEYS */;
UNLOCK TABLES;

--
-- Table structure for table `devicetime`
--

DROP TABLE IF EXISTS `devicetime`;
/*!40101 SET @saved_cs_client     = @@character_set_client */;
/*!40101 SET character_set_client = utf8 */;
CREATE TABLE `devicetime` (
  `DeviceTimeID` bigint(20) unsigned NOT NULL AUTO_INCREMENT,
  `DeviceID` bigint(20) unsigned NOT NULL,
  `Time` bigint(20) unsigned NOT NULL,
  `Rate` decimal(8,2) NOT NULL,
  `TimeTypeID` bigint(20) unsigned NOT NULL,
  `Active` tinyint(1) NOT NULL DEFAULT 0,
  PRIMARY KEY (`DeviceTimeID`)
) ENGINE=InnoDB AUTO_INCREMENT=34 DEFAULT CHARSET=utf8mb4 COLLATE=utf8mb4_unicode_ci;
/*!40101 SET character_set_client = @saved_cs_client */;

--
-- Dumping data for table `devicetime`
--

LOCK TABLES `devicetime` WRITE;
/*!40000 ALTER TABLE `devicetime` DISABLE KEYS */;
INSERT INTO `devicetime` VALUES (1,4,1,2.00,3,0),(2,4,60,120.00,1,0),(3,4,30,60.00,2,1),(4,4,120,240.00,2,1),(5,4,180,360.00,2,1),(6,4,240,480.00,2,1),(7,4,300,600.00,2,1),(8,1,60,120.00,1,0),(9,1,1,2.00,3,0),(10,1,30,60.00,2,1),(11,1,60,120.00,2,1),(12,1,120,240.00,2,1),(13,1,180,360.00,2,1),(14,1,240,480.00,2,1),(15,1,300,600.00,2,1),(16,5,60,120.00,1,0),(17,5,1,2.00,3,0),(18,5,60,120.00,2,1),(19,6,60,120.00,2,1),(20,6,60,120.00,1,0),(21,6,1,2.00,3,0),(22,7,60,120.00,1,0),(23,7,1,2.00,3,0),(24,7,30,60.00,2,1),(25,7,60,120.00,2,1),(26,8,60,120.00,1,0),(27,8,1,2.00,3,0),(28,8,30,60.00,2,1),(29,8,60,120.00,2,1),(31,5,30,60.00,2,1),(32,6,30,60.00,2,1);
/*!40000 ALTER TABLE `devicetime` ENABLE KEYS */;
UNLOCK TABLES;

--
-- Table structure for table `devicetimetransactions`
--

DROP TABLE IF EXISTS `devicetimetransactions`;
/*!40101 SET @saved_cs_client     = @@character_set_client */;
/*!40101 SET character_set_client = utf8 */;
CREATE TABLE `devicetimetransactions` (
  `TransactionID` bigint(20) unsigned NOT NULL AUTO_INCREMENT,
  `DeviceID` bigint(20) unsigned NOT NULL,
  `TransactionType` varchar(11) NOT NULL,
  `IsOpenTime` tinyint(1) DEFAULT 0,
  `StartTime` datetime NOT NULL,
  `EndTime` datetime DEFAULT NULL,
  `StoppageType` enum('AUTO','MANUAL') DEFAULT NULL,
  `Duration` int(11) NOT NULL,
  `Rate` decimal(8,2) NOT NULL,
  `Active` tinyint(1) NOT NULL DEFAULT 0,
  `Reason` varchar(255) DEFAULT NULL,
  `CreatedByUserId` bigint(20) unsigned DEFAULT NULL,
  `created_at` timestamp NULL DEFAULT NULL,
  `updated_at` timestamp NULL DEFAULT NULL,
  PRIMARY KEY (`TransactionID`),
  KEY `devicetimetransactions_deviceid_index` (`DeviceID`)
) ENGINE=InnoDB AUTO_INCREMENT=1902 DEFAULT CHARSET=utf8mb4 COLLATE=utf8mb4_unicode_ci;
/*!40101 SET character_set_client = @saved_cs_client */;

--
-- Dumping data for table `devicetimetransactions`
--

LOCK TABLES `devicetimetransactions` WRITE;
/*!40000 ALTER TABLE `devicetimetransactions` DISABLE KEYS */;
INSERT INTO `devicetimetransactions` VALUES (1,7,'Start',0,'2024-09-18 15:37:11','2024-09-18 15:37:33','MANUAL',600,20.00,0,NULL,1,'2024-09-18 07:37:12','2024-11-27 15:14:58'),(2,7,'Start',0,'2024-09-18 15:39:06','2024-09-18 16:40:03','AUTO',3600,100.00,0,NULL,1,'2024-09-18 07:39:06','2024-11-27 15:14:58'),(3,6,'Start',1,'2024-09-18 15:46:11','2024-09-18 15:46:21','MANUAL',10,2.00,0,NULL,1,'2024-09-18 07:46:12','2024-11-27 13:07:26'),(4,5,'Start',0,'2024-09-18 15:57:36','2024-09-18 15:58:27','MANUAL',3600,120.00,0,NULL,1,'2024-09-18 07:57:36','2024-11-27 15:21:26'),(5,8,'Start',0,'2024-09-18 15:57:48','2024-09-18 15:58:21','MANUAL',3600,120.00,0,NULL,1,'2024-09-18 07:57:48','2024-11-27 14:35:47'),(6,8,'Pause',0,'2024-09-18 15:57:57',NULL,NULL,3591,0.00,0,NULL,1,'2024-09-18 07:57:57','2024-11-27 14:35:47'),(7,8,'Resume',0,'2024-09-18 15:58:12',NULL,NULL,0,0.00,0,NULL,1,'2024-09-18 07:58:12','2024-11-27 14:35:47'),(8,6,'Start',0,'2024-09-18 16:33:51','2024-09-18 16:34:06','MANUAL',3600,120.00,0,NULL,2,'2024-09-18 08:33:51','2024-11-27 13:07:26'),(9,6,'Start',0,'2024-09-18 16:34:15','2024-09-18 16:34:52','MANUAL',3600,120.00,0,NULL,2,'2024-09-18 08:34:16','2024-11-27 13:07:26'),(10,6,'Extend',0,'2024-09-18 16:34:21',NULL,NULL,3600,120.00,0,NULL,2,'2024-09-18 08:34:21','2024-11-27 13:07:26'),(11,5,'Start',1,'2024-09-18 16:36:02','2024-09-18 17:20:17','MANUAL',2615,2.00,0,NULL,2,'2024-09-18 08:36:02','2024-11-27 15:21:26'),(12,6,'Start',1,'2024-09-18 16:36:29','2024-09-18 16:37:02','MANUAL',32,2.00,0,NULL,2,'2024-09-18 08:36:32','2024-11-27 13:07:26'),(13,6,'Start',0,'2024-09-18 16:40:38','2024-09-18 16:41:10','MANUAL',3600,120.00,0,NULL,2,'2024-09-18 08:40:39','2024-11-27 13:07:26'),(14,6,'Extend',0,'2024-09-18 16:40:45',NULL,NULL,3600,120.00,0,NULL,2,'2024-09-18 08:40:45','2024-11-27 13:07:26'),(15,6,'Extend',0,'2024-09-18 16:40:48',NULL,NULL,3600,120.00,0,NULL,2,'2024-09-18 08:40:51','2024-11-27 13:07:26'),(16,6,'Start',0,'2024-09-18 16:45:25','2024-09-18 18:47:18','AUTO',3600,120.00,0,NULL,2,'2024-09-18 08:45:26','2024-11-27 13:07:26'),(17,6,'Extend',0,'2024-09-18 16:45:29',NULL,NULL,3600,120.00,0,NULL,2,'2024-09-18 08:45:30','2024-11-27 13:07:26'),(18,7,'Start',0,'2024-09-18 16:46:38','2024-09-18 18:48:32','AUTO',3600,100.00,0,NULL,2,'2024-09-18 08:46:39','2024-11-27 15:14:58'),(19,7,'Extend',0,'2024-09-18 16:46:44',NULL,NULL,3600,100.00,0,NULL,2,'2024-09-18 08:46:44','2024-11-27 15:14:58'),(20,8,'Start',0,'2024-09-18 17:18:34','2024-09-18 18:19:18','AUTO',3600,120.00,0,NULL,2,'2024-09-18 09:18:34','2024-11-27 14:35:47'),(21,5,'Start',0,'2024-09-18 17:20:26','2024-09-18 18:21:09','MANUAL',3600,120.00,0,NULL,2,'2024-09-18 09:20:26','2024-11-27 15:21:26'),(22,8,'Start',0,'2024-09-18 18:19:47','2024-09-18 19:15:10','MANUAL',3600,120.00,0,NULL,2,'2024-09-18 10:19:47','2024-11-27 14:35:47'),(23,5,'Start',1,'2024-09-18 18:22:29','2024-09-18 21:37:16','MANUAL',11514,2.00,0,NULL,2,'2024-09-18 10:22:29','2024-11-27 15:21:26'),(24,6,'Start',0,'2024-09-18 18:48:33','2024-09-18 19:39:33','MANUAL',3600,120.00,0,NULL,2,'2024-09-18 10:48:33','2024-11-27 13:07:26'),(25,7,'Start',0,'2024-09-18 18:53:57','2024-09-18 19:54:25','MANUAL',3600,100.00,0,NULL,2,'2024-09-18 10:53:57','2024-11-27 15:14:58'),(26,8,'Start',0,'2024-09-18 19:17:23','2024-09-18 20:18:08','AUTO',3600,120.00,0,NULL,2,'2024-09-18 11:17:24','2024-11-27 14:35:47'),(27,6,'Start',0,'2024-09-18 19:40:54','2024-09-18 20:41:51','AUTO',3600,120.00,0,NULL,2,'2024-09-18 11:40:54','2024-11-27 13:07:26'),(28,7,'Start',1,'2024-09-18 20:14:55','2024-09-18 21:40:41','MANUAL',5068,1.67,0,NULL,2,'2024-09-18 12:14:55','2024-11-27 15:14:58'),(29,8,'Start',0,'2024-09-18 20:20:44','2024-09-18 21:21:29','AUTO',3600,120.00,0,NULL,2,'2024-09-18 12:20:44','2024-11-27 14:35:47'),(30,6,'Start',0,'2024-09-18 20:59:14','2024-09-18 22:00:10','AUTO',3600,120.00,0,NULL,2,'2024-09-18 12:59:14','2024-11-27 13:07:26'),(31,8,'Start',0,'2024-09-18 21:23:02','2024-09-18 22:23:47','AUTO',3600,120.00,0,NULL,2,'2024-09-18 13:23:02','2024-11-27 14:35:47'),(32,5,'Start',0,'2024-09-18 21:40:24','2024-09-18 21:45:42','MANUAL',3600,120.00,0,NULL,2,'2024-09-18 13:40:24','2024-11-27 15:21:26'),(33,7,'Start',0,'2024-09-18 21:43:08','2024-09-18 22:44:05','AUTO',3600,100.00,0,NULL,2,'2024-09-18 13:43:09','2024-11-27 15:14:58'),(34,6,'Start',1,'2024-09-18 22:03:37','2024-09-18 22:46:22','MANUAL',2527,2.00,0,NULL,2,'2024-09-18 14:03:37','2024-11-27 13:07:26'),(35,8,'Start',0,'2024-09-18 22:35:34','2024-09-18 23:36:18','AUTO',3600,120.00,0,NULL,2,'2024-09-18 14:35:34','2024-11-27 14:35:47'),(36,5,'Start',0,'2024-09-18 22:36:54','2024-09-18 23:37:49','AUTO',3600,120.00,0,NULL,2,'2024-09-18 14:36:54','2024-11-27 15:21:26'),(37,7,'Start',0,'2024-09-18 22:45:15','2024-09-18 23:46:12','AUTO',3600,100.00,0,NULL,2,'2024-09-18 14:45:15','2024-11-27 15:14:58'),(38,6,'Start',0,'2024-09-18 22:50:29','2024-09-18 23:51:26','AUTO',3600,120.00,0,NULL,2,'2024-09-18 14:50:30','2024-11-27 13:07:26'),(39,5,'Start',1,'2024-09-18 23:38:24','2024-09-19 01:37:46','MANUAL',7054,2.00,0,NULL,2,'2024-09-18 15:38:24','2024-11-27 15:21:26'),(40,8,'Start',0,'2024-09-18 23:38:33','2024-09-19 00:39:20','AUTO',3600,120.00,0,NULL,2,'2024-09-18 15:38:33','2024-11-27 14:35:47'),(41,7,'Start',0,'2024-09-18 23:46:33','2024-09-19 00:47:32','AUTO',3600,100.00,0,NULL,2,'2024-09-18 15:46:34','2024-11-27 15:14:58'),(42,6,'Start',1,'2024-09-18 23:53:44','2024-09-18 23:55:45','MANUAL',119,2.00,0,NULL,2,'2024-09-18 15:53:44','2024-11-27 13:07:26'),(43,6,'Start',0,'2024-09-19 01:32:20','2024-09-19 03:34:13','AUTO',3600,120.00,0,NULL,2,'2024-09-18 17:32:21','2024-11-27 13:07:26'),(44,6,'Extend',0,'2024-09-19 01:32:27',NULL,NULL,3600,120.00,0,NULL,2,'2024-09-18 17:32:27','2024-11-27 13:07:26'),(45,5,'Start',0,'2024-09-19 01:37:57','2024-09-19 15:07:44','MANUAL',3600,120.00,0,NULL,2,'2024-09-18 17:37:57','2024-11-27 15:21:26'),(46,5,'Pause',0,'2024-09-19 01:40:44',NULL,NULL,1735,0.00,0,'Power interrupted',999999,'2024-09-18 18:09:39','2024-11-27 15:21:26'),(47,5,'Pause',0,'2024-09-19 14:22:13',NULL,NULL,1735,0.00,0,'Power interrupted',999999,'2024-09-19 06:51:08','2024-11-27 15:21:26'),(48,6,'Start',0,'2024-09-19 14:52:12','2024-09-19 15:53:08','AUTO',3600,120.00,0,NULL,2,'2024-09-19 06:52:12','2024-11-27 13:07:26'),(49,5,'Start',0,'2024-09-19 15:07:58','2024-09-19 16:08:53','AUTO',3600,120.00,0,NULL,2,'2024-09-19 07:07:58','2024-11-27 15:21:26'),(50,7,'Start',0,'2024-09-19 15:33:34','2024-09-19 16:32:22','MANUAL',3600,100.00,0,NULL,2,'2024-09-19 07:33:34','2024-11-27 15:14:58'),(51,8,'Start',0,'2024-09-19 15:35:19','2024-09-19 16:36:04','AUTO',3600,120.00,0,NULL,2,'2024-09-19 07:35:20','2024-11-27 14:35:47'),(52,6,'Start',1,'2024-09-19 15:55:22','2024-09-19 19:56:02','MANUAL',14043,2.00,0,NULL,2,'2024-09-19 07:55:22','2024-11-27 13:07:26'),(53,5,'Start',0,'2024-09-19 16:10:16','2024-09-19 17:06:13','MANUAL',3600,120.00,0,NULL,2,'2024-09-19 08:10:16','2024-11-27 15:21:26'),(54,7,'Start',1,'2024-09-19 16:32:52','2024-09-19 19:33:03','MANUAL',10466,1.67,0,NULL,2,'2024-09-19 08:32:52','2024-11-27 15:14:58'),(55,8,'Start',0,'2024-09-19 16:37:12','2024-09-19 17:44:56','AUTO',3600,120.00,0,NULL,2,'2024-09-19 08:37:12','2024-11-27 14:35:47'),(56,8,'Pause',0,'2024-09-19 16:27:07',NULL,NULL,2131,0.00,0,'Power interrupted',999999,'2024-09-19 09:02:38','2024-11-27 14:35:47'),(57,6,'Pause',0,'2024-09-19 15:57:08',NULL,NULL,3948,0.00,0,'Power interrupted',999999,'2024-09-19 09:02:56','2024-11-27 13:07:26'),(58,8,'Pause',0,'2024-09-19 16:27:25',NULL,NULL,2131,0.00,0,'Power interrupted',999999,'2024-09-19 09:02:56','2024-11-27 14:35:47'),(59,7,'Pause',0,'2024-09-19 16:34:07',NULL,NULL,1848,0.00,0,'Power interrupted',999999,'2024-09-19 09:04:56','2024-11-27 15:14:58'),(60,7,'Resume',0,'2024-09-19 17:05:10',NULL,NULL,0,0.00,0,NULL,2,'2024-09-19 09:05:11','2024-11-27 15:14:58'),(61,6,'Resume',0,'2024-09-19 17:05:13',NULL,NULL,0,0.00,0,NULL,2,'2024-09-19 09:05:13','2024-11-27 13:07:26'),(62,8,'Resume',0,'2024-09-19 17:05:18',NULL,NULL,0,0.00,0,NULL,2,'2024-09-19 09:05:18','2024-11-27 14:35:47'),(63,5,'Start',0,'2024-09-19 17:06:39','2024-09-19 20:12:14','MANUAL',3600,120.00,0,NULL,2,'2024-09-19 09:06:39','2024-11-27 15:21:26'),(64,7,'Pause',0,'2024-09-19 16:36:27',NULL,NULL,2107,0.00,0,'Power interrupted',999999,'2024-09-19 09:11:34','2024-11-27 15:14:58'),(65,6,'Pause',0,'2024-09-19 15:59:29',NULL,NULL,4331,0.00,0,'Power interrupted',999999,'2024-09-19 09:11:40','2024-11-27 13:07:26'),(66,8,'Pause',0,'2024-09-19 16:39:06',NULL,NULL,1954,0.00,0,'Power interrupted',999999,'2024-09-19 09:11:40','2024-11-27 14:35:47'),(67,5,'Pause',0,'2024-09-19 17:11:49',NULL,NULL,3503,0.00,0,'Power interrupted',999999,'2024-09-19 09:11:49','2024-11-27 15:21:26'),(68,7,'Resume',0,'2024-09-19 17:11:51',NULL,NULL,0,0.00,0,NULL,2,'2024-09-19 09:11:52','2024-11-27 15:14:58'),(69,6,'Resume',0,'2024-09-19 17:11:53',NULL,NULL,0,0.00,0,NULL,2,'2024-09-19 09:11:54','2024-11-27 13:07:26'),(70,8,'Resume',0,'2024-09-19 17:11:58',NULL,NULL,0,0.00,0,NULL,2,'2024-09-19 09:11:58','2024-11-27 14:35:47'),(71,5,'Resume',0,'2024-09-19 17:12:03',NULL,NULL,0,0.00,0,NULL,2,'2024-09-19 09:12:03','2024-11-27 15:21:26'),(72,8,'Start',1,'2024-09-19 17:45:59','2024-09-19 18:50:50','MANUAL',3849,2.00,0,NULL,2,'2024-09-19 09:45:59','2024-11-27 14:35:47'),(73,5,'Extend',0,'2024-09-19 18:06:56',NULL,NULL,3600,120.00,0,NULL,2,'2024-09-19 10:06:57','2024-11-27 15:21:26'),(74,8,'Start',0,'2024-09-19 18:51:03','2024-09-19 19:28:35','MANUAL',3600,120.00,0,NULL,2,'2024-09-19 10:51:04','2024-11-27 14:35:47'),(75,5,'Extend',0,'2024-09-19 19:03:43',NULL,NULL,3600,120.00,0,NULL,2,'2024-09-19 11:03:44','2024-11-27 15:21:26'),(76,8,'Start',0,'2024-09-19 19:30:14','2024-09-19 20:30:59','AUTO',3600,120.00,0,NULL,2,'2024-09-19 11:30:14','2024-11-27 14:35:47'),(77,7,'Start',0,'2024-09-19 19:33:12','2024-09-19 19:33:24','MANUAL',3600,100.00,0,NULL,1,'2024-09-19 11:33:12','2024-11-27 15:14:58'),(78,7,'Start',1,'2024-09-19 19:33:29','2024-09-19 22:22:34','MANUAL',9989,1.67,0,NULL,1,'2024-09-19 11:33:29','2024-11-27 15:14:58'),(79,6,'Start',0,'2024-09-19 20:19:46','2024-09-19 21:20:36','MANUAL',3600,120.00,0,NULL,2,'2024-09-19 12:19:49','2024-11-27 13:07:26'),(80,5,'Start',0,'2024-09-19 20:21:47','2024-09-19 21:21:48','MANUAL',3600,120.00,0,NULL,2,'2024-09-19 12:21:47','2024-11-27 15:21:26'),(81,8,'Start',0,'2024-09-19 20:38:21','2024-09-19 21:39:06','AUTO',3600,120.00,0,NULL,2,'2024-09-19 12:38:22','2024-11-27 14:35:47'),(82,6,'Start',1,'2024-09-19 21:21:00','2024-09-19 22:27:57','MANUAL',3957,2.00,0,NULL,2,'2024-09-19 13:21:00','2024-11-27 13:07:26'),(83,5,'Start',1,'2024-09-19 21:38:21','2024-09-19 22:45:20','MANUAL',3959,2.00,0,NULL,2,'2024-09-19 13:38:21','2024-11-27 15:21:26'),(84,6,'Start',0,'2024-09-19 22:44:20','2024-09-19 23:45:17','AUTO',3600,120.00,0,NULL,2,'2024-09-19 14:44:21','2024-11-27 13:07:26'),(85,7,'Start',0,'2024-09-19 23:36:32','2024-09-20 00:37:30','AUTO',3600,100.00,0,NULL,2,'2024-09-19 15:36:33','2024-11-27 15:14:58'),(86,5,'Start',0,'2024-09-19 23:42:36','2024-09-20 00:43:31','AUTO',3600,120.00,0,NULL,2,'2024-09-19 15:42:37','2024-11-27 15:21:26'),(87,8,'Start',0,'2024-09-19 23:42:45','2024-09-20 00:43:30','AUTO',3600,120.00,0,NULL,2,'2024-09-19 15:42:46','2024-11-27 14:35:47'),(88,6,'Start',0,'2024-09-19 23:45:36','2024-09-19 23:47:01','MANUAL',3600,120.00,0,NULL,2,'2024-09-19 15:45:36','2024-11-27 13:07:26'),(89,6,'Start',1,'2024-09-20 00:33:48','2024-09-20 00:33:52','MANUAL',4,2.00,0,NULL,2,'2024-09-19 16:33:48','2024-11-27 13:07:26'),(90,6,'Start',0,'2024-09-20 00:33:57','2024-09-20 01:34:56','AUTO',3600,120.00,0,NULL,2,'2024-09-19 16:33:59','2024-11-27 13:07:26'),(91,5,'Start',0,'2024-09-20 00:46:59','2024-09-20 01:47:54','AUTO',3600,120.00,0,NULL,2,'2024-09-19 16:46:59','2024-11-27 15:21:26'),(92,5,'Start',0,'2024-09-20 15:27:56','2024-09-20 16:28:51','MANUAL',3600,120.00,0,NULL,2,'2024-09-20 07:27:58','2024-11-27 15:21:26'),(93,6,'Start',0,'2024-09-20 15:28:05','2024-09-20 16:28:41','MANUAL',3600,120.00,0,NULL,2,'2024-09-20 07:28:06','2024-11-27 13:07:26'),(94,8,'Start',1,'2024-09-20 15:52:52','2024-09-20 18:23:00','MANUAL',8900,2.00,0,NULL,2,'2024-09-20 07:52:52','2024-11-27 14:35:47'),(95,7,'Start',1,'2024-09-20 16:03:00','2024-09-20 17:32:18','MANUAL',5275,1.67,0,NULL,2,'2024-09-20 08:03:00','2024-11-27 15:14:58'),(96,5,'Start',0,'2024-09-20 16:29:52','2024-09-20 17:30:47','AUTO',3600,120.00,0,NULL,2,'2024-09-20 08:29:53','2024-11-27 15:21:26'),(97,6,'Start',0,'2024-09-20 17:19:32','2024-09-20 18:20:01','MANUAL',3600,120.00,0,NULL,2,'2024-09-20 09:19:32','2024-11-27 13:07:26'),(98,5,'Start',0,'2024-09-20 17:31:32','2024-09-20 18:32:27','AUTO',3600,120.00,0,NULL,2,'2024-09-20 09:31:32','2024-11-27 15:21:26'),(99,7,'Start',0,'2024-09-20 17:35:20','2024-09-20 18:36:18','AUTO',3600,100.00,0,NULL,2,'2024-09-20 09:35:21','2024-11-27 15:14:58'),(100,6,'Start',0,'2024-09-20 18:21:32','2024-09-20 19:16:18','MANUAL',3600,120.00,0,NULL,2,'2024-09-20 10:21:33','2024-11-27 13:07:26'),(101,8,'Start',0,'2024-09-20 18:23:44','2024-09-20 19:19:04','MANUAL',3600,120.00,0,NULL,2,'2024-09-20 10:23:44','2024-11-27 14:35:47'),(102,5,'Start',0,'2024-09-20 18:32:40','2024-09-20 20:28:55','MANUAL',3600,120.00,0,NULL,2,'2024-09-20 10:32:40','2024-11-27 15:21:26'),(103,7,'Start',0,'2024-09-20 18:38:10','2024-09-20 19:30:25','MANUAL',3600,100.00,0,NULL,2,'2024-09-20 10:38:10','2024-11-27 15:14:58'),(104,6,'Start',1,'2024-09-20 19:17:01','2024-09-20 20:17:05','MANUAL',3550,2.00,0,NULL,2,'2024-09-20 11:17:01','2024-11-27 13:07:26'),(105,8,'Start',1,'2024-09-20 19:21:01','2024-09-20 20:20:07','MANUAL',3504,2.00,0,NULL,2,'2024-09-20 11:21:02','2024-11-27 14:35:47'),(106,5,'Extend',0,'2024-09-20 19:24:49',NULL,NULL,3600,120.00,0,NULL,2,'2024-09-20 11:24:50','2024-11-27 15:21:26'),(107,7,'Start',1,'2024-09-20 19:31:02','2024-09-21 00:16:00','MANUAL',16834,1.67,0,NULL,2,'2024-09-20 11:31:03','2024-11-27 15:14:58'),(108,6,'Start',0,'2024-09-20 20:18:32','2024-09-20 21:11:33','MANUAL',3600,120.00,0,NULL,2,'2024-09-20 12:18:33','2024-11-27 13:07:26'),(109,8,'Start',0,'2024-09-20 20:21:47','2024-09-20 21:14:15','MANUAL',3600,120.00,0,NULL,2,'2024-09-20 12:21:49','2024-11-27 14:35:47'),(110,5,'Start',0,'2024-09-20 20:30:58','2024-09-20 21:35:45','MANUAL',3600,120.00,0,NULL,2,'2024-09-20 12:30:59','2024-11-27 15:21:26'),(111,5,'Pause',0,'2024-09-20 20:33:39',NULL,NULL,3439,0.00,0,NULL,2,'2024-09-20 12:33:40','2024-11-27 15:21:26'),(112,5,'Resume',0,'2024-09-20 20:45:58',NULL,NULL,0,0.00,0,NULL,2,'2024-09-20 12:45:58','2024-11-27 15:21:26'),(113,6,'Start',1,'2024-09-20 21:12:28','2024-09-20 23:01:45','MANUAL',6446,2.00,0,NULL,2,'2024-09-20 13:12:42','2024-11-27 13:07:26'),(114,8,'Start',0,'2024-09-20 21:17:44','2024-09-20 21:58:34','MANUAL',3600,120.00,0,NULL,2,'2024-09-20 13:17:45','2024-11-27 14:35:47'),(115,5,'Start',0,'2024-09-20 21:37:11','2024-09-20 23:27:27','MANUAL',3600,120.00,0,NULL,2,'2024-09-20 13:37:11','2024-11-27 15:21:26'),(116,8,'Start',0,'2024-09-20 22:00:04','2024-09-20 22:54:32','MANUAL',3600,120.00,0,NULL,2,'2024-09-20 14:00:06','2024-11-27 14:35:47'),(117,5,'Extend',0,'2024-09-20 22:22:19',NULL,NULL,3600,120.00,0,NULL,2,'2024-09-20 14:22:20','2024-11-27 15:21:26'),(118,8,'Start',0,'2024-09-20 22:58:43','2024-09-20 23:49:42','MANUAL',3600,120.00,0,NULL,2,'2024-09-20 14:58:44','2024-11-27 14:35:47'),(119,6,'Start',1,'2024-09-20 23:03:27','2024-09-21 03:15:18','MANUAL',14881,2.00,0,NULL,2,'2024-09-20 15:03:29','2024-11-27 13:07:26'),(120,5,'Start',1,'2024-09-20 23:28:14','2024-09-20 23:38:28','MANUAL',606,2.00,0,NULL,2,'2024-09-20 15:28:14','2024-11-27 15:21:26'),(121,5,'Start',0,'2024-09-20 23:40:30','2024-09-21 00:38:17','MANUAL',3600,120.00,0,NULL,2,'2024-09-20 15:40:31','2024-11-27 15:21:26'),(122,8,'Start',0,'2024-09-20 23:54:52','2024-09-21 00:55:39','AUTO',3600,120.00,0,NULL,2,'2024-09-20 15:54:54','2024-11-27 14:35:47'),(123,7,'Start',1,'2024-09-21 00:16:07','2024-09-21 15:37:55','MANUAL',18870,1.67,0,NULL,2,'2024-09-20 16:16:07','2024-11-27 15:14:58'),(124,5,'Start',0,'2024-09-21 00:49:50','2024-09-21 01:50:49','AUTO',3600,120.00,0,NULL,2,'2024-09-20 16:49:52','2024-11-27 15:21:26'),(125,8,'Start',0,'2024-09-21 00:56:12','2024-09-21 01:57:00','AUTO',3600,120.00,0,NULL,2,'2024-09-20 16:56:13','2024-11-27 14:35:47'),(126,5,'Start',0,'2024-09-21 01:51:37','2024-09-21 02:52:31','AUTO',3600,120.00,0,NULL,2,'2024-09-20 17:51:37','2024-11-27 15:21:26'),(127,8,'Start',1,'2024-09-21 02:20:47','2024-09-21 15:37:42','MANUAL',13673,2.00,0,NULL,2,'2024-09-20 18:20:49','2024-11-27 14:35:47'),(128,8,'Pause',0,'2024-09-21 15:37:45',NULL,NULL,13673,0.00,0,'Power interrupted',999999,'2024-09-21 07:37:45','2024-11-27 14:35:47'),(129,7,'Pause',0,'2024-09-21 15:37:53',NULL,NULL,18867,0.00,0,'Power interrupted',999999,'2024-09-21 07:37:53','2024-11-27 15:14:58'),(130,8,'Start',1,'2024-09-21 15:38:34','2024-09-21 16:29:47','MANUAL',3036,2.00,0,NULL,2,'2024-09-21 07:38:35','2024-11-27 14:35:47'),(131,6,'Start',1,'2024-09-21 15:38:40','2024-09-21 16:29:19','MANUAL',2992,2.00,0,NULL,2,'2024-09-21 07:38:40','2024-11-27 13:07:26'),(132,5,'Start',1,'2024-09-21 15:38:49','2024-09-21 16:29:27','MANUAL',2994,2.00,0,NULL,2,'2024-09-21 07:38:49','2024-11-27 15:21:26'),(133,7,'Start',1,'2024-09-21 15:39:04','2024-09-21 15:39:13','MANUAL',9,1.67,0,NULL,2,'2024-09-21 07:39:04','2024-11-27 15:14:58'),(134,7,'Start',1,'2024-09-21 16:13:14','2024-09-21 16:14:02','MANUAL',48,1.67,0,NULL,2,'2024-09-21 08:13:14','2024-11-27 15:14:58'),(135,7,'Start',1,'2024-09-21 16:16:08','2024-09-21 17:32:22','MANUAL',4482,1.67,0,NULL,2,'2024-09-21 08:16:08','2024-11-27 15:14:58'),(136,6,'Start',1,'2024-09-21 16:29:35','2024-09-21 17:07:22','MANUAL',2233,2.00,0,NULL,2,'2024-09-21 08:29:36','2024-11-27 13:07:26'),(137,8,'Start',0,'2024-09-21 16:31:17','2024-09-21 20:35:43','AUTO',3600,120.00,0,NULL,2,'2024-09-21 08:31:18','2024-11-27 14:35:47'),(138,8,'Extend',0,'2024-09-21 16:31:24',NULL,NULL,3600,120.00,0,NULL,2,'2024-09-21 08:31:25','2024-11-27 14:35:47'),(139,5,'Start',1,'2024-09-21 16:37:16','2024-09-21 18:41:08','MANUAL',7302,2.00,0,NULL,2,'2024-09-21 08:37:16','2024-11-27 15:21:26'),(140,6,'Start',0,'2024-09-21 17:08:27','2024-09-21 18:06:25','MANUAL',3600,120.00,0,NULL,2,'2024-09-21 09:08:27','2024-11-27 13:07:26'),(141,7,'Pause',0,'2024-09-21 17:29:02',NULL,NULL,4285,0.00,0,'Power interrupted',999999,'2024-09-21 09:29:02','2024-11-27 15:14:58'),(142,6,'Pause',0,'2024-09-21 17:29:02',NULL,NULL,2405,0.00,0,'Power interrupted',999999,'2024-09-21 09:29:02','2024-11-27 13:07:26'),(143,8,'Pause',0,'2024-09-21 17:29:02',NULL,NULL,3799,0.00,0,'Power interrupted',999999,'2024-09-21 09:29:02','2024-11-27 14:35:47'),(144,5,'Pause',0,'2024-09-21 17:29:02',NULL,NULL,3039,0.00,0,'Power interrupted',999999,'2024-09-21 09:29:02','2024-11-27 15:21:26'),(145,7,'Resume',0,'2024-09-21 17:29:58',NULL,NULL,0,0.00,0,NULL,2,'2024-09-21 09:30:00','2024-11-27 15:14:58'),(146,6,'Resume',0,'2024-09-21 17:30:02',NULL,NULL,0,0.00,0,NULL,2,'2024-09-21 09:30:03','2024-11-27 13:07:26'),(147,8,'Resume',0,'2024-09-21 17:30:09',NULL,NULL,0,0.00,0,NULL,2,'2024-09-21 09:30:10','2024-11-27 14:35:47'),(148,5,'Resume',0,'2024-09-21 17:30:16',NULL,NULL,0,0.00,0,NULL,2,'2024-09-21 09:30:17','2024-11-27 15:21:26'),(149,8,'Extend',0,'2024-09-21 17:30:56',NULL,NULL,3600,120.00,0,NULL,2,'2024-09-21 09:30:57','2024-11-27 14:35:47'),(150,7,'Start',0,'2024-09-21 17:33:02','2024-09-21 18:23:11','MANUAL',3600,100.00,0,NULL,2,'2024-09-21 09:33:02','2024-11-27 15:14:58'),(151,6,'Start',0,'2024-09-21 18:07:28','2024-09-21 18:58:03','MANUAL',3600,120.00,0,NULL,2,'2024-09-21 10:07:29','2024-11-27 13:07:26'),(152,7,'Start',1,'2024-09-21 18:23:46','2024-09-21 19:30:53','MANUAL',3965,1.67,0,NULL,2,'2024-09-21 10:23:46','2024-11-27 15:14:58'),(153,5,'Start',1,'2024-09-21 18:41:45','2024-09-21 19:31:40','MANUAL',2951,2.00,0,NULL,2,'2024-09-21 10:41:45','2024-11-27 15:21:26'),(154,6,'Start',0,'2024-09-21 18:58:58','2024-09-21 19:52:31','MANUAL',3600,120.00,0,NULL,2,'2024-09-21 10:58:58','2024-11-27 13:07:26'),(155,8,'Extend',0,'2024-09-21 19:07:47',NULL,NULL,3600,120.00,0,NULL,2,'2024-09-21 11:07:48','2024-11-27 14:35:47'),(156,7,'Start',1,'2024-09-21 19:31:28','2024-09-21 20:31:20','MANUAL',3538,1.67,0,NULL,2,'2024-09-21 11:31:28','2024-11-27 15:14:58'),(157,5,'Start',0,'2024-09-21 19:31:59','2024-09-21 20:23:33','MANUAL',3600,120.00,0,NULL,2,'2024-09-21 11:32:00','2024-11-27 15:21:26'),(158,6,'Start',0,'2024-09-21 19:59:06','2024-09-21 20:52:00','MANUAL',3600,120.00,0,NULL,2,'2024-09-21 11:59:06','2024-11-27 13:07:26'),(159,5,'Start',1,'2024-09-21 20:24:06','2024-09-21 23:39:04','MANUAL',11525,2.00,0,NULL,2,'2024-09-21 12:24:06','2024-11-27 15:21:26'),(160,7,'Start',1,'2024-09-21 20:32:07','2024-09-21 21:43:52','MANUAL',4237,1.67,0,NULL,2,'2024-09-21 12:32:10','2024-11-27 15:14:58'),(161,8,'Start',0,'2024-09-21 20:42:51','2024-09-21 21:33:22','MANUAL',3600,120.00,0,NULL,2,'2024-09-21 12:42:51','2024-11-27 14:35:47'),(162,6,'Start',0,'2024-09-21 20:55:10','2024-09-21 21:45:30','MANUAL',3600,120.00,0,NULL,2,'2024-09-21 12:55:14','2024-11-27 13:07:26'),(163,8,'Start',1,'2024-09-21 21:34:35','2024-09-21 23:56:52','MANUAL',8434,2.00,0,NULL,2,'2024-09-21 13:34:35','2024-11-27 14:35:47'),(164,7,'Start',1,'2024-09-21 21:46:10','2024-09-21 22:57:15','MANUAL',4200,1.67,0,NULL,2,'2024-09-21 13:46:10','2024-11-27 15:14:58'),(165,6,'Start',0,'2024-09-21 21:47:07','2024-09-21 22:41:30','MANUAL',3600,120.00,0,NULL,2,'2024-09-21 13:47:07','2024-11-27 13:07:26'),(166,6,'Start',1,'2024-09-21 22:45:26','2024-09-21 23:45:30','MANUAL',3549,2.00,0,NULL,2,'2024-09-21 14:45:27','2024-11-27 13:07:26'),(167,7,'Start',0,'2024-09-21 22:59:43','2024-09-21 23:50:06','MANUAL',3600,100.00,0,NULL,2,'2024-09-21 14:59:43','2024-11-27 15:14:58'),(168,5,'Start',0,'2024-09-21 23:41:50','2024-09-22 00:33:14','MANUAL',3600,120.00,0,NULL,2,'2024-09-21 15:41:50','2024-11-27 15:21:26'),(169,6,'Start',0,'2024-09-21 23:46:53','2024-09-22 00:47:50','AUTO',3600,120.00,0,NULL,2,'2024-09-21 15:46:53','2024-11-27 13:07:26'),(170,7,'Start',0,'2024-09-21 23:51:49','2024-09-22 00:52:46','AUTO',3600,100.00,0,NULL,2,'2024-09-21 15:51:49','2024-11-27 15:14:58'),(171,8,'Start',0,'2024-09-21 23:59:59','2024-09-22 00:55:21','MANUAL',3600,120.00,0,NULL,2,'2024-09-21 16:00:07','2024-11-27 14:35:47'),(172,8,'Start Free',0,'2024-09-22 00:55:54','2024-09-22 17:14:29','MANUAL',0,0.00,0,'madam',2,'2024-09-21 16:55:54','2024-11-27 14:35:47'),(173,6,'Start',0,'2024-09-22 01:16:39','2024-09-22 02:17:36','AUTO',3600,120.00,0,NULL,2,'2024-09-21 17:16:40','2024-11-27 13:07:26'),(174,8,'Start',0,'2024-09-22 17:14:46','2024-09-22 18:15:30','AUTO',3600,120.00,0,NULL,2,'2024-09-22 09:14:46','2024-11-27 14:35:47'),(175,6,'Start',1,'2024-09-22 17:26:47','2024-09-22 18:49:42','MANUAL',4900,2.00,0,NULL,2,'2024-09-22 09:26:48','2024-11-27 13:07:26'),(176,7,'Start',0,'2024-09-22 17:44:04','2024-09-22 18:45:01','AUTO',3600,100.00,0,NULL,2,'2024-09-22 09:44:04','2024-11-27 15:14:58'),(177,5,'Start',0,'2024-09-22 17:46:06','2024-09-22 18:47:01','AUTO',3600,120.00,0,NULL,2,'2024-09-22 09:46:07','2024-11-27 15:21:26'),(178,8,'Start',1,'2024-09-22 18:39:39','2024-09-22 20:59:23','MANUAL',8283,2.00,0,NULL,2,'2024-09-22 10:39:39','2024-11-27 14:35:47'),(179,5,'Start',0,'2024-09-22 18:50:09','2024-09-22 19:51:11','AUTO',3600,120.00,0,NULL,2,'2024-09-22 10:50:17','2024-11-27 15:21:26'),(180,7,'Start',0,'2024-09-22 18:50:51','2024-09-22 19:51:49','AUTO',3600,100.00,0,NULL,2,'2024-09-22 10:50:54','2024-11-27 15:14:58'),(181,6,'Start',0,'2024-09-22 18:55:34','2024-09-22 19:56:30','AUTO',3600,120.00,0,NULL,2,'2024-09-22 10:55:34','2024-11-27 13:07:26'),(182,5,'Start',0,'2024-09-22 19:52:34','2024-09-22 21:54:24','AUTO',3600,120.00,0,NULL,2,'2024-09-22 11:52:34','2024-11-27 15:21:26'),(183,7,'Start',0,'2024-09-22 19:52:39','2024-09-22 20:53:36','AUTO',3600,100.00,0,NULL,2,'2024-09-22 11:52:39','2024-11-27 15:14:58'),(184,6,'Start',0,'2024-09-22 19:57:03','2024-09-22 20:57:59','AUTO',3600,120.00,0,NULL,2,'2024-09-22 11:57:03','2024-11-27 13:07:26'),(185,5,'Extend',0,'2024-09-22 20:27:22',NULL,NULL,3600,120.00,0,NULL,2,'2024-09-22 12:27:22','2024-11-27 15:21:26'),(186,6,'Start',1,'2024-09-22 20:59:28','2024-09-22 23:48:34','MANUAL',9994,2.00,0,NULL,2,'2024-09-22 12:59:28','2024-11-27 13:07:26'),(187,7,'Start',1,'2024-09-22 21:01:48','2024-09-23 00:37:11','MANUAL',12723,1.67,0,NULL,2,'2024-09-22 13:01:48','2024-11-27 15:14:58'),(188,8,'Start',1,'2024-09-22 21:35:56','2024-09-22 22:43:40','MANUAL',4015,2.00,0,NULL,2,'2024-09-22 13:35:56','2024-11-27 14:35:47'),(189,8,'Start',0,'2024-09-22 22:56:29','2024-09-22 23:57:14','AUTO',3600,120.00,0,NULL,2,'2024-09-22 14:56:30','2024-11-27 14:35:47'),(190,5,'Start',0,'2024-09-22 23:24:57','2024-09-23 00:20:59','MANUAL',3600,120.00,0,NULL,2,'2024-09-22 15:24:57','2024-11-27 15:21:26'),(191,6,'Start',1,'2024-09-22 23:49:33','2024-09-23 00:36:49','MANUAL',2794,2.00,0,NULL,2,'2024-09-22 15:49:33','2024-11-27 13:07:26'),(192,8,'Start',0,'2024-09-23 00:06:36','2024-09-23 01:07:28','AUTO',3600,120.00,0,NULL,2,'2024-09-22 16:06:43','2024-11-27 14:35:47'),(193,5,'Start',0,'2024-09-23 00:21:44','2024-09-23 01:22:39','AUTO',3600,120.00,0,NULL,2,'2024-09-22 16:21:45','2024-11-27 15:21:26'),(194,6,'Start',0,'2024-09-23 00:36:55','2024-09-23 01:37:54','AUTO',3600,120.00,0,NULL,2,'2024-09-22 16:36:58','2024-11-27 13:07:26'),(195,7,'Start',0,'2024-09-23 00:37:18','2024-09-23 00:59:41','MANUAL',3600,100.00,0,NULL,2,'2024-09-22 16:37:19','2024-11-27 15:14:58'),(196,8,'Start',0,'2024-09-23 01:08:43','2024-09-23 03:10:12','AUTO',3600,120.00,0,NULL,2,'2024-09-22 17:08:43','2024-11-27 14:35:47'),(197,8,'Extend',0,'2024-09-23 01:08:48',NULL,NULL,3600,120.00,0,NULL,2,'2024-09-22 17:08:49','2024-11-27 14:35:47'),(198,6,'Start',0,'2024-09-23 18:03:57','2024-09-23 19:04:53','AUTO',3600,120.00,0,NULL,2,'2024-09-23 10:03:57','2024-11-27 13:07:26'),(199,8,'Start',0,'2024-09-23 18:04:02','2024-09-23 20:04:24','MANUAL',3600,120.00,0,NULL,2,'2024-09-23 10:04:03','2024-11-27 14:35:47'),(200,7,'Start',0,'2024-09-23 18:54:52','2024-09-23 19:55:07','MANUAL',3600,100.00,0,NULL,2,'2024-09-23 10:54:53','2024-11-27 15:14:58'),(201,8,'Extend',0,'2024-09-23 19:03:45',NULL,NULL,3600,120.00,0,NULL,2,'2024-09-23 11:03:45','2024-11-27 14:35:47'),(202,5,'Start',0,'2024-09-23 19:20:08','2024-09-23 20:20:13','MANUAL',3600,120.00,0,NULL,2,'2024-09-23 11:20:08','2024-11-27 15:21:26'),(203,7,'Start',0,'2024-09-23 20:06:30','2024-09-23 21:06:35','MANUAL',3600,100.00,0,NULL,2,'2024-09-23 12:06:33','2024-11-27 15:14:58'),(204,6,'Start',0,'2024-09-23 20:07:35','2024-09-23 21:07:04','MANUAL',3600,120.00,0,NULL,2,'2024-09-23 12:07:36','2024-11-27 13:07:26'),(205,8,'Start',1,'2024-09-23 20:52:11','2024-09-23 22:13:21','MANUAL',4813,2.00,0,NULL,2,'2024-09-23 12:52:11','2024-11-27 14:35:47'),(206,5,'Start Free',0,'2024-09-23 21:12:16','2024-09-24 01:21:22','MANUAL',0,0.00,0,'ysa',2,'2024-09-23 13:12:16','2024-11-27 15:21:26'),(207,6,'Start',1,'2024-09-23 21:13:30','2024-09-23 21:51:57','MANUAL',2272,2.00,0,NULL,2,'2024-09-23 13:13:31','2024-11-27 13:07:26'),(208,7,'Start',0,'2024-09-23 21:15:02','2024-09-23 22:15:12','MANUAL',3600,100.00,0,NULL,2,'2024-09-23 13:15:02','2024-11-27 15:14:58'),(209,6,'Start',1,'2024-09-23 21:52:17','2024-09-24 01:12:26','MANUAL',11826,2.00,0,NULL,2,'2024-09-23 13:52:18','2024-11-27 13:07:26'),(210,8,'Start',0,'2024-09-23 22:13:49','2024-09-23 22:13:53','MANUAL',3600,120.00,0,NULL,2,'2024-09-23 14:13:49','2024-11-27 14:35:47'),(211,8,'Start',1,'2024-09-23 22:13:58','2024-09-24 01:27:01','MANUAL',11439,2.00,0,NULL,2,'2024-09-23 14:14:01','2024-11-27 14:35:47'),(212,7,'Start',0,'2024-09-23 22:17:14','2024-09-24 00:16:05','MANUAL',3600,100.00,0,NULL,2,'2024-09-23 14:17:14','2024-11-27 15:14:58'),(213,7,'Start',0,'2024-09-24 00:16:11','2024-09-24 00:50:32','MANUAL',3600,100.00,0,NULL,2,'2024-09-23 16:16:11','2024-11-27 15:14:58'),(214,7,'Start',1,'2024-09-24 00:54:04','2024-09-24 00:54:08','MANUAL',4,1.67,0,NULL,2,'2024-09-23 16:54:04','2024-11-27 15:14:58'),(215,7,'Start',0,'2024-09-24 00:54:11','2024-09-24 01:55:09','AUTO',3600,100.00,0,NULL,2,'2024-09-23 16:54:12','2024-11-27 15:14:58'),(216,8,'Start',0,'2024-09-24 01:27:30','2024-09-24 01:27:42','MANUAL',3600,120.00,0,NULL,2,'2024-09-23 17:27:30','2024-11-27 14:35:47'),(217,8,'Start Free',0,'2024-09-24 01:29:14','2024-09-24 02:01:56','MANUAL',0,0.00,0,'chino',2,'2024-09-23 17:29:14','2024-11-27 14:35:47'),(218,8,'Start',0,'2024-09-24 02:02:10','2024-09-24 15:13:20','MANUAL',3600,120.00,0,NULL,2,'2024-09-23 18:02:10','2024-11-27 14:35:47'),(219,8,'Extend',0,'2024-09-24 02:14:55',NULL,NULL,3600,120.00,0,NULL,2,'2024-09-23 18:14:56','2024-11-27 14:35:47'),(220,7,'Start',0,'2024-09-24 14:54:13','2024-09-24 14:54:20','MANUAL',3600,100.00,0,NULL,2,'2024-09-24 06:54:14','2024-11-27 15:14:58'),(221,5,'Start',0,'2024-09-24 14:59:26','2024-09-24 15:55:28','MANUAL',3600,120.00,0,NULL,2,'2024-09-24 06:59:27','2024-11-27 15:21:26'),(222,5,'Start',0,'2024-09-24 14:59:37',NULL,NULL,3600,120.00,0,NULL,2,'2024-09-24 06:59:37','2024-11-27 15:21:26'),(223,6,'Start',1,'2024-09-24 15:01:11','2024-09-24 16:54:55','MANUAL',6721,2.00,0,NULL,2,'2024-09-24 07:01:12','2024-11-27 13:07:26'),(224,7,'Start',0,'2024-09-24 15:10:30','2024-09-24 16:11:27','AUTO',3600,100.00,0,NULL,2,'2024-09-24 07:10:30','2024-11-27 15:14:58'),(225,8,'Pause',0,'2024-09-24 15:12:59',NULL,NULL,2074,0.00,0,'Power interrupted',999999,'2024-09-24 07:12:59','2024-11-27 14:35:47'),(226,7,'Start',0,'2024-09-24 16:20:00','2024-09-24 17:20:58','AUTO',3600,100.00,0,NULL,2,'2024-09-24 08:20:01','2024-11-27 15:14:58'),(227,8,'Start',0,'2024-09-24 16:28:33','2024-09-24 17:29:17','AUTO',3600,120.00,0,NULL,2,'2024-09-24 08:28:33','2024-11-27 14:35:47'),(228,5,'Start',0,'2024-09-24 16:36:31','2024-09-24 18:38:20','AUTO',3600,120.00,0,NULL,2,'2024-09-24 08:36:32','2024-11-27 15:21:26'),(229,5,'Extend',0,'2024-09-24 16:36:44',NULL,NULL,3600,120.00,0,NULL,2,'2024-09-24 08:36:45','2024-11-27 15:21:26'),(230,6,'Start',1,'2024-09-24 16:56:37','2024-09-24 18:41:36','MANUAL',6204,2.00,0,NULL,2,'2024-09-24 08:56:37','2024-11-27 13:07:26'),(231,7,'Start',1,'2024-09-24 17:39:07','2024-09-24 23:37:01','MANUAL',21141,1.67,0,NULL,2,'2024-09-24 09:39:08','2024-11-27 15:14:58'),(232,5,'Start',0,'2024-09-24 18:53:23','2024-09-24 21:14:03','MANUAL',3600,120.00,0,NULL,2,'2024-09-24 10:53:23','2024-11-27 15:21:26'),(233,5,'Pause',0,'2024-09-24 19:03:50',NULL,NULL,2973,0.00,0,NULL,2,'2024-09-24 11:03:51','2024-11-27 15:21:26'),(234,6,'Start',0,'2024-09-24 19:10:44','2024-09-24 20:11:01','MANUAL',3600,120.00,0,NULL,2,'2024-09-24 11:10:45','2024-11-27 13:07:26'),(235,8,'Start',0,'2024-09-24 20:23:50','2024-09-24 21:16:37','MANUAL',3600,120.00,0,NULL,2,'2024-09-24 12:23:51','2024-11-27 14:35:47'),(236,5,'Resume',0,'2024-09-24 20:24:00',NULL,NULL,0,0.00,0,NULL,2,'2024-09-24 12:24:00','2024-11-27 15:21:26'),(237,6,'Start',1,'2024-09-24 20:25:01','2024-09-25 01:27:18','MANUAL',17863,2.00,0,NULL,2,'2024-09-24 12:25:01','2024-11-27 13:07:26'),(238,8,'Start',1,'2024-09-24 21:17:06','2024-09-24 22:35:46','MANUAL',4663,2.00,0,NULL,2,'2024-09-24 13:17:06','2024-11-27 14:35:47'),(239,5,'Start',1,'2024-09-24 21:17:36','2024-09-24 21:17:49','MANUAL',13,2.00,0,NULL,2,'2024-09-24 13:17:36','2024-11-27 15:21:26'),(240,5,'Start',0,'2024-09-24 21:17:58','2024-09-24 22:17:39','MANUAL',3600,120.00,0,NULL,2,'2024-09-24 13:17:58','2024-11-27 15:21:26'),(241,5,'Start',0,'2024-09-24 22:19:11','2024-09-24 23:17:21','MANUAL',3600,120.00,0,NULL,2,'2024-09-24 14:19:12','2024-11-27 15:21:26'),(242,8,'Start',0,'2024-09-24 22:42:48','2024-09-24 23:43:34','AUTO',3600,120.00,0,NULL,2,'2024-09-24 14:42:48','2024-11-27 14:35:47'),(243,5,'Start',0,'2024-09-24 23:23:32','2024-09-25 00:24:27','AUTO',3600,120.00,0,NULL,2,'2024-09-24 15:23:32','2024-11-27 15:21:26'),(244,7,'Start',0,'2024-09-24 23:40:58','2024-09-25 01:28:03','MANUAL',3600,100.00,0,NULL,2,'2024-09-24 15:40:58','2024-11-27 15:14:58'),(245,7,'Extend',0,'2024-09-24 23:42:19',NULL,NULL,3600,100.00,0,NULL,2,'2024-09-24 15:42:19','2024-11-27 15:14:58'),(246,8,'Start',0,'2024-09-24 23:46:22','2024-09-25 00:47:06','AUTO',3600,120.00,0,NULL,2,'2024-09-24 15:46:22','2024-11-27 14:35:47'),(247,5,'Start',0,'2024-09-25 00:24:38','2024-09-25 01:25:33','AUTO',3600,120.00,0,NULL,2,'2024-09-24 16:24:38','2024-11-27 15:21:26'),(248,8,'Start Free',0,'2024-09-25 01:08:47','2024-09-25 14:40:49','MANUAL',0,0.00,0,',',2,'2024-09-24 17:08:47','2024-11-27 14:35:47'),(249,8,'Start',0,'2024-09-25 15:25:59','2024-09-25 16:23:39','MANUAL',3600,120.00,0,NULL,2,'2024-09-25 07:25:59','2024-11-27 14:35:47'),(250,6,'Start',0,'2024-09-25 15:27:14','2024-09-25 16:23:59','MANUAL',3600,120.00,0,NULL,2,'2024-09-25 07:27:14','2024-11-27 13:07:26'),(251,7,'Start',0,'2024-09-25 15:39:37','2024-09-25 16:40:35','AUTO',3600,100.00,0,NULL,2,'2024-09-25 07:39:37','2024-11-27 15:14:58'),(252,5,'Start',1,'2024-09-25 15:51:14','2024-09-25 17:44:50','MANUAL',6715,2.00,0,NULL,2,'2024-09-25 07:51:14','2024-11-27 15:21:26'),(253,8,'Start',0,'2024-09-25 16:24:15','2024-09-25 18:25:22','MANUAL',3600,120.00,0,NULL,2,'2024-09-25 08:24:16','2024-11-27 14:35:47'),(254,6,'Start',0,'2024-09-25 16:24:42','2024-09-25 17:25:38','AUTO',3600,120.00,0,NULL,2,'2024-09-25 08:24:42','2024-11-27 13:07:26'),(255,7,'Start',0,'2024-09-25 17:07:31','2024-09-25 19:04:43','MANUAL',3600,100.00,0,NULL,2,'2024-09-25 09:07:31','2024-11-27 15:14:58'),(256,8,'Extend',0,'2024-09-25 17:19:30',NULL,NULL,3600,120.00,0,NULL,2,'2024-09-25 09:19:31','2024-11-27 14:35:47'),(257,6,'Start',0,'2024-09-25 17:46:31','2024-09-25 20:49:18','AUTO',3600,120.00,0,NULL,2,'2024-09-25 09:46:31','2024-11-27 13:07:26'),(258,7,'Extend',0,'2024-09-25 18:00:19',NULL,NULL,3600,100.00,0,NULL,2,'2024-09-25 10:00:20','2024-11-27 15:14:58'),(259,5,'Start',1,'2024-09-25 18:16:56','2024-09-25 23:31:10','MANUAL',18576,2.00,0,NULL,2,'2024-09-25 10:16:56','2024-11-27 15:21:26'),(260,8,'Start',0,'2024-09-25 18:34:19','2024-09-25 19:28:48','MANUAL',3600,120.00,0,NULL,2,'2024-09-25 10:34:19','2024-11-27 14:35:47'),(261,6,'Extend',0,'2024-09-25 18:42:02',NULL,NULL,3600,120.00,0,NULL,2,'2024-09-25 10:42:04','2024-11-27 13:07:26'),(262,7,'Start',1,'2024-09-25 19:06:27','2024-09-25 20:06:39','MANUAL',3557,1.67,0,NULL,2,'2024-09-25 11:06:27','2024-11-27 15:14:58'),(263,6,'Extend',0,'2024-09-25 19:39:01',NULL,NULL,3600,120.00,0,NULL,2,'2024-09-25 11:39:01','2024-11-27 13:07:26'),(264,8,'Start',0,'2024-09-25 19:44:16','2024-09-25 20:45:01','AUTO',3600,120.00,0,NULL,2,'2024-09-25 11:44:16','2024-11-27 14:35:47'),(265,7,'Start',0,'2024-09-25 20:07:35','2024-09-25 21:08:32','AUTO',3600,100.00,0,NULL,2,'2024-09-25 12:07:37','2024-11-27 15:14:58'),(266,6,'Start',0,'2024-09-25 20:50:03','2024-09-25 21:51:00','AUTO',3600,120.00,0,NULL,2,'2024-09-25 12:50:04','2024-11-27 13:07:26'),(267,8,'Start',0,'2024-09-25 20:56:50','2024-09-25 21:57:34','AUTO',3600,120.00,0,NULL,2,'2024-09-25 12:56:50','2024-11-27 14:35:47'),(268,7,'Start',0,'2024-09-25 21:16:13','2024-09-25 22:17:10','AUTO',3600,100.00,0,NULL,2,'2024-09-25 13:16:13','2024-11-27 15:14:58'),(269,6,'Start',0,'2024-09-25 21:53:52','2024-09-25 22:54:48','AUTO',3600,120.00,0,NULL,2,'2024-09-25 13:53:52','2024-11-27 13:07:26'),(270,7,'Start',0,'2024-09-25 22:18:33','2024-09-25 23:13:02','MANUAL',3600,100.00,0,NULL,2,'2024-09-25 14:18:34','2024-11-27 15:14:58'),(271,6,'Start',0,'2024-09-25 23:11:39','2024-09-26 00:12:35','AUTO',3600,120.00,0,NULL,2,'2024-09-25 15:11:39','2024-11-27 13:07:26'),(272,8,'Start',0,'2024-09-25 23:15:42','2024-09-26 00:16:30','AUTO',3600,120.00,0,NULL,2,'2024-09-25 15:15:42','2024-11-27 14:35:47'),(273,5,'Start',0,'2024-09-26 00:12:25','2024-09-26 01:13:20','AUTO',3600,120.00,0,NULL,2,'2024-09-25 16:12:26','2024-11-27 15:21:26'),(274,5,'Start Free',0,'2024-09-26 01:14:38','2024-09-26 15:17:16','MANUAL',0,0.00,0,'c',2,'2024-09-25 17:14:38','2024-11-27 15:21:26'),(275,7,'Start',0,'2024-09-26 15:16:53','2024-09-26 16:17:58','AUTO',3600,100.00,0,NULL,2,'2024-09-26 07:17:01','2024-11-27 15:14:58'),(276,6,'Start',1,'2024-09-26 15:17:07','2024-09-26 17:01:39','MANUAL',6178,2.00,0,NULL,2,'2024-09-26 07:17:08','2024-11-27 13:07:26'),(277,5,'Start',0,'2024-09-26 15:17:27','2024-09-26 16:18:22','AUTO',3600,120.00,0,NULL,2,'2024-09-26 07:17:27','2024-11-27 15:21:26'),(278,7,'Start',0,'2024-09-26 16:35:29','2024-09-26 17:36:26','AUTO',3600,100.00,0,NULL,2,'2024-09-26 08:35:29','2024-11-27 15:14:58'),(279,6,'Start',0,'2024-09-26 17:01:51','2024-09-26 18:27:38','MANUAL',3600,120.00,0,NULL,2,'2024-09-26 09:01:52','2024-11-27 13:07:26'),(280,5,'Start',1,'2024-09-26 17:25:04','2024-09-26 17:26:18','MANUAL',73,2.00,0,NULL,2,'2024-09-26 09:25:07','2024-11-27 15:21:26'),(281,8,'Start',1,'2024-09-26 17:26:23','2024-09-26 19:32:42','MANUAL',7488,2.00,0,NULL,2,'2024-09-26 09:26:24','2024-11-27 14:35:47'),(282,6,'Extend',0,'2024-09-26 17:47:14',NULL,NULL,3600,120.00,0,NULL,2,'2024-09-26 09:47:15','2024-11-27 13:07:26'),(283,7,'Start',0,'2024-09-26 18:29:29','2024-09-26 19:30:27','AUTO',3600,100.00,0,NULL,2,'2024-09-26 10:29:30','2024-11-27 15:14:58'),(284,6,'Start',0,'2024-09-26 19:04:06','2024-09-26 20:05:02','AUTO',3600,120.00,0,NULL,2,'2024-09-26 11:04:06','2024-11-27 13:07:26'),(285,8,'Start',0,'2024-09-26 19:44:07','2024-09-26 20:46:56','MANUAL',3600,120.00,0,NULL,2,'2024-09-26 11:44:07','2024-11-27 14:35:47'),(286,7,'Start',0,'2024-09-26 19:53:13','2024-09-26 20:54:11','AUTO',3600,100.00,0,NULL,2,'2024-09-26 11:53:14','2024-11-27 15:14:58'),(287,6,'Start',0,'2024-09-26 20:17:35','2024-09-26 21:18:30','AUTO',3600,120.00,0,NULL,2,'2024-09-26 12:17:35','2024-11-27 13:07:26'),(288,8,'Start',0,'2024-09-26 21:22:25','2024-09-26 22:23:10','AUTO',3600,120.00,0,NULL,2,'2024-09-26 13:22:25','2024-11-27 14:35:47'),(289,7,'Start',1,'2024-09-26 22:21:59','2024-09-27 00:22:28','MANUAL',7118,1.67,0,NULL,2,'2024-09-26 14:21:59','2024-11-27 15:14:58'),(290,8,'Start',0,'2024-09-26 22:38:04','2024-09-26 23:38:49','AUTO',3600,120.00,0,NULL,2,'2024-09-26 14:38:05','2024-11-27 14:35:47'),(291,6,'Start',0,'2024-09-26 22:42:34','2024-09-26 23:41:07','MANUAL',3600,120.00,0,NULL,2,'2024-09-26 14:42:34','2024-11-27 13:07:26'),(292,6,'Start',1,'2024-09-26 23:41:20','2024-09-27 00:47:28','MANUAL',3908,2.00,0,NULL,2,'2024-09-26 15:41:20','2024-11-27 13:07:26'),(293,8,'Start',0,'2024-09-26 23:45:51','2024-09-27 00:46:37','AUTO',3600,120.00,0,NULL,2,'2024-09-26 15:45:51','2024-11-27 14:35:47'),(294,8,'Start Free',0,'2024-09-27 00:47:38','2024-09-27 15:01:51','MANUAL',0,0.00,0,'g',2,'2024-09-26 16:47:38','2024-11-27 14:35:47'),(295,8,'Start',1,'2024-09-27 15:01:56','2024-09-27 15:50:45','MANUAL',2894,2.00,0,NULL,2,'2024-09-27 07:01:56','2024-11-27 14:35:47'),(296,7,'Start',0,'2024-09-27 15:05:03','2024-09-27 16:02:57','MANUAL',3600,100.00,0,NULL,2,'2024-09-27 07:05:03','2024-11-27 15:14:58'),(297,6,'Start',1,'2024-09-27 15:05:16','2024-09-27 17:02:14','MANUAL',6912,2.00,0,NULL,2,'2024-09-27 07:05:16','2024-11-27 13:07:26'),(298,8,'Start',0,'2024-09-27 15:58:47','2024-09-27 16:59:32','AUTO',3600,120.00,0,NULL,2,'2024-09-27 07:58:47','2024-11-27 14:35:47'),(299,7,'Start',0,'2024-09-27 16:04:59','2024-09-27 17:06:04','AUTO',3600,100.00,0,NULL,2,'2024-09-27 08:05:06','2024-11-27 15:14:58'),(300,5,'Start',0,'2024-09-27 17:53:03','2024-09-27 18:53:58','AUTO',3600,120.00,0,NULL,2,'2024-09-27 09:53:04','2024-11-27 15:21:26'),(301,6,'Start',0,'2024-09-27 17:54:00','2024-09-27 18:54:56','AUTO',3600,120.00,0,NULL,2,'2024-09-27 09:54:00','2024-11-27 13:07:26'),(302,8,'Start',0,'2024-09-27 18:02:36','2024-09-27 19:03:21','AUTO',3600,120.00,0,NULL,2,'2024-09-27 10:02:37','2024-11-27 14:35:47'),(303,7,'Start',0,'2024-09-27 18:14:14','2024-09-27 19:15:11','AUTO',3600,100.00,0,NULL,2,'2024-09-27 10:14:14','2024-11-27 15:14:58'),(304,6,'Start',0,'2024-09-27 19:02:48','2024-09-27 20:03:44','AUTO',3600,120.00,0,NULL,2,'2024-09-27 11:02:49','2024-11-27 13:07:26'),(305,7,'Start',0,'2024-09-27 19:18:02','2024-09-27 20:18:39','MANUAL',3600,100.00,0,NULL,2,'2024-09-27 11:18:02','2024-11-27 15:14:58'),(306,8,'Start',1,'2024-09-27 19:20:55','2024-09-27 23:58:12','MANUAL',16436,2.00,0,NULL,2,'2024-09-27 11:20:55','2024-11-27 14:35:47'),(307,5,'Start',0,'2024-09-27 19:24:17','2024-09-27 20:25:12','AUTO',3600,120.00,0,NULL,2,'2024-09-27 11:24:17','2024-11-27 15:21:26'),(308,6,'Start',0,'2024-09-27 20:10:02','2024-09-27 21:05:44','MANUAL',3600,120.00,0,NULL,2,'2024-09-27 12:10:02','2024-11-27 13:07:26'),(309,7,'Start',0,'2024-09-27 20:19:37','2024-09-27 21:19:44','MANUAL',3600,100.00,0,NULL,2,'2024-09-27 12:19:37','2024-11-27 15:14:58'),(310,5,'Start',1,'2024-09-27 20:31:42','2024-09-27 22:27:58','MANUAL',6873,2.00,0,NULL,2,'2024-09-27 12:31:42','2024-11-27 15:21:26'),(311,6,'Start',1,'2024-09-27 21:07:57','2024-09-28 01:33:55','MANUAL',15717,2.00,0,NULL,2,'2024-09-27 13:07:58','2024-11-27 13:07:26'),(312,7,'Start',1,'2024-09-27 21:22:22','2024-09-27 23:33:32','MANUAL',7748,1.67,0,NULL,2,'2024-09-27 13:22:25','2024-11-27 15:14:58'),(313,5,'Start',0,'2024-09-27 22:30:38','2024-09-27 23:26:00','MANUAL',3600,120.00,0,NULL,2,'2024-09-27 14:30:38','2024-11-27 15:21:26'),(314,5,'Start',1,'2024-09-27 23:27:05','2024-09-28 00:35:42','MANUAL',4057,2.00,0,NULL,2,'2024-09-27 15:27:05','2024-11-27 15:21:26'),(315,7,'Start',1,'2024-09-27 23:33:51','2024-09-28 00:33:30','MANUAL',3524,1.67,0,NULL,2,'2024-09-27 15:33:51','2024-11-27 15:14:58'),(316,8,'Start',1,'2024-09-28 00:00:55','2024-09-28 01:05:15','MANUAL',3814,2.00,0,NULL,2,'2024-09-27 16:00:55','2024-11-27 14:35:47'),(317,7,'Start',0,'2024-09-28 00:36:26','2024-09-28 01:37:28','AUTO',3600,100.00,0,NULL,2,'2024-09-27 16:36:31','2024-11-27 15:14:58'),(318,5,'Start',1,'2024-09-28 00:37:19','2024-09-28 00:39:28','MANUAL',128,2.00,0,NULL,2,'2024-09-27 16:37:19','2024-11-27 15:21:26'),(319,5,'Start',0,'2024-09-28 00:39:36','2024-09-28 01:29:30','MANUAL',3600,120.00,0,NULL,2,'2024-09-27 16:39:36','2024-11-27 15:21:26'),(320,8,'Start',0,'2024-09-28 01:06:24','2024-09-28 02:07:09','AUTO',3600,120.00,0,NULL,2,'2024-09-27 17:06:25','2024-11-27 14:35:47'),(321,5,'Start',0,'2024-09-28 01:33:06','2024-09-28 14:40:55','MANUAL',3600,120.00,0,NULL,2,'2024-09-27 17:33:06','2024-11-27 15:21:26'),(322,6,'Start',0,'2024-09-28 01:34:17','2024-09-28 02:10:27','MANUAL',3600,120.00,0,NULL,2,'2024-09-27 17:34:18','2024-11-27 13:07:26'),(323,7,'Start Free',0,'2024-09-28 01:49:07','2024-09-28 14:39:57','MANUAL',0,0.00,0,'Waiter Lloyd and Melchor.',2,'2024-09-27 17:49:07','2024-11-27 15:14:58'),(324,8,'Start',0,'2024-09-28 15:07:58','2024-09-28 16:08:38','MANUAL',3600,120.00,0,NULL,2,'2024-09-28 07:07:59','2024-11-27 14:35:47'),(325,5,'Start',0,'2024-09-28 15:11:05','2024-09-28 16:11:15','MANUAL',3600,120.00,0,NULL,2,'2024-09-28 07:11:05','2024-11-27 15:21:26'),(326,7,'Start Free',0,'2024-09-28 16:01:13','2024-09-28 20:53:14','MANUAL',0,0.00,0,'sir garry naga ayos nang bago',2,'2024-09-28 08:01:14','2024-11-27 15:14:58'),(327,8,'Start',0,'2024-09-28 16:10:09','2024-09-28 17:10:55','AUTO',3600,120.00,0,NULL,2,'2024-09-28 08:10:09','2024-11-27 14:35:47'),(328,6,'Start',0,'2024-09-28 17:07:05','2024-09-28 18:08:01','AUTO',3600,120.00,0,NULL,2,'2024-09-28 09:07:05','2024-11-27 13:07:26'),(329,5,'Start',0,'2024-09-28 17:07:39','2024-09-28 18:08:34','AUTO',3600,120.00,0,NULL,2,'2024-09-28 09:07:39','2024-11-27 15:21:26'),(330,8,'Start Free',0,'2024-09-28 17:33:46','2024-09-28 17:35:49','MANUAL',0,0.00,0,'nag ayos billiards table',2,'2024-09-28 09:33:46','2024-11-27 14:35:47'),(331,8,'Start',0,'2024-09-28 17:35:55','2024-09-28 18:36:40','AUTO',3600,120.00,0,NULL,2,'2024-09-28 09:35:55','2024-11-27 14:35:47'),(332,8,'Start',1,'2024-09-28 19:43:58','2024-09-29 00:59:32','MANUAL',18704,2.00,0,NULL,2,'2024-09-28 11:43:59','2024-11-27 14:35:47'),(333,5,'Start',0,'2024-09-28 20:24:15','2024-09-28 20:26:16','MANUAL',3600,120.00,0,NULL,2,'2024-09-28 12:24:16','2024-11-27 15:21:26'),(334,6,'Start',0,'2024-09-28 20:26:02','2024-09-28 21:26:58','AUTO',3600,120.00,0,NULL,2,'2024-09-28 12:26:02','2024-11-27 13:07:26'),(335,5,'Start Free',0,'2024-09-28 20:29:48','2024-09-28 22:13:10','MANUAL',0,0.00,0,'nagaayos kang table',2,'2024-09-28 12:29:48','2024-11-27 15:21:26'),(336,7,'Start',0,'2024-09-28 20:59:27','2024-09-28 21:47:03','MANUAL',3600,100.00,0,NULL,2,'2024-09-28 12:59:27','2024-11-27 15:14:58'),(337,6,'Start',0,'2024-09-28 21:28:57','2024-09-28 23:24:25','MANUAL',3600,120.00,0,NULL,2,'2024-09-28 13:28:57','2024-11-27 13:07:26'),(338,7,'Start',1,'2024-09-28 21:47:09','2024-09-29 02:44:36','MANUAL',17556,1.67,0,NULL,2,'2024-09-28 13:47:09','2024-11-27 15:14:58'),(339,6,'Extend',0,'2024-09-28 21:55:26',NULL,NULL,3600,120.00,0,NULL,2,'2024-09-28 13:55:26','2024-11-27 13:07:26'),(340,5,'Start',0,'2024-09-28 22:15:13','2024-09-28 23:06:27','MANUAL',3600,120.00,0,NULL,2,'2024-09-28 14:15:13','2024-11-27 15:21:26'),(341,5,'Start',1,'2024-09-28 23:06:36','2024-09-29 01:43:19','MANUAL',9265,2.00,0,NULL,2,'2024-09-28 15:06:36','2024-11-27 15:21:26'),(342,6,'Start',0,'2024-09-28 23:25:32','2024-09-29 00:26:29','AUTO',3600,120.00,0,NULL,2,'2024-09-28 15:25:33','2024-11-27 13:07:26'),(343,6,'Start',0,'2024-09-29 00:28:15','2024-09-29 01:29:12','AUTO',3600,120.00,0,NULL,2,'2024-09-28 16:28:16','2024-11-27 13:07:26'),(344,6,'Start',0,'2024-09-29 01:57:06','2024-09-29 02:58:03','AUTO',3600,120.00,0,NULL,2,'2024-09-28 17:57:07','2024-11-27 13:07:26'),(345,8,'Start Free',0,'2024-09-29 02:20:21',NULL,NULL,0,0.00,0,'Kuya Mino and Joshua wants to play.',2,'2024-09-28 18:20:24','2024-11-27 14:35:47'),(346,8,'Start Free',0,'2024-09-29 02:20:24','2024-09-29 17:18:13','MANUAL',0,0.00,0,'Kuya Mino and Joshua wants to play.',2,'2024-09-28 18:20:24','2024-11-27 14:35:47'),(347,7,'Pause',0,'2024-09-29 02:41:21',NULL,NULL,17364,0.00,0,'Power interrupted',999999,'2024-09-28 18:41:21','2024-11-27 15:14:58'),(348,7,'Start Free',0,'2024-09-29 02:44:52','2024-09-29 17:18:08','MANUAL',0,0.00,0,'janice',2,'2024-09-28 18:44:53','2024-11-27 15:14:58'),(349,5,'Start',0,'2024-09-29 17:27:57','2024-09-29 18:28:52','AUTO',3600,120.00,0,NULL,2,'2024-09-29 09:27:58','2024-11-27 15:21:26'),(350,8,'Start',1,'2024-09-29 18:02:21','2024-09-29 21:21:35','MANUAL',11810,2.00,0,NULL,2,'2024-09-29 10:02:21','2024-11-27 14:35:47'),(351,6,'Start',0,'2024-09-29 18:05:31','2024-09-29 19:06:27','AUTO',3600,120.00,0,NULL,2,'2024-09-29 10:05:31','2024-11-27 13:07:26'),(352,7,'Start',0,'2024-09-29 20:03:49','2024-09-29 20:05:05','MANUAL',3600,100.00,0,NULL,2,'2024-09-29 12:03:49','2024-11-27 15:14:58'),(353,6,'Start',0,'2024-09-29 20:03:58','2024-09-29 22:05:43','MANUAL',3600,120.00,0,NULL,2,'2024-09-29 12:03:58','2024-11-27 13:07:26'),(354,5,'Start',0,'2024-09-29 20:05:32','2024-09-29 21:05:43','MANUAL',3600,120.00,0,NULL,2,'2024-09-29 12:05:33','2024-11-27 15:21:26'),(355,6,'Extend',0,'2024-09-29 20:56:22',NULL,NULL,3600,120.00,0,NULL,2,'2024-09-29 12:56:23','2024-11-27 13:07:26'),(356,8,'Start',1,'2024-09-29 21:32:16','2024-09-29 22:35:11','MANUAL',3730,2.00,0,NULL,2,'2024-09-29 13:32:16','2024-11-27 14:35:47'),(357,5,'Start',0,'2024-09-29 21:34:42','2024-09-29 23:36:31','AUTO',3600,120.00,0,NULL,2,'2024-09-29 13:34:42','2024-11-27 15:21:26'),(358,5,'Extend',0,'2024-09-29 21:34:51',NULL,NULL,3600,120.00,0,NULL,2,'2024-09-29 13:34:51','2024-11-27 15:21:26'),(359,7,'Start',0,'2024-09-29 21:40:41','2024-09-29 22:36:09','MANUAL',3600,100.00,0,NULL,2,'2024-09-29 13:40:41','2024-11-27 15:14:58'),(360,6,'Start',0,'2024-09-29 22:07:03','2024-09-30 01:09:50','AUTO',3600,120.00,0,NULL,2,'2024-09-29 14:07:03','2024-11-27 13:07:26'),(361,7,'Start',0,'2024-09-29 22:36:18','2024-09-29 23:36:06','MANUAL',3600,100.00,0,NULL,2,'2024-09-29 14:36:18','2024-11-27 15:14:58'),(362,8,'Start',0,'2024-09-29 22:37:11','2024-09-29 23:37:56','AUTO',3600,120.00,0,NULL,2,'2024-09-29 14:37:11','2024-11-27 14:35:47'),(363,6,'Extend',0,'2024-09-29 22:58:50',NULL,NULL,3600,120.00,0,NULL,2,'2024-09-29 14:58:50','2024-11-27 13:07:26'),(364,6,'Extend',0,'2024-09-30 00:00:04',NULL,NULL,3600,120.00,0,NULL,2,'2024-09-29 16:00:05','2024-11-27 13:07:26'),(365,7,'Start Free',0,'2024-09-30 01:04:38',NULL,NULL,0,0.00,0,'waiter',2,'2024-09-29 17:04:40','2024-11-27 15:14:58'),(366,7,'Start Free',0,'2024-09-30 01:04:41','2024-09-30 15:20:44','MANUAL',0,0.00,0,'waiter',2,'2024-09-29 17:04:41','2024-11-27 15:14:58'),(367,6,'Start',0,'2024-09-30 01:11:07','2024-09-30 15:20:51','MANUAL',3600,120.00,0,NULL,2,'2024-09-29 17:11:07','2024-11-27 13:07:26'),(368,6,'Pause',0,'2024-09-30 15:21:02',NULL,NULL,1750,0.00,0,'Power interrupted',999999,'2024-09-30 07:21:02','2024-11-27 13:07:26'),(369,6,'Start',0,'2024-09-30 16:04:11','2024-09-30 17:05:06','AUTO',3600,120.00,0,NULL,2,'2024-09-30 08:04:11','2024-11-27 13:07:26'),(370,7,'Start',0,'2024-09-30 16:12:29','2024-09-30 17:13:27','AUTO',3600,100.00,0,NULL,2,'2024-09-30 08:12:30','2024-11-27 15:14:58'),(371,8,'Start',1,'2024-09-30 16:37:44','2024-09-30 17:36:21','MANUAL',3475,2.00,0,NULL,2,'2024-09-30 08:37:44','2024-11-27 14:35:47'),(372,5,'Start',1,'2024-09-30 16:37:51','2024-09-30 17:36:30','MANUAL',3467,2.00,0,NULL,2,'2024-09-30 08:37:52','2024-11-27 15:21:26'),(373,6,'Start',0,'2024-09-30 17:06:53','2024-09-30 18:07:48','AUTO',3600,120.00,0,NULL,2,'2024-09-30 09:06:53','2024-11-27 13:07:26'),(374,7,'Start',0,'2024-09-30 17:23:35','2024-09-30 18:24:33','AUTO',3600,100.00,0,NULL,2,'2024-09-30 09:23:36','2024-11-27 15:14:58'),(375,6,'Start',0,'2024-09-30 18:09:24','2024-09-30 19:04:06','MANUAL',3600,120.00,0,NULL,2,'2024-09-30 10:09:24','2024-11-27 13:07:26'),(376,7,'Start',0,'2024-09-30 18:27:09','2024-09-30 19:28:06','AUTO',3600,100.00,0,NULL,2,'2024-09-30 10:27:09','2024-11-27 15:14:58'),(377,8,'Start',0,'2024-09-30 18:38:29','2024-09-30 19:39:15','AUTO',3600,120.00,0,NULL,2,'2024-09-30 10:38:31','2024-11-27 14:35:47'),(378,5,'Start',0,'2024-09-30 18:40:15','2024-09-30 20:42:04','AUTO',3600,120.00,0,NULL,2,'2024-09-30 10:40:15','2024-11-27 15:21:26'),(379,5,'Extend',0,'2024-09-30 18:45:46',NULL,NULL,3600,120.00,0,NULL,2,'2024-09-30 10:45:46','2024-11-27 15:21:26'),(380,6,'Start',0,'2024-09-30 19:04:45','2024-09-30 20:05:41','AUTO',3600,120.00,0,NULL,2,'2024-09-30 11:04:45','2024-11-27 13:07:26'),(381,7,'Start',0,'2024-09-30 19:29:24','2024-09-30 20:30:22','AUTO',3600,100.00,0,NULL,2,'2024-09-30 11:29:24','2024-11-27 15:14:58'),(382,8,'Start',0,'2024-09-30 20:00:49','2024-09-30 21:01:34','AUTO',3600,120.00,0,NULL,2,'2024-09-30 12:00:49','2024-11-27 14:35:47'),(383,6,'Start',0,'2024-09-30 20:06:10','2024-09-30 21:07:06','AUTO',3600,120.00,0,NULL,2,'2024-09-30 12:06:10','2024-11-27 13:07:26'),(384,7,'Start',1,'2024-09-30 20:33:55','2024-09-30 22:27:56','MANUAL',6734,1.67,0,NULL,2,'2024-09-30 12:33:55','2024-11-27 15:14:58'),(385,5,'Start',1,'2024-09-30 20:42:37','2024-10-01 00:07:55','MANUAL',12137,2.00,0,NULL,2,'2024-09-30 12:42:37','2024-11-27 15:21:26'),(386,8,'Start',1,'2024-09-30 21:07:11','2024-09-30 22:09:13','MANUAL',3677,2.00,0,NULL,2,'2024-09-30 13:07:12','2024-11-27 14:35:47'),(387,6,'Start',0,'2024-09-30 21:36:41','2024-09-30 22:36:35','MANUAL',3600,120.00,0,NULL,2,'2024-09-30 13:36:41','2024-11-27 13:07:26'),(388,8,'Start',0,'2024-09-30 22:34:46','2024-09-30 23:35:34','AUTO',3600,120.00,0,NULL,2,'2024-09-30 14:34:47','2024-11-27 14:35:47'),(389,6,'Start',0,'2024-09-30 22:40:42','2024-09-30 23:41:38','AUTO',3600,120.00,0,NULL,2,'2024-09-30 14:40:42','2024-11-27 13:07:26'),(390,7,'Start',0,'2024-09-30 23:19:39','2024-10-01 00:20:37','AUTO',3600,100.00,0,NULL,2,'2024-09-30 15:19:40','2024-11-27 15:14:58'),(391,8,'Start',0,'2024-09-30 23:36:05','2024-10-01 00:36:50','AUTO',3600,120.00,0,NULL,2,'2024-09-30 15:36:05','2024-11-27 14:35:47'),(392,6,'Start',0,'2024-09-30 23:43:22','2024-10-01 00:44:18','AUTO',3600,120.00,0,NULL,2,'2024-09-30 15:43:23','2024-11-27 13:07:26'),(393,5,'Start',1,'2024-10-01 00:11:04','2024-10-01 01:42:32','MANUAL',5407,2.00,0,NULL,2,'2024-09-30 16:11:04','2024-11-27 15:21:26'),(394,8,'Start',1,'2024-10-01 01:18:38','2024-10-01 01:18:42','MANUAL',5,2.00,0,NULL,2,'2024-09-30 17:18:38','2024-11-27 14:35:47'),(395,8,'Start Free',0,'2024-10-01 01:19:16','2024-10-01 15:18:16','MANUAL',0,0.00,0,'Kapuntukan Employees.',2,'2024-09-30 17:19:16','2024-11-27 14:35:47'),(396,7,'Start',0,'2024-10-01 15:26:37','2024-10-01 16:50:01','AUTO',3600,100.00,0,NULL,2,'2024-10-01 07:26:38','2024-11-27 15:14:58'),(397,6,'Start',0,'2024-10-01 15:30:14','2024-10-01 16:57:56','AUTO',3600,120.00,0,NULL,2,'2024-10-01 07:30:14','2024-11-27 13:07:26'),(398,7,'Pause',0,'2024-10-01 16:11:02',NULL,NULL,935,0.00,0,NULL,2,'2024-10-01 08:11:02','2024-11-27 15:14:58'),(399,7,'Resume',0,'2024-10-01 16:11:04',NULL,NULL,0,0.00,0,NULL,2,'2024-10-01 08:11:04','2024-11-27 15:14:58'),(400,6,'Pause',0,'2024-10-01 16:12:06',NULL,NULL,1323,0.00,0,'Power interrupted',999999,'2024-10-01 08:12:07','2024-11-27 13:07:26'),(401,6,'Resume',0,'2024-10-01 16:14:43',NULL,NULL,0,0.00,0,NULL,2,'2024-10-01 08:14:43','2024-11-27 13:07:26'),(402,6,'Pause',0,'2024-10-01 16:14:45',NULL,NULL,929,0.00,0,NULL,2,'2024-10-01 08:14:46','2024-11-27 13:07:26'),(403,6,'Resume',0,'2024-10-01 16:14:51',NULL,NULL,0,0.00,0,NULL,2,'2024-10-01 08:14:51','2024-11-27 13:07:26'),(404,7,'Pause',0,'2024-10-01 16:15:31',NULL,NULL,992,0.00,0,'Power interrupted',999999,'2024-10-01 08:15:31','2024-11-27 15:14:58'),(405,7,'Resume',0,'2024-10-01 16:15:44',NULL,NULL,0,0.00,0,NULL,2,'2024-10-01 08:15:45','2024-11-27 15:14:58'),(406,7,'Pause',0,'2024-10-01 16:23:12',NULL,NULL,826,0.00,0,'Power interrupted',999999,'2024-10-01 08:23:12','2024-11-27 15:14:58'),(407,7,'Resume',0,'2024-10-01 16:23:16',NULL,NULL,0,0.00,0,NULL,2,'2024-10-01 08:23:16','2024-11-27 15:14:58'),(408,6,'Pause',0,'2024-10-01 16:25:38',NULL,NULL,1101,0.00,0,'Power interrupted',999999,'2024-10-01 08:25:38','2024-11-27 13:07:26'),(409,6,'Resume',0,'2024-10-01 16:26:32',NULL,NULL,0,0.00,0,NULL,2,'2024-10-01 08:26:35','2024-11-27 13:07:26'),(410,6,'Pause',0,'2024-10-01 16:36:39',NULL,NULL,527,0.00,0,'Power interrupted',999999,'2024-10-01 08:36:39','2024-11-27 13:07:26'),(411,7,'Pause',0,'2024-10-01 16:36:39',NULL,NULL,57,0.00,0,'Power interrupted',999999,'2024-10-01 08:36:39','2024-11-27 15:14:58'),(412,6,'Pause',0,'2024-10-01 16:48:58',NULL,NULL,527,0.00,0,'Power interrupted',999999,'2024-10-01 08:48:58','2024-11-27 13:07:26'),(413,6,'Resume',0,'2024-10-01 16:49:00',NULL,NULL,0,0.00,0,NULL,2,'2024-10-01 08:49:01','2024-11-27 13:07:26'),(414,7,'Resume',0,'2024-10-01 16:49:03',NULL,NULL,0,0.00,0,NULL,2,'2024-10-01 08:49:03','2024-11-27 15:14:58'),(415,5,'Start',0,'2024-10-01 17:11:59','2024-10-01 18:12:54','AUTO',3600,120.00,0,NULL,2,'2024-10-01 09:11:59','2024-11-27 15:21:26'),(416,8,'Start',1,'2024-10-01 17:23:56','2024-10-01 21:39:10','MANUAL',15128,2.00,0,NULL,2,'2024-10-01 09:23:56','2024-11-27 14:35:47'),(417,6,'Start',1,'2024-10-01 17:24:56','2024-10-01 19:31:48','MANUAL',7499,2.00,0,NULL,2,'2024-10-01 09:24:56','2024-11-27 13:07:26'),(418,7,'Start',0,'2024-10-01 17:29:12','2024-10-01 18:30:10','AUTO',3600,100.00,0,NULL,2,'2024-10-01 09:29:12','2024-11-27 15:14:58'),(419,5,'Start',0,'2024-10-01 18:57:11','2024-10-01 19:58:07','AUTO',3600,120.00,0,NULL,2,'2024-10-01 10:57:12','2024-11-27 15:21:26'),(420,7,'Start',0,'2024-10-01 19:20:16','2024-10-01 20:21:13','AUTO',3600,100.00,0,NULL,2,'2024-10-01 11:20:16','2024-11-27 15:14:58'),(421,6,'Start',1,'2024-10-01 19:32:58','2024-10-01 19:52:03','MANUAL',1128,2.00,0,NULL,2,'2024-10-01 11:32:59','2024-11-27 13:07:26'),(422,6,'Start',0,'2024-10-01 19:53:16','2024-10-01 20:55:42','MANUAL',3600,120.00,0,NULL,2,'2024-10-01 11:53:16','2024-11-27 13:07:26'),(423,6,'Pause',0,'2024-10-01 19:55:31',NULL,NULL,3465,0.00,0,NULL,2,'2024-10-01 11:55:32','2024-11-27 13:07:26'),(424,6,'Resume',0,'2024-10-01 19:57:05',NULL,NULL,0,0.00,0,NULL,2,'2024-10-01 11:57:06','2024-11-27 13:07:26'),(425,5,'Start',1,'2024-10-01 20:18:36','2024-10-01 21:58:40','MANUAL',5917,2.00,0,NULL,2,'2024-10-01 12:18:36','2024-11-27 15:21:26'),(426,7,'Start',0,'2024-10-01 20:29:01','2024-10-01 21:29:59','AUTO',3600,100.00,0,NULL,2,'2024-10-01 12:29:02','2024-11-27 15:14:58'),(427,6,'Start',1,'2024-10-01 20:55:49','2024-10-01 21:57:05','MANUAL',3621,2.00,0,NULL,2,'2024-10-01 12:55:49','2024-11-27 13:07:26'),(428,7,'Start',0,'2024-10-01 21:30:22','2024-10-01 22:03:07','MANUAL',3600,100.00,0,NULL,2,'2024-10-01 13:30:22','2024-11-27 15:14:58'),(429,8,'Start',1,'2024-10-01 21:51:13','2024-10-01 23:29:28','MANUAL',5823,2.00,0,NULL,2,'2024-10-01 13:51:14','2024-11-27 14:35:47'),(430,6,'Start',0,'2024-10-01 22:05:34','2024-10-01 23:06:30','AUTO',3600,120.00,0,NULL,2,'2024-10-01 14:05:34','2024-11-27 13:07:26'),(431,7,'Start',0,'2024-10-01 22:48:13','2024-10-01 23:49:12','AUTO',3600,100.00,0,NULL,2,'2024-10-01 14:48:14','2024-11-27 15:14:58'),(432,5,'Start',0,'2024-10-01 23:04:34','2024-10-02 00:05:29','AUTO',3600,120.00,0,NULL,2,'2024-10-01 15:04:34','2024-11-27 15:21:26'),(433,7,'Start',0,'2024-10-01 23:51:07','2024-10-01 23:51:49','MANUAL',3600,100.00,0,NULL,2,'2024-10-01 15:51:08','2024-11-27 15:14:58'),(434,6,'Start',0,'2024-10-01 23:51:53','2024-10-02 00:58:59','MANUAL',3600,120.00,0,NULL,2,'2024-10-01 15:51:53','2024-11-27 13:07:26'),(435,7,'Start',0,'2024-10-01 23:55:44','2024-10-02 00:56:42','AUTO',3600,100.00,0,NULL,2,'2024-10-01 15:55:44','2024-11-27 15:14:58'),(436,8,'Start',0,'2024-10-01 23:58:40','2024-10-02 00:59:25','AUTO',3600,120.00,0,NULL,2,'2024-10-01 15:58:40','2024-11-27 14:35:47'),(437,5,'Start',1,'2024-10-02 00:11:19','2024-10-02 00:11:32','MANUAL',13,2.00,0,NULL,2,'2024-10-01 16:11:20','2024-11-27 15:21:26'),(438,5,'Start',0,'2024-10-02 00:11:42','2024-10-02 01:29:21','MANUAL',3600,120.00,0,NULL,2,'2024-10-01 16:11:42','2024-11-27 15:21:26'),(439,6,'Extend',0,'2024-10-02 00:51:10',NULL,NULL,3600,120.00,0,NULL,2,'2024-10-01 16:51:11','2024-11-27 13:07:26'),(440,5,'Extend',0,'2024-10-02 00:54:25',NULL,NULL,3600,120.00,0,NULL,2,'2024-10-01 16:54:25','2024-11-27 15:21:26'),(441,6,'Start',0,'2024-10-02 01:00:12','2024-10-02 02:01:08','AUTO',3600,120.00,0,NULL,2,'2024-10-01 17:00:13','2024-11-27 13:07:26'),(442,8,'Start Free',0,'2024-10-02 01:09:32','2024-10-02 01:27:25','MANUAL',0,0.00,0,'b',2,'2024-10-01 17:09:32','2024-11-27 14:35:47'),(443,8,'Start',0,'2024-10-02 01:28:52','2024-10-02 02:29:37','AUTO',3600,120.00,0,NULL,2,'2024-10-01 17:28:52','2024-11-27 14:35:47'),(444,7,'Start',0,'2024-10-02 15:06:51','2024-10-02 16:07:49','AUTO',3600,100.00,0,NULL,2,'2024-10-02 07:06:51','2024-11-27 15:14:58'),(445,8,'Start',0,'2024-10-02 16:02:14','2024-10-02 17:12:41','AUTO',3600,120.00,0,NULL,2,'2024-10-02 08:02:14','2024-11-27 14:35:47'),(446,6,'Start',0,'2024-10-02 16:03:01','2024-10-02 16:53:50','MANUAL',3600,120.00,0,NULL,2,'2024-10-02 08:03:02','2024-11-27 13:07:26'),(447,7,'Start',0,'2024-10-02 16:35:33','2024-10-02 17:46:00','AUTO',3600,100.00,0,NULL,2,'2024-10-02 08:35:33','2024-11-27 15:14:58'),(448,5,'Start',0,'2024-10-02 16:39:03','2024-10-02 17:50:04','AUTO',3600,120.00,0,NULL,2,'2024-10-02 08:39:03','2024-11-27 15:21:26'),(449,6,'Start',0,'2024-10-02 16:54:15','2024-10-02 17:56:17','AUTO',3600,120.00,0,NULL,2,'2024-10-02 08:54:15','2024-11-27 13:07:26'),(450,7,'Pause',0,'2024-10-02 16:58:41',NULL,NULL,2212,0.00,0,NULL,2,'2024-10-02 08:58:42','2024-11-27 15:14:58'),(451,7,'Resume',0,'2024-10-02 16:58:45',NULL,NULL,0,0.00,0,NULL,2,'2024-10-02 08:58:45','2024-11-27 15:14:58'),(452,7,'Pause',0,'2024-10-02 16:58:46',NULL,NULL,2207,0.00,0,NULL,2,'2024-10-02 08:58:47','2024-11-27 15:14:58'),(453,7,'Pause',0,'2024-10-02 16:58:51',NULL,NULL,2202,0.00,0,NULL,2,'2024-10-02 08:58:51','2024-11-27 15:14:58'),(454,7,'Resume',0,'2024-10-02 16:58:54',NULL,NULL,0,0.00,0,NULL,2,'2024-10-02 08:58:54','2024-11-27 15:14:58'),(455,6,'Pause',0,'2024-10-02 16:58:57',NULL,NULL,3318,0.00,0,NULL,2,'2024-10-02 08:58:58','2024-11-27 13:07:26'),(456,6,'Resume',0,'2024-10-02 16:59:02',NULL,NULL,0,0.00,0,NULL,2,'2024-10-02 08:59:02','2024-11-27 13:07:26'),(457,8,'Pause',0,'2024-10-02 16:59:08',NULL,NULL,186,0.00,0,NULL,2,'2024-10-02 08:59:08','2024-11-27 14:35:47'),(458,8,'Resume',0,'2024-10-02 16:59:10',NULL,NULL,0,0.00,0,NULL,2,'2024-10-02 08:59:10','2024-11-27 14:35:47'),(459,5,'Pause',0,'2024-10-02 16:59:16',NULL,NULL,2387,0.00,0,NULL,2,'2024-10-02 08:59:16','2024-11-27 15:21:26'),(460,5,'Resume',0,'2024-10-02 16:59:23',NULL,NULL,0,0.00,0,NULL,2,'2024-10-02 08:59:23','2024-11-27 15:21:26'),(461,7,'Pause',0,'2024-10-02 17:06:59',NULL,NULL,2260,0.00,0,'Power interrupted',999999,'2024-10-02 09:06:59','2024-11-27 15:14:58'),(462,8,'Pause',0,'2024-10-02 17:06:59',NULL,NULL,299,0.00,0,'Power interrupted',999999,'2024-10-02 09:06:59','2024-11-27 14:35:47'),(463,6,'Pause',0,'2024-10-02 17:07:02',NULL,NULL,2872,0.00,0,'Power interrupted',999999,'2024-10-02 09:07:02','2024-11-27 13:07:26'),(464,5,'Pause',0,'2024-10-02 17:07:02',NULL,NULL,2496,0.00,0,'Power interrupted',999999,'2024-10-02 09:07:02','2024-11-27 15:21:26'),(465,8,'Resume',0,'2024-10-02 17:07:38',NULL,NULL,0,0.00,0,NULL,2,'2024-10-02 09:07:38','2024-11-27 14:35:47'),(466,6,'Resume',0,'2024-10-02 17:07:41',NULL,NULL,0,0.00,0,NULL,2,'2024-10-02 09:07:41','2024-11-27 13:07:26'),(467,7,'Resume',0,'2024-10-02 17:07:44',NULL,NULL,0,0.00,0,NULL,2,'2024-10-02 09:07:44','2024-11-27 15:14:58'),(468,5,'Resume',0,'2024-10-02 17:07:50',NULL,NULL,0,0.00,0,NULL,2,'2024-10-02 09:07:50','2024-11-27 15:21:26'),(469,8,'Start',0,'2024-10-02 17:16:13','2024-10-02 18:16:58','AUTO',3600,120.00,0,NULL,2,'2024-10-02 09:16:13','2024-11-27 14:35:47'),(470,7,'Start',0,'2024-10-02 17:48:56','2024-10-02 19:50:51','AUTO',3600,100.00,0,NULL,2,'2024-10-02 09:48:56','2024-11-27 15:14:58'),(471,5,'Start',0,'2024-10-02 17:54:12','2024-10-02 18:48:25','MANUAL',3600,120.00,0,NULL,2,'2024-10-02 09:54:12','2024-11-27 15:21:26'),(472,6,'Start',0,'2024-10-02 17:59:33','2024-10-02 18:58:46','MANUAL',3600,120.00,0,NULL,2,'2024-10-02 09:59:33','2024-11-27 13:07:26'),(473,8,'Start',0,'2024-10-02 18:18:55','2024-10-02 21:17:14','MANUAL',3600,120.00,0,NULL,2,'2024-10-02 10:18:55','2024-11-27 14:35:47'),(474,7,'Extend',0,'2024-10-02 18:46:18',NULL,NULL,3600,100.00,0,NULL,2,'2024-10-02 10:46:20','2024-11-27 15:14:58'),(475,5,'Start',0,'2024-10-02 18:48:47','2024-10-02 19:49:41','AUTO',3600,120.00,0,NULL,2,'2024-10-02 10:48:47','2024-11-27 15:21:26'),(476,6,'Start',0,'2024-10-02 18:59:09','2024-10-02 20:51:03','MANUAL',3600,120.00,0,NULL,2,'2024-10-02 10:59:09','2024-11-27 13:07:26'),(477,8,'Extend',0,'2024-10-02 19:12:00',NULL,NULL,3600,120.00,0,NULL,2,'2024-10-02 11:12:01','2024-11-27 14:35:47'),(478,7,'Start',0,'2024-10-02 19:52:27','2024-10-02 20:49:07','MANUAL',3600,100.00,0,NULL,2,'2024-10-02 11:52:27','2024-11-27 15:14:58'),(479,6,'Extend',0,'2024-10-02 19:53:25',NULL,NULL,3600,120.00,0,NULL,2,'2024-10-02 11:53:33','2024-11-27 13:07:26'),(480,5,'Start',0,'2024-10-02 19:54:29','2024-10-02 20:49:44','MANUAL',3600,120.00,0,NULL,2,'2024-10-02 11:54:29','2024-11-27 15:21:26'),(481,8,'Extend',0,'2024-10-02 20:16:39',NULL,NULL,3600,120.00,0,NULL,2,'2024-10-02 12:16:41','2024-11-27 14:35:47'),(482,5,'Start',1,'2024-10-02 20:49:59','2024-10-02 23:02:03','MANUAL',7801,2.00,0,NULL,2,'2024-10-02 12:50:07','2024-11-27 15:21:26'),(483,7,'Start',0,'2024-10-02 20:50:24','2024-10-02 21:51:21','AUTO',3600,100.00,0,NULL,2,'2024-10-02 12:50:24','2024-11-27 15:14:58'),(484,6,'Start',1,'2024-10-02 20:51:09','2024-10-03 00:43:56','MANUAL',13756,2.00,0,NULL,2,'2024-10-02 12:51:14','2024-11-27 13:07:26'),(485,8,'Start',0,'2024-10-02 21:17:41','2024-10-02 23:19:12','AUTO',3600,120.00,0,NULL,2,'2024-10-02 13:17:42','2024-11-27 14:35:47'),(486,8,'Extend',0,'2024-10-02 21:17:46',NULL,NULL,3600,120.00,0,NULL,2,'2024-10-02 13:17:48','2024-11-27 14:35:47'),(487,7,'Start',0,'2024-10-02 21:55:22','2024-10-02 22:52:05','MANUAL',3600,100.00,0,NULL,2,'2024-10-02 13:55:22','2024-11-27 15:14:58'),(488,7,'Start',0,'2024-10-02 22:53:52','2024-10-02 23:54:50','AUTO',3600,100.00,0,NULL,2,'2024-10-02 14:53:53','2024-11-27 15:14:58'),(489,5,'Start',1,'2024-10-02 23:05:42','2024-10-03 00:06:38','MANUAL',3603,2.00,0,NULL,2,'2024-10-02 15:05:43','2024-11-27 15:21:26'),(490,8,'Start',0,'2024-10-02 23:30:28','2024-10-03 01:31:58','AUTO',3600,120.00,0,NULL,2,'2024-10-02 15:30:29','2024-11-27 14:35:47'),(491,8,'Extend',0,'2024-10-02 23:30:34',NULL,NULL,3600,120.00,0,NULL,2,'2024-10-02 15:30:35','2024-11-27 14:35:47'),(492,7,'Start',0,'2024-10-03 00:01:32','2024-10-03 00:58:30','MANUAL',3600,100.00,0,NULL,2,'2024-10-02 16:01:32','2024-11-27 15:14:58'),(493,7,'Start Free',0,'2024-10-03 01:28:42','2024-10-03 15:13:02','MANUAL',0,0.00,0,'Employees',2,'2024-10-02 17:28:42','2024-11-27 15:14:58'),(494,8,'Start',1,'2024-10-03 15:08:32','2024-10-03 17:43:59','MANUAL',9214,2.00,0,NULL,2,'2024-10-03 07:08:32','2024-11-27 14:35:47'),(495,5,'Start',0,'2024-10-03 15:52:21','2024-10-03 16:53:18','AUTO',3600,120.00,0,NULL,2,'2024-10-03 07:52:23','2024-11-27 15:21:26'),(496,7,'Start',0,'2024-10-03 15:54:24','2024-10-03 16:55:22','AUTO',3600,100.00,0,NULL,2,'2024-10-03 07:54:25','2024-11-27 15:14:58'),(497,7,'Start',1,'2024-10-03 17:02:03','2024-10-03 18:37:53','MANUAL',5660,1.67,0,NULL,2,'2024-10-03 09:02:04','2024-11-27 15:14:58'),(498,6,'Start',0,'2024-10-03 18:12:11','2024-10-03 19:13:06','AUTO',3600,120.00,0,NULL,2,'2024-10-03 10:12:11','2024-11-27 13:07:26'),(499,7,'Start',0,'2024-10-03 18:58:04','2024-10-03 19:59:02','AUTO',3600,100.00,0,NULL,2,'2024-10-03 10:58:04','2024-11-27 15:14:58'),(500,6,'Start',0,'2024-10-03 19:40:11','2024-10-03 20:41:08','AUTO',3600,120.00,0,NULL,2,'2024-10-03 11:40:12','2024-11-27 13:07:26'),(501,7,'Start',0,'2024-10-03 19:59:34','2024-10-03 21:00:32','AUTO',3600,100.00,0,NULL,2,'2024-10-03 11:59:35','2024-11-27 15:14:58'),(502,8,'Start',0,'2024-10-03 20:29:33','2024-10-03 21:30:18','AUTO',3600,120.00,0,NULL,2,'2024-10-03 12:29:33','2024-11-27 14:35:47'),(503,6,'Start',0,'2024-10-03 20:49:21','2024-10-03 21:50:16','AUTO',3600,120.00,0,NULL,2,'2024-10-03 12:49:21','2024-11-27 13:07:26'),(504,7,'Start',0,'2024-10-03 21:10:48','2024-10-03 22:11:45','AUTO',3600,100.00,0,NULL,2,'2024-10-03 13:10:48','2024-11-27 15:14:58'),(505,5,'Start',0,'2024-10-03 21:26:16','2024-10-03 22:27:10','AUTO',3600,120.00,0,NULL,2,'2024-10-03 13:26:16','2024-11-27 15:21:26'),(506,8,'Start',1,'2024-10-03 21:32:30','2024-10-03 23:39:55','MANUAL',7553,2.00,0,NULL,2,'2024-10-03 13:32:30','2024-11-27 14:35:47'),(507,7,'Start',0,'2024-10-03 22:19:42','2024-10-03 23:16:14','MANUAL',3600,100.00,0,NULL,2,'2024-10-03 14:19:42','2024-11-27 15:14:58'),(508,7,'Pause',0,'2024-10-03 22:19:51',NULL,NULL,3591,0.00,0,NULL,2,'2024-10-03 14:19:52','2024-11-27 15:14:58'),(509,7,'Resume',0,'2024-10-03 22:19:58',NULL,NULL,0,0.00,0,NULL,2,'2024-10-03 14:19:58','2024-11-27 15:14:58'),(510,6,'Start',0,'2024-10-03 22:39:43','2024-10-03 23:45:07','AUTO',3600,120.00,0,NULL,2,'2024-10-03 14:39:44','2024-11-27 13:07:26'),(511,6,'Pause',0,'2024-10-03 22:39:45',NULL,NULL,3598,0.00,0,NULL,2,'2024-10-03 14:39:46','2024-11-27 13:07:26'),(512,6,'Resume',0,'2024-10-03 22:44:14',NULL,NULL,0,0.00,0,NULL,2,'2024-10-03 14:44:14','2024-11-27 13:07:26'),(513,5,'Start',0,'2024-10-03 22:55:48','2024-10-03 23:56:43','AUTO',3600,120.00,0,NULL,2,'2024-10-03 14:55:48','2024-11-27 15:21:26'),(514,7,'Start',0,'2024-10-03 23:17:44','2024-10-04 00:18:42','AUTO',3600,100.00,0,NULL,2,'2024-10-03 15:17:44','2024-11-27 15:14:58'),(515,6,'Start',0,'2024-10-03 23:45:50','2024-10-04 00:46:46','AUTO',3600,120.00,0,NULL,2,'2024-10-03 15:45:50','2024-11-27 13:07:26'),(516,7,'Start',0,'2024-10-04 00:38:41','2024-10-04 01:39:38','AUTO',3600,100.00,0,NULL,2,'2024-10-03 16:38:41','2024-11-27 15:14:58'),(517,6,'Start Free',0,'2024-10-04 01:18:03','2024-10-04 14:59:38','MANUAL',0,0.00,0,'Employees and Maam Janice.',2,'2024-10-03 17:18:04','2024-11-27 13:07:26'),(518,6,'Start',1,'2024-10-04 15:01:04','2024-10-04 15:09:40','MANUAL',509,2.00,0,NULL,2,'2024-10-04 07:01:04','2024-11-27 13:07:26'),(519,8,'Start',1,'2024-10-04 15:48:49','2024-10-04 18:23:33','MANUAL',0,2.00,0,NULL,2,'2024-10-04 07:48:49','2024-11-27 14:35:47'),(520,7,'Start',0,'2024-10-04 15:53:21','2024-10-04 17:49:48','MANUAL',3600,100.00,0,NULL,2,'2024-10-04 07:53:21','2024-11-27 15:14:58'),(521,6,'Start',0,'2024-10-04 15:53:37','2024-10-04 17:47:53','MANUAL',3600,120.00,0,NULL,2,'2024-10-04 07:53:38','2024-11-27 13:07:26'),(522,6,'Extend',0,'2024-10-04 15:53:40',NULL,NULL,3600,120.00,0,NULL,2,'2024-10-04 07:53:41','2024-11-27 13:07:26'),(523,5,'Start',0,'2024-10-04 15:59:56','2024-10-04 17:00:38','MANUAL',3600,120.00,0,NULL,2,'2024-10-04 07:59:56','2024-11-27 15:21:26'),(524,7,'Extend',0,'2024-10-04 16:47:48',NULL,NULL,3600,100.00,0,NULL,2,'2024-10-04 08:47:49','2024-11-27 15:14:58'),(525,5,'Start',0,'2024-10-04 17:01:48','2024-10-04 18:02:42','AUTO',3600,120.00,0,NULL,2,'2024-10-04 09:01:48','2024-11-27 15:21:26'),(526,6,'Start',0,'2024-10-04 17:48:23','2024-10-04 19:50:23','AUTO',3600,120.00,0,NULL,2,'2024-10-04 09:48:23','2024-11-27 13:07:26'),(527,6,'Pause',0,'2024-10-04 17:48:57',NULL,NULL,3566,0.00,0,NULL,2,'2024-10-04 09:48:58','2024-11-27 13:07:26'),(528,6,'Resume',0,'2024-10-04 17:49:06',NULL,NULL,0,0.00,0,NULL,2,'2024-10-04 09:49:06','2024-11-27 13:07:26'),(529,7,'Start',0,'2024-10-04 17:51:20','2024-10-04 18:51:02','MANUAL',3600,100.00,0,NULL,2,'2024-10-04 09:51:21','2024-11-27 15:14:58'),(530,5,'Start',0,'2024-10-04 18:22:16','2024-10-04 19:23:10','AUTO',3600,120.00,0,NULL,2,'2024-10-04 10:22:16','2024-11-27 15:21:26'),(531,8,'Start',0,'2024-10-04 18:27:21','2024-10-04 19:27:41','MANUAL',3600,120.00,0,NULL,2,'2024-10-04 10:27:21','2024-11-27 14:35:47'),(532,6,'Extend',0,'2024-10-04 18:48:07',NULL,NULL,3600,120.00,0,NULL,2,'2024-10-04 10:48:08','2024-11-27 13:07:26'),(533,7,'Start',0,'2024-10-04 18:53:32','2024-10-04 19:54:29','AUTO',3600,100.00,0,NULL,2,'2024-10-04 10:53:34','2024-11-27 15:14:58'),(534,5,'Start',0,'2024-10-04 19:25:02','2024-10-04 20:25:57','AUTO',3600,120.00,0,NULL,2,'2024-10-04 11:25:03','2024-11-27 15:21:26'),(535,6,'Start',0,'2024-10-04 19:50:53','2024-10-04 20:50:09','MANUAL',3600,120.00,0,NULL,2,'2024-10-04 11:50:54','2024-11-27 13:07:26'),(536,7,'Start',0,'2024-10-04 19:58:27','2024-10-04 22:00:22','AUTO',3600,100.00,0,NULL,2,'2024-10-04 11:58:30','2024-11-27 15:14:58'),(537,8,'Start',0,'2024-10-04 20:18:30','2024-10-04 21:19:15','AUTO',3600,120.00,0,NULL,2,'2024-10-04 12:18:30','2024-11-27 14:35:47'),(538,5,'Start',0,'2024-10-04 20:42:54','2024-10-04 21:43:49','AUTO',3600,120.00,0,NULL,2,'2024-10-04 12:42:55','2024-11-27 15:21:26'),(539,6,'Start',0,'2024-10-04 20:50:44','2024-10-04 21:51:40','AUTO',3600,120.00,0,NULL,2,'2024-10-04 12:50:45','2024-11-27 13:07:26'),(540,7,'Extend',0,'2024-10-04 20:54:50',NULL,NULL,3600,100.00,0,NULL,2,'2024-10-04 12:54:51','2024-11-27 15:14:58'),(541,8,'Start',0,'2024-10-04 21:19:52','2024-10-04 22:20:37','AUTO',3600,120.00,0,NULL,2,'2024-10-04 13:19:52','2024-11-27 14:35:47'),(542,5,'Start',0,'2024-10-04 21:46:03','2024-10-04 22:46:58','AUTO',3600,120.00,0,NULL,2,'2024-10-04 13:46:03','2024-11-27 15:21:26'),(543,6,'Start',0,'2024-10-04 21:57:08','2024-10-04 22:58:04','AUTO',3600,120.00,0,NULL,2,'2024-10-04 13:57:08','2024-11-27 13:07:26'),(544,7,'Start',0,'2024-10-04 22:07:51','2024-10-04 22:47:49','MANUAL',3600,100.00,0,NULL,2,'2024-10-04 14:07:52','2024-11-27 15:14:58'),(545,8,'Start',0,'2024-10-04 22:21:14','2024-10-04 23:21:59','AUTO',3600,120.00,0,NULL,2,'2024-10-04 14:21:14','2024-11-27 14:35:47'),(546,7,'Start',1,'2024-10-04 22:47:58','2024-10-05 00:38:11','MANUAL',6509,1.67,0,NULL,2,'2024-10-04 14:47:59','2024-11-27 15:14:58'),(547,6,'Start',0,'2024-10-04 23:12:41','2024-10-05 00:13:37','AUTO',3600,120.00,0,NULL,2,'2024-10-04 15:12:41','2024-11-27 13:07:26'),(548,8,'Start',0,'2024-10-04 23:22:16','2024-10-05 00:23:02','AUTO',3600,120.00,0,NULL,2,'2024-10-04 15:22:16','2024-11-27 14:35:47'),(549,8,'Start',0,'2024-10-05 00:25:40','2024-10-05 01:26:14','MANUAL',3600,120.00,0,NULL,2,'2024-10-04 16:25:41','2024-11-27 14:35:47'),(550,6,'Start',0,'2024-10-05 00:37:18','2024-10-05 01:38:14','AUTO',3600,120.00,0,NULL,2,'2024-10-04 16:37:18','2024-11-27 13:07:26'),(551,7,'Start',1,'2024-10-05 00:47:44','2024-10-05 01:49:00','MANUAL',3619,1.67,0,NULL,2,'2024-10-04 16:47:45','2024-11-27 15:14:58'),(552,5,'Start',0,'2024-10-05 00:48:52','2024-10-05 01:49:47','AUTO',3600,120.00,0,NULL,2,'2024-10-04 16:48:53','2024-11-27 15:21:26'),(553,8,'Start',0,'2024-10-05 01:27:01','2024-10-05 02:27:47','AUTO',3600,120.00,0,NULL,2,'2024-10-04 17:27:02','2024-11-27 14:35:47'),(554,5,'Start',1,'2024-10-05 15:29:18','2024-10-05 17:10:19','MANUAL',5971,2.00,0,NULL,2,'2024-10-05 07:29:19','2024-11-27 15:21:26'),(555,7,'Start',0,'2024-10-05 15:29:28','2024-10-05 16:30:20','MANUAL',3600,100.00,0,NULL,2,'2024-10-05 07:29:28','2024-11-27 15:14:58'),(556,6,'Start',0,'2024-10-05 15:31:54','2024-10-05 16:32:50','AUTO',3600,120.00,0,NULL,2,'2024-10-05 07:31:54','2024-11-27 13:07:26'),(557,8,'Start',0,'2024-10-05 16:09:01','2024-10-05 17:07:16','MANUAL',3600,120.00,0,NULL,2,'2024-10-05 08:09:01','2024-11-27 14:35:47'),(558,6,'Start',0,'2024-10-05 17:00:41','2024-10-05 18:01:36','AUTO',3600,120.00,0,NULL,2,'2024-10-05 09:00:41','2024-11-27 13:07:26'),(559,8,'Start',0,'2024-10-05 17:08:17','2024-10-05 18:09:02','AUTO',3600,120.00,0,NULL,2,'2024-10-05 09:08:17','2024-11-27 14:35:47'),(560,7,'Start',0,'2024-10-05 17:45:40','2024-10-05 18:46:38','AUTO',3600,100.00,0,NULL,2,'2024-10-05 09:45:41','2024-11-27 15:14:58'),(561,6,'Start',0,'2024-10-05 18:04:41','2024-10-05 19:05:36','AUTO',3600,120.00,0,NULL,2,'2024-10-05 10:04:41','2024-11-27 13:07:26'),(562,8,'Start',0,'2024-10-05 18:10:17','2024-10-05 19:11:02','AUTO',3600,120.00,0,NULL,2,'2024-10-05 10:10:17','2024-11-27 14:35:47'),(563,7,'Start',0,'2024-10-05 18:51:50','2024-10-05 19:48:55','MANUAL',3600,100.00,0,NULL,2,'2024-10-05 10:51:50','2024-11-27 15:14:58'),(564,6,'Start',0,'2024-10-05 19:08:14','2024-10-05 20:09:10','AUTO',3600,120.00,0,NULL,2,'2024-10-05 11:08:15','2024-11-27 13:07:26'),(565,5,'Start',1,'2024-10-05 19:17:58','2024-10-05 21:21:40','MANUAL',7314,2.00,0,NULL,2,'2024-10-05 11:17:58','2024-11-27 15:21:26'),(566,8,'Start',0,'2024-10-05 19:29:30','2024-10-05 20:30:16','AUTO',3600,120.00,0,NULL,2,'2024-10-05 11:29:31','2024-11-27 14:35:47'),(567,7,'Start',0,'2024-10-05 19:49:50','2024-10-05 21:50:09','MANUAL',3600,100.00,0,NULL,2,'2024-10-05 11:49:50','2024-11-27 15:14:58'),(568,6,'Start',0,'2024-10-05 20:10:38','2024-10-05 21:11:33','AUTO',3600,120.00,0,NULL,2,'2024-10-05 12:10:38','2024-11-27 13:07:26'),(569,8,'Start',0,'2024-10-05 20:32:10','2024-10-05 21:32:55','AUTO',3600,120.00,0,NULL,2,'2024-10-05 12:32:10','2024-11-27 14:35:47'),(570,7,'Extend',0,'2024-10-05 20:46:38',NULL,NULL,3600,100.00,0,NULL,2,'2024-10-05 12:46:39','2024-11-27 15:14:58'),(571,6,'Start',0,'2024-10-05 21:14:56','2024-10-05 22:15:51','AUTO',3600,120.00,0,NULL,2,'2024-10-05 13:14:56','2024-11-27 13:07:26'),(572,5,'Start',0,'2024-10-05 21:26:03','2024-10-05 22:26:58','AUTO',3600,120.00,0,NULL,2,'2024-10-05 13:26:04','2024-11-27 15:21:26'),(573,8,'Start',0,'2024-10-05 21:40:46','2024-10-05 22:41:31','AUTO',3600,120.00,0,NULL,2,'2024-10-05 13:40:46','2024-11-27 14:35:47'),(574,7,'Start',0,'2024-10-05 21:53:46','2024-10-05 22:54:44','AUTO',3600,100.00,0,NULL,2,'2024-10-05 13:53:46','2024-11-27 15:14:58'),(575,6,'Start',0,'2024-10-05 22:20:48','2024-10-05 23:21:43','AUTO',3600,120.00,0,NULL,2,'2024-10-05 14:20:48','2024-11-27 13:07:26'),(576,8,'Start',0,'2024-10-05 22:48:50','2024-10-05 23:45:28','MANUAL',3600,120.00,0,NULL,2,'2024-10-05 14:48:51','2024-11-27 14:35:47'),(577,5,'Start',0,'2024-10-05 22:55:55','2024-10-05 23:56:49','AUTO',3600,120.00,0,NULL,2,'2024-10-05 14:55:55','2024-11-27 15:21:26'),(578,7,'Start',0,'2024-10-05 22:57:17','2024-10-05 23:58:15','AUTO',3600,100.00,0,NULL,2,'2024-10-05 14:57:17','2024-11-27 15:14:58'),(579,6,'Start',0,'2024-10-05 23:31:44','2024-10-06 00:32:40','AUTO',3600,120.00,0,NULL,2,'2024-10-05 15:31:45','2024-11-27 13:07:26'),(580,7,'Start',0,'2024-10-06 00:03:19','2024-10-06 01:04:17','AUTO',3600,100.00,0,NULL,2,'2024-10-05 16:03:20','2024-11-27 15:14:58'),(581,8,'Start',1,'2024-10-06 00:08:01','2024-10-06 01:00:10','MANUAL',3092,2.00,0,NULL,2,'2024-10-05 16:08:01','2024-11-27 14:35:47'),(582,6,'Start',0,'2024-10-06 00:43:33','2024-10-06 01:33:47','MANUAL',3600,120.00,0,NULL,2,'2024-10-05 16:43:34','2024-11-27 13:07:26'),(583,7,'Start Free',0,'2024-10-06 01:09:52','2024-10-06 17:01:30','MANUAL',0,0.00,0,'sir',2,'2024-10-05 17:09:52','2024-11-27 15:14:58'),(584,6,'Start',0,'2024-10-06 01:53:45','2024-10-06 02:54:40','AUTO',3600,120.00,0,NULL,2,'2024-10-05 17:53:45','2024-11-27 13:07:26'),(585,7,'Start Free',0,'2024-10-06 18:23:34','2024-10-06 18:27:07','MANUAL',0,0.00,0,'mam',2,'2024-10-06 10:23:35','2024-11-27 15:14:58'),(586,6,'Start Free',0,'2024-10-06 18:23:46',NULL,NULL,0,0.00,0,'mam',2,'2024-10-06 10:23:46','2024-11-27 13:07:26'),(587,6,'Start Free',0,'2024-10-06 18:23:46','2024-10-06 18:27:01','MANUAL',0,0.00,0,'mam',2,'2024-10-06 10:23:46','2024-11-27 13:07:26'),(588,8,'Start Free',0,'2024-10-06 18:23:59','2024-10-06 18:26:55','MANUAL',0,0.00,0,'mam',2,'2024-10-06 10:23:59','2024-11-27 14:35:47'),(589,5,'Start Free',0,'2024-10-06 18:24:07','2024-10-06 18:26:50','MANUAL',0,0.00,0,'mam',2,'2024-10-06 10:24:14','2024-11-27 15:21:26'),(590,7,'Start',0,'2024-10-06 18:38:49','2024-10-06 18:38:58','MANUAL',3600,120.00,0,NULL,2,'2024-10-06 10:38:50','2024-11-27 15:14:58'),(591,7,'Start',0,'2024-10-06 18:39:08','2024-10-06 18:39:13','MANUAL',3600,120.00,0,NULL,2,'2024-10-06 10:39:08','2024-11-27 15:14:58'),(592,7,'Start Free',0,'2024-10-06 18:42:21','2024-10-06 18:45:15','MANUAL',0,0.00,0,'mam',2,'2024-10-06 10:42:21','2024-11-27 15:14:58'),(593,6,'Start Free',0,'2024-10-06 18:42:31','2024-10-06 18:49:35','MANUAL',0,0.00,0,'mam',2,'2024-10-06 10:42:32','2024-11-27 13:07:26'),(594,8,'Start Free',0,'2024-10-06 18:42:43','2024-10-06 18:56:04','MANUAL',0,0.00,0,'mam',2,'2024-10-06 10:42:44','2024-11-27 14:35:47'),(595,5,'Start Free',0,'2024-10-06 18:42:54','2024-10-06 18:56:14','MANUAL',0,0.00,0,'mam',2,'2024-10-06 10:42:54','2024-11-27 15:21:26'),(596,7,'Start',1,'2024-10-06 18:45:22','2024-10-06 18:52:32','MANUAL',425,2.00,0,NULL,2,'2024-10-06 10:45:22','2024-11-27 15:14:58'),(597,6,'Start',0,'2024-10-06 18:50:11','2024-10-06 19:51:06','AUTO',3600,120.00,0,NULL,2,'2024-10-06 10:50:11','2024-11-27 13:07:26'),(598,7,'Start',0,'2024-10-06 18:52:37','2024-10-06 18:52:55','MANUAL',3600,120.00,0,NULL,2,'2024-10-06 10:52:37','2024-11-27 15:14:58'),(599,7,'Extend',0,'2024-10-06 18:52:41',NULL,NULL,3600,120.00,0,NULL,2,'2024-10-06 10:52:41','2024-11-27 15:14:58'),(600,7,'Start',1,'2024-10-06 18:55:52','2024-10-06 19:31:26','MANUAL',2102,2.00,0,NULL,2,'2024-10-06 10:55:54','2024-11-27 15:14:58'),(601,5,'Start',0,'2024-10-06 19:06:05','2024-10-06 21:07:56','AUTO',3600,120.00,0,NULL,2,'2024-10-06 11:06:08','2024-11-27 15:21:26'),(602,8,'Start',1,'2024-10-06 19:09:31','2024-10-06 19:56:01','MANUAL',2756,2.00,0,NULL,2,'2024-10-06 11:09:32','2024-11-27 14:35:47'),(603,7,'Start',1,'2024-10-06 19:56:08','2024-10-06 23:07:44','MANUAL',11316,2.00,0,NULL,2,'2024-10-06 11:56:09','2024-11-27 15:14:58'),(604,5,'Extend',0,'2024-10-06 20:00:34',NULL,NULL,3600,120.00,0,NULL,2,'2024-10-06 12:00:35','2024-11-27 15:21:26'),(605,6,'Start',0,'2024-10-06 20:42:57','2024-10-06 21:43:53','AUTO',3600,120.00,0,NULL,2,'2024-10-06 12:42:58','2024-11-27 13:07:26'),(606,8,'Start',0,'2024-10-06 21:09:37','2024-10-06 22:10:22','AUTO',3600,120.00,0,NULL,2,'2024-10-06 13:09:37','2024-11-27 14:35:47'),(607,5,'Start',0,'2024-10-06 21:36:36','2024-10-06 22:31:36','MANUAL',3600,120.00,0,NULL,2,'2024-10-06 13:36:36','2024-11-27 15:21:26'),(608,6,'Start',0,'2024-10-06 21:45:36','2024-10-06 22:46:31','AUTO',3600,120.00,0,NULL,2,'2024-10-06 13:45:36','2024-11-27 13:07:26'),(609,6,'Start',0,'2024-10-06 22:47:28','2024-10-06 23:48:24','AUTO',3600,120.00,0,NULL,2,'2024-10-06 14:47:28','2024-11-27 13:07:26'),(610,8,'Start',0,'2024-10-06 22:59:27','2024-10-07 00:00:12','AUTO',3600,120.00,0,NULL,2,'2024-10-06 14:59:27','2024-11-27 14:35:47'),(611,5,'Start',0,'2024-10-06 23:41:13','2024-10-06 23:42:12','MANUAL',3600,120.00,0,NULL,2,'2024-10-06 15:41:13','2024-11-27 15:21:26'),(612,5,'Extend',0,'2024-10-06 23:41:21',NULL,NULL,3600,120.00,0,NULL,2,'2024-10-06 15:41:22','2024-11-27 15:21:26'),(613,5,'Extend',0,'2024-10-06 23:41:30',NULL,NULL,3600,120.00,0,NULL,2,'2024-10-06 15:41:30','2024-11-27 15:21:26'),(614,5,'Start',0,'2024-10-06 23:42:26','2024-10-07 01:44:14','AUTO',3600,120.00,0,NULL,2,'2024-10-06 15:42:26','2024-11-27 15:21:26'),(615,5,'Extend',0,'2024-10-06 23:42:33',NULL,NULL,3600,120.00,0,NULL,2,'2024-10-06 15:42:33','2024-11-27 15:21:26'),(616,6,'Start',0,'2024-10-07 00:01:42','2024-10-07 01:02:38','AUTO',3600,120.00,0,NULL,2,'2024-10-06 16:01:43','2024-11-27 13:07:26'),(617,7,'Start Free',0,'2024-10-07 00:55:35','2024-10-07 14:44:06','MANUAL',0,0.00,0,'xv',2,'2024-10-06 16:55:36','2024-11-27 15:14:58'),(618,6,'Start',0,'2024-10-07 15:22:19','2024-10-07 16:22:29','MANUAL',3600,120.00,0,NULL,2,'2024-10-07 07:22:19','2024-11-27 13:07:26'),(619,5,'Start',0,'2024-10-07 16:04:01','2024-10-07 16:55:22','MANUAL',3600,120.00,0,NULL,2,'2024-10-07 08:04:01','2024-11-27 15:21:26'),(620,7,'Start Free',0,'2024-10-07 16:29:12','2024-10-07 17:14:18','MANUAL',0,0.00,0,'isa',2,'2024-10-07 08:29:12','2024-11-27 15:14:58'),(621,8,'Start',0,'2024-10-07 16:46:55','2024-10-07 18:47:33','MANUAL',3600,120.00,0,NULL,2,'2024-10-07 08:46:56','2024-11-27 14:35:47'),(622,8,'Extend',0,'2024-10-07 16:47:00',NULL,NULL,3600,120.00,0,NULL,2,'2024-10-07 08:47:01','2024-11-27 14:35:47'),(623,5,'Start',0,'2024-10-07 16:55:29','2024-10-07 18:57:17','AUTO',3600,120.00,0,NULL,2,'2024-10-07 08:55:29','2024-11-27 15:21:26'),(624,5,'Extend',0,'2024-10-07 17:50:07',NULL,NULL,3600,120.00,0,NULL,2,'2024-10-07 09:50:08','2024-11-27 15:21:26'),(625,6,'Start',0,'2024-10-07 18:33:44','2024-10-07 21:33:48','MANUAL',3600,120.00,0,NULL,2,'2024-10-07 10:33:45','2024-11-27 13:07:26'),(626,5,'Start',1,'2024-10-07 18:57:41','2024-10-07 20:25:41','MANUAL',5203,2.00,0,NULL,2,'2024-10-07 10:57:41','2024-11-27 15:21:26'),(627,6,'Extend',0,'2024-10-07 19:26:19',NULL,NULL,3600,120.00,0,NULL,2,'2024-10-07 11:26:20','2024-11-27 13:07:26'),(628,7,'Start',0,'2024-10-07 19:32:21','2024-10-07 20:32:28','MANUAL',3600,120.00,0,NULL,2,'2024-10-07 11:32:21','2024-11-27 15:14:58'),(629,6,'Extend',0,'2024-10-07 20:26:56',NULL,NULL,3600,120.00,0,NULL,2,'2024-10-07 12:26:57','2024-11-27 13:07:26'),(630,8,'Start',0,'2024-10-07 20:54:20','2024-10-07 21:55:06','AUTO',3600,120.00,0,NULL,2,'2024-10-07 12:54:20','2024-11-27 14:35:47'),(631,7,'Start',0,'2024-10-07 21:35:47','2024-10-07 22:31:55','MANUAL',3600,120.00,0,NULL,2,'2024-10-07 13:35:48','2024-11-27 15:14:58'),(632,6,'Start',0,'2024-10-07 21:52:48','2024-10-07 22:53:25','MANUAL',3600,120.00,0,NULL,2,'2024-10-07 13:52:48','2024-11-27 13:07:26'),(633,8,'Start',0,'2024-10-07 22:02:31','2024-10-07 23:03:16','AUTO',3600,120.00,0,NULL,2,'2024-10-07 14:02:32','2024-11-27 14:35:47'),(634,5,'Start',0,'2024-10-07 22:13:32','2024-10-07 23:14:27','AUTO',3600,120.00,0,NULL,2,'2024-10-07 14:13:32','2024-11-27 15:21:26'),(635,7,'Start',0,'2024-10-07 22:32:46','2024-10-07 23:06:14','MANUAL',3600,120.00,0,NULL,2,'2024-10-07 14:32:46','2024-11-27 15:14:58'),(636,6,'Start',1,'2024-10-07 22:55:41','2024-10-08 00:53:59','MANUAL',0,2.00,0,NULL,2,'2024-10-07 14:55:41','2024-11-27 13:07:26'),(637,8,'Start',0,'2024-10-07 23:03:54','2024-10-08 00:04:39','AUTO',3600,120.00,0,NULL,2,'2024-10-07 15:03:54','2024-11-27 14:35:47'),(638,7,'Start',0,'2024-10-07 23:06:24','2024-10-08 00:07:21','AUTO',3600,120.00,0,NULL,2,'2024-10-07 15:06:24','2024-11-27 15:14:58'),(639,5,'Start',0,'2024-10-07 23:17:36','2024-10-08 00:18:34','AUTO',3600,120.00,0,NULL,2,'2024-10-07 15:17:39','2024-11-27 15:21:26'),(640,8,'Start',0,'2024-10-08 00:11:10','2024-10-08 01:11:56','AUTO',3600,120.00,0,NULL,2,'2024-10-07 16:11:11','2024-11-27 14:35:47'),(641,7,'Start',0,'2024-10-08 00:11:27','2024-10-08 01:12:25','AUTO',3600,120.00,0,NULL,2,'2024-10-07 16:11:27','2024-11-27 15:14:58'),(642,5,'Start',0,'2024-10-08 00:23:24','2024-10-08 01:24:19','AUTO',3600,120.00,0,NULL,2,'2024-10-07 16:23:25','2024-11-27 15:21:26'),(643,7,'Start',1,'2024-10-08 15:24:13','2024-10-08 15:47:21','MANUAL',1367,2.00,0,NULL,2,'2024-10-08 07:24:13','2024-11-27 15:14:58'),(644,8,'Start',1,'2024-10-08 15:45:53','2024-10-08 17:45:43','MANUAL',7103,2.00,0,NULL,2,'2024-10-08 07:45:53','2024-11-27 14:35:47'),(645,7,'Start',0,'2024-10-08 16:43:02','2024-10-08 17:40:24','MANUAL',3600,120.00,0,NULL,2,'2024-10-08 08:43:03','2024-11-27 15:14:58'),(646,5,'Start',0,'2024-10-08 17:06:58','2024-10-08 18:07:53','AUTO',3600,120.00,0,NULL,2,'2024-10-08 09:06:58','2024-11-27 15:21:26'),(647,6,'Start',1,'2024-10-08 18:08:03','2024-10-08 22:08:10','MANUAL',14192,2.00,0,NULL,2,'2024-10-08 10:08:03','2024-11-27 13:07:26'),(648,7,'Start',0,'2024-10-08 18:13:16','2024-10-08 19:14:14','AUTO',3600,120.00,0,NULL,2,'2024-10-08 10:13:17','2024-11-27 15:14:58'),(649,5,'Start',0,'2024-10-08 18:36:01','2024-10-08 19:36:55','AUTO',3600,120.00,0,NULL,2,'2024-10-08 10:36:01','2024-11-27 15:21:26'),(650,8,'Start',0,'2024-10-08 18:36:32','2024-10-08 19:37:17','AUTO',3600,120.00,0,NULL,2,'2024-10-08 10:36:32','2024-11-27 14:35:47'),(651,8,'Start',0,'2024-10-08 19:37:43','2024-10-08 20:38:28','AUTO',3600,120.00,0,NULL,2,'2024-10-08 11:37:43','2024-11-27 14:35:47'),(652,7,'Start',1,'2024-10-08 20:17:28','2024-10-08 21:14:25','MANUAL',3363,2.00,0,NULL,2,'2024-10-08 12:17:29','2024-11-27 15:14:58'),(653,5,'Start',0,'2024-10-08 20:37:02','2024-10-08 21:37:57','AUTO',3600,120.00,0,NULL,2,'2024-10-08 12:37:03','2024-11-27 15:21:26'),(654,8,'Start',1,'2024-10-08 20:49:06','2024-10-09 00:52:43','MANUAL',14438,2.00,0,NULL,2,'2024-10-08 12:49:07','2024-11-27 14:35:47'),(655,7,'Start',1,'2024-10-08 21:14:45','2024-10-09 00:24:25','MANUAL',11203,2.00,0,NULL,2,'2024-10-08 13:14:46','2024-11-27 15:14:58'),(656,5,'Start',1,'2024-10-08 21:40:23','2024-10-09 00:52:59','MANUAL',11387,2.00,0,NULL,2,'2024-10-08 13:40:23','2024-11-27 15:21:26'),(657,6,'Start',1,'2024-10-08 22:09:35','2024-10-08 23:24:32','MANUAL',4431,2.00,0,NULL,2,'2024-10-08 14:09:35','2024-11-27 13:07:26'),(658,6,'Start',0,'2024-10-08 23:31:37','2024-10-09 00:32:33','AUTO',3600,120.00,0,NULL,2,'2024-10-08 15:31:37','2024-11-27 13:07:26'),(659,7,'Start',0,'2024-10-09 00:35:47','2024-10-09 01:34:43','MANUAL',3600,120.00,0,NULL,2,'2024-10-08 16:35:47','2024-11-27 15:14:58'),(660,6,'Start',0,'2024-10-09 00:43:37','2024-10-09 01:26:01','MANUAL',3600,120.00,0,NULL,2,'2024-10-08 16:43:37','2024-11-27 13:07:26'),(661,7,'Start',0,'2024-10-09 15:15:36','2024-10-09 15:15:39','MANUAL',3600,120.00,0,NULL,2,'2024-10-09 07:15:37','2024-11-27 15:14:58'),(662,6,'Start',0,'2024-10-09 15:50:28','2024-10-09 16:51:24','AUTO',3600,120.00,0,NULL,2,'2024-10-09 07:50:28','2024-11-27 13:07:26'),(663,7,'Start',0,'2024-10-09 16:16:54','2024-10-09 17:17:52','AUTO',3600,120.00,0,NULL,2,'2024-10-09 08:16:54','2024-11-27 15:14:58'),(664,8,'Start',0,'2024-10-09 16:24:38','2024-10-09 17:25:23','AUTO',3600,120.00,0,NULL,2,'2024-10-09 08:24:38','2024-11-27 14:35:47'),(665,5,'Start',0,'2024-10-09 16:35:32','2024-10-09 17:36:27','AUTO',3600,120.00,0,NULL,2,'2024-10-09 08:35:33','2024-11-27 15:21:26'),(666,6,'Start',0,'2024-10-09 17:23:45','2024-10-09 18:24:41','AUTO',3600,120.00,0,NULL,2,'2024-10-09 09:23:46','2024-11-27 13:07:26'),(667,7,'Start',0,'2024-10-09 17:26:21','2024-10-09 18:27:22','AUTO',3600,120.00,0,NULL,2,'2024-10-09 09:26:22','2024-11-27 15:14:58'),(668,5,'Start',0,'2024-10-09 17:37:47','2024-10-09 18:38:42','AUTO',3600,120.00,0,NULL,2,'2024-10-09 09:37:47','2024-11-27 15:21:26'),(669,8,'Start',0,'2024-10-09 17:49:04','2024-10-09 18:47:38','MANUAL',3600,120.00,0,NULL,2,'2024-10-09 09:49:04','2024-11-27 14:35:47'),(670,6,'Start',0,'2024-10-09 18:25:35','2024-10-09 20:27:14','MANUAL',3600,120.00,0,NULL,2,'2024-10-09 10:25:35','2024-11-27 13:07:26'),(671,7,'Start',0,'2024-10-09 18:27:55','2024-10-09 19:28:54','AUTO',3600,120.00,0,NULL,2,'2024-10-09 10:27:56','2024-11-27 15:14:58'),(672,5,'Start',0,'2024-10-09 18:48:55','2024-10-09 19:49:49','AUTO',3600,120.00,0,NULL,2,'2024-10-09 10:48:55','2024-11-27 15:21:26'),(673,8,'Start',0,'2024-10-09 18:49:57','2024-10-09 19:49:28','MANUAL',3600,120.00,0,NULL,2,'2024-10-09 10:49:58','2024-11-27 14:35:47'),(674,6,'Extend',0,'2024-10-09 19:20:28',NULL,NULL,3600,120.00,0,NULL,2,'2024-10-09 11:20:29','2024-11-27 13:07:26'),(675,7,'Start',0,'2024-10-09 19:30:00','2024-10-09 20:30:58','AUTO',3600,120.00,0,NULL,2,'2024-10-09 11:30:01','2024-11-27 15:14:58'),(676,8,'Start',1,'2024-10-09 19:50:52','2024-10-09 21:52:12','MANUAL',7191,2.00,0,NULL,2,'2024-10-09 11:50:52','2024-11-27 14:35:47'),(677,5,'Start',0,'2024-10-09 20:07:52','2024-10-09 21:08:47','AUTO',3600,120.00,0,NULL,2,'2024-10-09 12:07:53','2024-11-27 15:21:26'),(678,6,'Start',0,'2024-10-09 20:27:47','2024-10-09 21:28:42','AUTO',3600,120.00,0,NULL,2,'2024-10-09 12:27:47','2024-11-27 13:07:26'),(679,7,'Start',0,'2024-10-09 20:38:19','2024-10-09 21:39:17','AUTO',3600,120.00,0,NULL,2,'2024-10-09 12:38:19','2024-11-27 15:14:58'),(680,6,'Start',0,'2024-10-09 21:35:14','2024-10-09 22:36:09','AUTO',3600,120.00,0,NULL,2,'2024-10-09 13:35:14','2024-11-27 13:07:26'),(681,7,'Start',0,'2024-10-09 21:42:54','2024-10-09 22:43:52','AUTO',3600,120.00,0,NULL,2,'2024-10-09 13:42:54','2024-11-27 15:14:58'),(682,5,'Start',0,'2024-10-09 21:49:46','2024-10-09 22:50:41','AUTO',3600,120.00,0,NULL,2,'2024-10-09 13:49:47','2024-11-27 15:21:26'),(683,8,'Start',0,'2024-10-09 22:09:15','2024-10-09 23:10:00','AUTO',3600,120.00,0,NULL,2,'2024-10-09 14:09:15','2024-11-27 14:35:47'),(684,6,'Start',0,'2024-10-09 22:36:50','2024-10-09 23:37:45','AUTO',3600,120.00,0,NULL,2,'2024-10-09 14:36:50','2024-11-27 13:07:26'),(685,7,'Start',0,'2024-10-09 23:06:00','2024-10-10 00:06:59','AUTO',3600,120.00,0,NULL,2,'2024-10-09 15:06:01','2024-11-27 15:14:58'),(686,5,'Start',0,'2024-10-09 23:10:26','2024-10-10 01:12:14','AUTO',3600,120.00,0,NULL,2,'2024-10-09 15:10:26','2024-11-27 15:21:26'),(687,8,'Start',0,'2024-10-09 23:13:43','2024-10-10 00:14:28','AUTO',3600,120.00,0,NULL,2,'2024-10-09 15:13:43','2024-11-27 14:35:47'),(688,6,'Start',0,'2024-10-09 23:39:26','2024-10-10 00:40:22','AUTO',3600,120.00,0,NULL,2,'2024-10-09 15:39:27','2024-11-27 13:07:26'),(689,5,'Extend',0,'2024-10-10 00:01:03',NULL,NULL,3600,120.00,0,NULL,2,'2024-10-09 16:01:05','2024-11-27 15:21:26'),(690,7,'Start',0,'2024-10-10 00:07:21','2024-10-10 01:08:19','AUTO',3600,120.00,0,NULL,2,'2024-10-09 16:07:21','2024-11-27 15:14:58'),(691,8,'Start',0,'2024-10-10 00:17:22','2024-10-10 01:18:08','AUTO',3600,120.00,0,NULL,2,'2024-10-09 16:17:23','2024-11-27 14:35:47'),(692,6,'Start',0,'2024-10-10 00:43:33','2024-10-10 01:44:32','AUTO',3600,120.00,0,NULL,2,'2024-10-09 16:43:36','2024-11-27 13:07:26'),(693,8,'Start Free',0,'2024-10-10 01:20:59','2024-10-10 15:20:01','MANUAL',0,0.00,0,'employee',2,'2024-10-09 17:21:00','2024-11-27 14:35:47'),(694,7,'Start',0,'2024-10-10 15:19:51','2024-10-10 15:19:55','MANUAL',3600,120.00,0,NULL,2,'2024-10-10 07:19:51','2024-11-27 15:14:58'),(695,7,'Start Free',0,'2024-10-10 16:16:04','2024-10-10 20:48:55','MANUAL',0,0.00,0,'yssa',2,'2024-10-10 08:16:04','2024-11-27 15:14:58'),(696,8,'Start Free',0,'2024-10-10 16:16:44','2024-10-10 18:13:05','MANUAL',0,0.00,0,'yssa',2,'2024-10-10 08:16:44','2024-11-27 14:35:47'),(697,6,'Start',0,'2024-10-10 18:25:16','2024-10-10 19:24:51','MANUAL',3600,120.00,0,NULL,2,'2024-10-10 10:25:25','2024-11-27 13:07:26'),(698,6,'Start',0,'2024-10-10 18:25:26',NULL,NULL,3600,120.00,0,NULL,2,'2024-10-10 10:25:27','2024-11-27 13:07:26'),(699,8,'Start',0,'2024-10-10 18:47:38','2024-10-10 19:48:24','AUTO',3600,120.00,0,NULL,2,'2024-10-10 10:47:39','2024-11-27 14:35:47'),(700,5,'Start',1,'2024-10-10 19:13:49','2024-10-10 20:46:16','MANUAL',5465,2.00,0,NULL,2,'2024-10-10 11:13:49','2024-11-27 15:21:26'),(701,6,'Start',0,'2024-10-10 19:25:21','2024-10-10 20:26:17','AUTO',3600,120.00,0,NULL,2,'2024-10-10 11:25:21','2024-11-27 13:07:26'),(702,6,'Start',0,'2024-10-10 20:29:05','2024-10-10 21:30:00','AUTO',3600,120.00,0,NULL,2,'2024-10-10 12:29:05','2024-11-27 13:07:26'),(703,7,'Start',0,'2024-10-10 21:41:27','2024-10-10 22:41:44','MANUAL',3600,120.00,0,NULL,2,'2024-10-10 13:41:27','2024-11-27 15:14:58'),(704,6,'Start',0,'2024-10-10 22:33:45','2024-10-10 23:34:41','AUTO',3600,120.00,0,NULL,2,'2024-10-10 14:33:46','2024-11-27 13:07:26'),(705,5,'Start',0,'2024-10-10 23:00:47','2024-10-11 00:01:41','AUTO',3600,120.00,0,NULL,2,'2024-10-10 15:00:47','2024-11-27 15:21:26'),(706,8,'Start',0,'2024-10-10 23:09:26','2024-10-11 00:10:12','AUTO',3600,120.00,0,NULL,2,'2024-10-10 15:09:27','2024-11-27 14:35:47'),(707,6,'Start',0,'2024-10-11 00:09:42','2024-10-11 01:10:38','AUTO',3600,120.00,0,NULL,2,'2024-10-10 16:09:42','2024-11-27 13:07:26'),(708,7,'Start',0,'2024-10-11 00:27:36','2024-10-11 01:28:33','AUTO',3600,120.00,0,NULL,2,'2024-10-10 16:27:36','2024-11-27 15:14:58'),(709,6,'Start Free',0,'2024-10-11 01:12:13','2024-10-11 15:03:38','MANUAL',0,0.00,0,'v',2,'2024-10-10 17:12:14','2024-11-27 13:07:26'),(710,7,'Start',0,'2024-10-11 01:31:37','2024-10-11 15:03:24','MANUAL',3600,120.00,0,NULL,2,'2024-10-10 17:31:37','2024-11-27 15:14:58'),(711,7,'Pause',0,'2024-10-11 15:03:19',NULL,NULL,369,0.00,0,'Power interrupted',999999,'2024-10-11 07:03:19','2024-11-27 15:14:58'),(712,7,'Start',1,'2024-10-11 15:03:32','2024-10-11 19:29:56','MANUAL',15638,2.00,0,NULL,2,'2024-10-11 07:03:32','2024-11-27 15:14:58'),(713,7,'Pause',0,'2024-10-11 16:10:12',NULL,NULL,3870,0.00,0,'Power interrupted',999999,'2024-10-11 08:10:12','2024-11-27 15:14:58'),(714,7,'Resume',0,'2024-10-11 16:10:20',NULL,NULL,0,0.00,0,NULL,2,'2024-10-11 08:10:21','2024-11-27 15:14:58'),(715,5,'Start',0,'2024-10-11 16:18:10','2024-10-11 17:20:13','AUTO',3600,120.00,0,NULL,2,'2024-10-11 08:18:10','2024-11-27 15:21:26'),(716,8,'Start',0,'2024-10-11 16:19:40','2024-10-11 17:21:25','AUTO',3600,120.00,0,NULL,2,'2024-10-11 08:19:41','2024-11-27 14:35:47'),(717,6,'Start',0,'2024-10-11 16:34:49','2024-10-11 18:37:44','AUTO',3600,120.00,0,NULL,2,'2024-10-11 08:34:50','2024-11-27 13:07:26'),(718,6,'Extend',0,'2024-10-11 16:35:02',NULL,NULL,3600,120.00,0,NULL,2,'2024-10-11 08:35:03','2024-11-27 13:07:26'),(719,7,'Pause',0,'2024-10-11 16:40:26',NULL,NULL,5633,0.00,0,'Power interrupted',999999,'2024-10-11 08:40:26','2024-11-27 15:14:58'),(720,5,'Pause',0,'2024-10-11 16:40:26',NULL,NULL,2306,0.00,0,'Power interrupted',999999,'2024-10-11 08:40:26','2024-11-27 15:21:26'),(721,8,'Pause',0,'2024-10-11 16:40:26',NULL,NULL,2392,0.00,0,'Power interrupted',999999,'2024-10-11 08:40:26','2024-11-27 14:35:47'),(722,6,'Pause',0,'2024-10-11 16:40:26',NULL,NULL,6890,0.00,0,'Power interrupted',999999,'2024-10-11 08:40:26','2024-11-27 13:07:26'),(723,7,'Pause',0,'2024-10-11 16:40:38',NULL,NULL,5639,0.00,0,'Power interrupted',999999,'2024-10-11 08:40:38','2024-11-27 15:14:58'),(724,7,'Resume',0,'2024-10-11 16:40:35',NULL,NULL,0,0.00,0,NULL,2,'2024-10-11 08:40:43','2024-11-27 15:14:58'),(725,7,'Resume',0,'2024-10-11 16:41:00',NULL,NULL,0,0.00,0,NULL,2,'2024-10-11 08:41:00','2024-11-27 15:14:58'),(726,8,'Resume',0,'2024-10-11 16:41:03',NULL,NULL,0,0.00,0,NULL,2,'2024-10-11 08:41:03','2024-11-27 14:35:47'),(727,6,'Resume',0,'2024-10-11 16:41:08',NULL,NULL,0,0.00,0,NULL,2,'2024-10-11 08:41:08','2024-11-27 13:07:26'),(728,5,'Resume',0,'2024-10-11 16:41:12',NULL,NULL,0,0.00,0,NULL,2,'2024-10-11 08:41:12','2024-11-27 15:21:26'),(729,5,'Start',0,'2024-10-11 17:20:46','2024-10-11 18:21:41','AUTO',3600,120.00,0,NULL,2,'2024-10-11 09:20:46','2024-11-27 15:21:26'),(730,8,'Start',0,'2024-10-11 17:36:18','2024-10-11 18:37:03','AUTO',3600,120.00,0,NULL,2,'2024-10-11 09:36:18','2024-11-27 14:35:47'),(731,5,'Start',0,'2024-10-11 18:22:34','2024-10-11 19:23:28','AUTO',3600,120.00,0,NULL,2,'2024-10-11 10:22:34','2024-11-27 15:21:26'),(732,8,'Start',1,'2024-10-11 18:38:37','2024-10-11 20:05:37','MANUAL',5157,2.00,0,NULL,2,'2024-10-11 10:38:37','2024-11-27 14:35:47'),(733,6,'Start',0,'2024-10-11 18:39:47','2024-10-11 19:40:43','AUTO',3600,120.00,0,NULL,2,'2024-10-11 10:39:47','2024-11-27 13:07:26'),(734,5,'Start',1,'2024-10-11 19:26:32','2024-10-11 21:33:54','MANUAL',7530,2.00,0,NULL,2,'2024-10-11 11:26:32','2024-11-27 15:21:26'),(735,7,'Start',1,'2024-10-11 19:30:33','2024-10-11 19:43:26','MANUAL',762,2.00,0,NULL,2,'2024-10-11 11:30:33','2024-11-27 15:14:58'),(736,6,'Start Free',0,'2024-10-11 19:41:44','2024-10-11 20:24:27','MANUAL',0,0.00,0,'yssa',2,'2024-10-11 11:41:45','2024-11-27 13:07:26'),(737,7,'Start',0,'2024-10-11 19:44:27','2024-10-11 20:47:02','MANUAL',3600,120.00,0,NULL,2,'2024-10-11 11:44:27','2024-11-27 15:14:58'),(738,8,'Start',0,'2024-10-11 20:15:34','2024-10-11 21:14:35','MANUAL',3600,120.00,0,NULL,2,'2024-10-11 12:15:35','2024-11-27 14:35:47'),(739,6,'Start',0,'2024-10-11 20:24:33','2024-10-11 22:26:08','MANUAL',3600,120.00,0,NULL,2,'2024-10-11 12:24:33','2024-11-27 13:07:26'),(740,7,'Start',1,'2024-10-11 20:47:05','2024-10-11 22:01:40','MANUAL',4405,2.00,0,NULL,2,'2024-10-11 12:47:05','2024-11-27 15:14:58'),(741,8,'Start',0,'2024-10-11 21:17:50','2024-10-11 22:18:38','AUTO',3600,120.00,0,NULL,2,'2024-10-11 13:17:53','2024-11-27 14:35:47'),(742,6,'Extend',0,'2024-10-11 21:24:26',NULL,NULL,3600,120.00,0,NULL,2,'2024-10-11 13:24:27','2024-11-27 13:07:26'),(743,5,'Start',0,'2024-10-11 21:39:00','2024-10-11 22:39:55','AUTO',3600,120.00,0,NULL,2,'2024-10-11 13:39:01','2024-11-27 15:21:26'),(744,7,'Start',0,'2024-10-11 22:02:52','2024-10-11 23:03:50','AUTO',3600,120.00,0,NULL,2,'2024-10-11 14:02:52','2024-11-27 15:14:58'),(745,8,'Start',0,'2024-10-11 22:23:55','2024-10-11 23:22:36','MANUAL',3600,120.00,0,NULL,2,'2024-10-11 14:23:55','2024-11-27 14:35:47'),(746,6,'Start',0,'2024-10-11 22:28:06','2024-10-11 23:29:02','AUTO',3600,120.00,0,NULL,2,'2024-10-11 14:28:06','2024-11-27 13:07:26'),(747,5,'Start',1,'2024-10-11 22:45:48','2024-10-12 01:10:41','MANUAL',8565,2.00,0,NULL,2,'2024-10-11 14:45:49','2024-11-27 15:21:26'),(748,8,'Start',0,'2024-10-11 23:22:44','2024-10-12 00:23:30','AUTO',3600,120.00,0,NULL,2,'2024-10-11 15:22:45','2024-11-27 14:35:47'),(749,7,'Start',1,'2024-10-11 23:34:58','2024-10-12 01:34:16','MANUAL',7046,2.00,0,NULL,2,'2024-10-11 15:34:58','2024-11-27 15:14:58'),(750,6,'Start',0,'2024-10-11 23:49:02','2024-10-12 00:49:58','AUTO',3600,120.00,0,NULL,2,'2024-10-11 15:49:03','2024-11-27 13:07:26'),(751,8,'Start',0,'2024-10-12 00:24:59','2024-10-12 02:26:29','AUTO',3600,120.00,0,NULL,2,'2024-10-11 16:24:59','2024-11-27 14:35:47'),(752,8,'Extend',0,'2024-10-12 00:25:03',NULL,NULL,3600,120.00,0,NULL,2,'2024-10-11 16:25:04','2024-11-27 14:35:47'),(753,6,'Start',0,'2024-10-12 00:50:29','2024-10-12 01:51:25','AUTO',3600,120.00,0,NULL,2,'2024-10-11 16:50:29','2024-11-27 13:07:26'),(754,5,'Start',0,'2024-10-12 01:11:02','2024-10-12 02:42:23','AUTO',3600,120.00,0,NULL,2,'2024-10-11 17:11:02','2024-11-27 15:21:26'),(755,5,'Extend',0,'2024-10-12 01:11:23',NULL,NULL,1800,60.00,0,NULL,2,'2024-10-11 17:11:24','2024-11-27 15:21:26'),(756,7,'Start',0,'2024-10-12 01:38:44','2024-10-12 02:39:41','AUTO',3600,120.00,0,NULL,2,'2024-10-11 17:38:44','2024-11-27 15:14:58'),(757,6,'Start',0,'2024-10-12 02:02:32','2024-10-12 03:03:28','AUTO',3600,120.00,0,NULL,2,'2024-10-11 18:02:33','2024-11-27 13:07:26'),(758,8,'Start Free',0,'2024-10-12 02:28:16','2024-10-12 15:06:17','MANUAL',0,0.00,0,'Ma\'am Janice',2,'2024-10-11 18:28:16','2024-11-27 14:35:47'),(759,7,'Start Free',0,'2024-10-12 15:05:57',NULL,NULL,0,0.00,0,'yssa',2,'2024-10-12 07:06:05','2024-11-27 15:14:58'),(760,7,'Start Free',0,'2024-10-12 15:06:03',NULL,NULL,0,0.00,0,'yssa',2,'2024-10-12 07:06:05','2024-11-27 15:14:58'),(761,7,'Start Free',0,'2024-10-12 15:06:01',NULL,NULL,0,0.00,0,'yssa',2,'2024-10-12 07:06:05','2024-11-27 15:14:58'),(762,7,'Start Free',0,'2024-10-12 15:05:58',NULL,NULL,0,0.00,0,'yssa',2,'2024-10-12 07:06:05','2024-11-27 15:14:58'),(763,7,'Start Free',0,'2024-10-12 15:05:56','2024-10-12 17:38:05','MANUAL',0,0.00,0,'yssa',2,'2024-10-12 07:06:11','2024-11-27 15:14:58'),(764,6,'Start Free',0,'2024-10-12 15:06:13','2024-10-12 16:45:57','MANUAL',0,0.00,0,'yssa',2,'2024-10-12 07:06:13','2024-11-27 13:07:26'),(765,8,'Start',0,'2024-10-12 15:06:30','2024-10-12 15:19:38','MANUAL',3600,120.00,0,NULL,2,'2024-10-12 07:06:31','2024-11-27 14:35:47'),(766,5,'Start',1,'2024-10-12 15:20:34','2024-10-12 16:47:10','MANUAL',5119,2.00,0,NULL,2,'2024-10-12 07:20:35','2024-11-27 15:21:26'),(767,8,'Start',0,'2024-10-12 15:26:58','2024-10-12 16:27:44','AUTO',3600,120.00,0,NULL,2,'2024-10-12 07:26:59','2024-11-27 14:35:47'),(768,8,'Start',0,'2024-10-12 16:30:35','2024-10-12 17:31:20','AUTO',3600,120.00,0,NULL,2,'2024-10-12 08:30:35','2024-11-27 14:35:47'),(769,6,'Start',1,'2024-10-12 16:46:01','2024-10-12 18:26:34','MANUAL',5942,2.00,0,NULL,2,'2024-10-12 08:46:01','2024-11-27 13:07:26'),(770,5,'Start',0,'2024-10-12 17:19:17','2024-10-12 19:21:05','AUTO',3600,120.00,0,NULL,2,'2024-10-12 09:19:17','2024-11-27 15:21:26'),(771,8,'Start',0,'2024-10-12 17:32:47','2024-10-12 18:33:06','MANUAL',3600,120.00,0,NULL,2,'2024-10-12 09:32:47','2024-11-27 14:35:47'),(772,7,'Start',0,'2024-10-12 17:39:58','2024-10-12 18:40:56','AUTO',3600,120.00,0,NULL,2,'2024-10-12 09:39:58','2024-11-27 15:14:58'),(773,5,'Extend',0,'2024-10-12 18:16:06',NULL,NULL,3600,120.00,0,NULL,2,'2024-10-12 10:16:07','2024-11-27 15:21:26'),(774,6,'Start',0,'2024-10-12 18:30:01','2024-10-12 19:30:20','MANUAL',3600,120.00,0,NULL,2,'2024-10-12 10:30:01','2024-11-27 13:07:26'),(775,8,'Start',0,'2024-10-12 18:34:12','2024-10-12 19:34:57','AUTO',3600,120.00,0,NULL,2,'2024-10-12 10:34:12','2024-11-27 14:35:47'),(776,7,'Start',0,'2024-10-12 18:48:01','2024-10-12 19:24:46','MANUAL',3600,120.00,0,NULL,2,'2024-10-12 10:48:02','2024-11-27 15:14:58'),(777,7,'Start',0,'2024-10-12 19:25:29','2024-10-12 20:26:27','AUTO',3600,120.00,0,NULL,2,'2024-10-12 11:25:29','2024-11-27 15:14:58'),(778,6,'Start',0,'2024-10-12 19:31:14','2024-10-12 20:32:10','AUTO',3600,120.00,0,NULL,2,'2024-10-12 11:31:14','2024-11-27 13:07:26'),(779,8,'Start',0,'2024-10-12 19:35:44','2024-10-12 20:36:29','AUTO',3600,120.00,0,NULL,2,'2024-10-12 11:35:44','2024-11-27 14:35:47'),(780,5,'Start',0,'2024-10-12 19:45:26','2024-10-12 20:42:07','MANUAL',3600,120.00,0,NULL,2,'2024-10-12 11:45:26','2024-11-27 15:21:26'),(781,5,'Start',1,'2024-10-12 20:42:15','2024-10-12 21:46:29','MANUAL',3798,2.00,0,NULL,2,'2024-10-12 12:42:15','2024-11-27 15:21:26'),(782,6,'Start',0,'2024-10-12 21:36:08','2024-10-12 22:37:04','AUTO',3600,120.00,0,NULL,2,'2024-10-12 13:36:08','2024-11-27 13:07:26'),(783,8,'Start',0,'2024-10-12 21:36:40','2024-10-12 22:37:25','AUTO',3600,120.00,0,NULL,2,'2024-10-12 13:36:40','2024-11-27 14:35:47'),(784,7,'Start',1,'2024-10-12 22:08:15','2024-10-13 02:09:49','MANUAL',14268,2.00,0,NULL,2,'2024-10-12 14:08:15','2024-11-27 15:14:58'),(785,5,'Start',0,'2024-10-12 22:23:01','2024-10-12 23:23:55','AUTO',3600,120.00,0,NULL,2,'2024-10-12 14:23:01','2024-11-27 15:21:26'),(786,6,'Start',1,'2024-10-12 22:38:26','2024-10-13 00:22:42','MANUAL',6161,2.00,0,NULL,2,'2024-10-12 14:38:27','2024-11-27 13:07:26'),(787,8,'Start',0,'2024-10-12 22:39:45','2024-10-12 23:40:30','AUTO',3600,120.00,0,NULL,2,'2024-10-12 14:39:45','2024-11-27 14:35:47'),(788,5,'Start',0,'2024-10-12 23:27:48','2024-10-13 00:28:43','AUTO',3600,120.00,0,NULL,2,'2024-10-12 15:27:48','2024-11-27 15:21:26'),(789,8,'Start',0,'2024-10-12 23:48:53','2024-10-13 00:49:39','AUTO',3600,120.00,0,NULL,2,'2024-10-12 15:48:56','2024-11-27 14:35:47'),(790,6,'Start',0,'2024-10-13 00:22:56','2024-10-13 01:23:33','MANUAL',3600,120.00,0,NULL,2,'2024-10-12 16:22:56','2024-11-27 13:07:26'),(791,5,'Start',0,'2024-10-13 00:33:04','2024-10-13 01:18:02','MANUAL',3600,120.00,0,NULL,2,'2024-10-12 16:33:04','2024-11-27 15:21:26'),(792,8,'Start',0,'2024-10-13 00:52:10','2024-10-13 01:52:56','AUTO',3600,120.00,0,NULL,2,'2024-10-12 16:52:11','2024-11-27 14:35:47'),(793,6,'Start',0,'2024-10-13 01:25:35','2024-10-13 02:17:25','MANUAL',3600,120.00,0,NULL,2,'2024-10-12 17:25:35','2024-11-27 13:07:26'),(794,6,'Start Free',0,'2024-10-13 02:17:40','2024-10-13 17:07:54','MANUAL',0,0.00,0,'Employee',2,'2024-10-12 18:17:40','2024-11-27 13:07:26'),(795,7,'Start',0,'2024-10-13 17:42:53','2024-10-13 18:43:51','AUTO',3600,120.00,0,NULL,2,'2024-10-13 09:42:53','2024-11-27 15:14:58'),(796,6,'Start',1,'2024-10-13 18:20:00','2024-10-13 21:17:20','MANUAL',10480,2.00,0,NULL,2,'2024-10-13 10:20:00','2024-11-27 13:07:26'),(797,8,'Start',1,'2024-10-13 18:38:40','2024-10-13 21:18:18','MANUAL',9460,2.00,0,NULL,2,'2024-10-13 10:38:41','2024-11-27 14:35:47'),(798,7,'Start',1,'2024-10-13 19:09:21','2024-10-13 20:09:19','MANUAL',3542,2.00,0,NULL,2,'2024-10-13 11:09:21','2024-11-27 15:14:58'),(799,5,'Start',0,'2024-10-13 19:18:23','2024-10-13 20:09:13','MANUAL',3600,120.00,0,NULL,2,'2024-10-13 11:18:23','2024-11-27 15:21:26'),(800,7,'Start',0,'2024-10-13 20:10:46','2024-10-14 00:14:15','MANUAL',3600,120.00,0,NULL,2,'2024-10-13 12:10:46','2024-11-27 15:14:58'),(801,7,'Extend',0,'2024-10-13 20:10:49',NULL,NULL,3600,120.00,0,NULL,2,'2024-10-13 12:10:50','2024-11-27 15:14:58'),(802,5,'Start',0,'2024-10-13 20:27:02','2024-10-13 21:27:24','MANUAL',3600,120.00,0,NULL,2,'2024-10-13 12:27:02','2024-11-27 15:21:26'),(803,6,'Start',0,'2024-10-13 21:20:22','2024-10-13 22:20:13','MANUAL',3600,120.00,0,NULL,2,'2024-10-13 13:20:25','2024-11-27 13:07:26'),(804,8,'Start',0,'2024-10-13 21:21:50','2024-10-13 23:19:30','MANUAL',3600,120.00,0,NULL,2,'2024-10-13 13:21:51','2024-11-27 14:35:47'),(805,5,'Start',0,'2024-10-13 21:30:50','2024-10-13 22:30:31','MANUAL',3600,120.00,0,NULL,2,'2024-10-13 13:30:53','2024-11-27 15:21:26'),(806,7,'Extend',0,'2024-10-13 22:03:00',NULL,NULL,3600,120.00,0,NULL,2,'2024-10-13 14:03:01','2024-11-27 15:14:58'),(807,8,'Extend',0,'2024-10-13 22:15:56',NULL,NULL,3600,120.00,0,NULL,2,'2024-10-13 14:15:59','2024-11-27 14:35:47'),(808,6,'Start',1,'2024-10-13 22:21:45','2024-10-14 00:30:07','MANUAL',7586,2.00,0,NULL,2,'2024-10-13 14:21:46','2024-11-27 13:07:26'),(809,5,'Start',1,'2024-10-13 22:32:55','2024-10-13 23:58:25','MANUAL',5053,2.00,0,NULL,2,'2024-10-13 14:32:57','2024-11-27 15:21:26'),(810,7,'Extend',0,'2024-10-13 23:02:31',NULL,NULL,3600,120.00,0,NULL,2,'2024-10-13 15:02:32','2024-11-27 15:14:58'),(811,8,'Start',0,'2024-10-13 23:19:35','2024-10-14 00:20:24','AUTO',3600,120.00,0,NULL,2,'2024-10-13 15:19:39','2024-11-27 14:35:47'),(812,5,'Start',0,'2024-10-14 00:02:57','2024-10-14 02:04:45','AUTO',3600,120.00,0,NULL,2,'2024-10-13 16:02:57','2024-11-27 15:21:26'),(813,5,'Extend',0,'2024-10-14 00:03:07',NULL,NULL,3600,120.00,0,NULL,2,'2024-10-13 16:03:08','2024-11-27 15:21:26'),(814,7,'Start',0,'2024-10-14 00:30:24','2024-10-14 01:31:26','AUTO',3600,120.00,0,NULL,2,'2024-10-13 16:30:28','2024-11-27 15:14:58'),(815,6,'Start Free',0,'2024-10-14 00:56:47','2024-10-14 14:49:16','MANUAL',0,0.00,0,'waiter',2,'2024-10-13 16:56:47','2024-11-27 13:07:26'),(816,8,'Start',0,'2024-10-14 15:23:24','2024-10-14 16:24:12','AUTO',3600,120.00,0,NULL,2,'2024-10-14 07:23:24','2024-11-27 14:35:47'),(817,6,'Start',0,'2024-10-14 15:37:09','2024-10-14 16:38:05','AUTO',3600,120.00,0,NULL,2,'2024-10-14 07:37:09','2024-11-27 13:07:26'),(818,7,'Start',0,'2024-10-14 16:29:43','2024-10-14 17:30:41','AUTO',3600,120.00,0,NULL,2,'2024-10-14 08:29:43','2024-11-27 15:14:58'),(819,6,'Start',1,'2024-10-14 16:38:55','2024-10-14 17:29:47','MANUAL',3007,2.00,0,NULL,2,'2024-10-14 08:38:55','2024-11-27 13:07:26'),(820,8,'Start',1,'2024-10-14 16:46:58','2024-10-14 17:56:08','MANUAL',4100,2.00,0,NULL,2,'2024-10-14 08:46:58','2024-11-27 14:35:47'),(821,7,'Start',1,'2024-10-14 18:04:40','2024-10-14 22:48:26','MANUAL',16760,2.00,0,NULL,2,'2024-10-14 10:04:40','2024-11-27 15:14:58'),(822,6,'Start',0,'2024-10-14 20:05:13','2024-10-14 21:06:09','AUTO',3600,120.00,0,NULL,2,'2024-10-14 12:05:13','2024-11-27 13:07:26'),(823,8,'Start',0,'2024-10-14 20:52:23','2024-10-14 21:51:47','MANUAL',3600,120.00,0,NULL,2,'2024-10-14 12:52:24','2024-11-27 14:35:47'),(824,6,'Start',0,'2024-10-14 21:07:42','2024-10-14 23:09:33','AUTO',3600,120.00,0,NULL,2,'2024-10-14 13:07:42','2024-11-27 13:07:26'),(825,6,'Extend',0,'2024-10-14 21:07:46',NULL,NULL,3600,120.00,0,NULL,2,'2024-10-14 13:07:47','2024-11-27 13:07:26'),(826,5,'Start',1,'2024-10-14 21:19:56','2024-10-14 22:29:09','MANUAL',4092,2.00,0,NULL,2,'2024-10-14 13:19:57','2024-11-27 15:21:26'),(827,8,'Start',1,'2024-10-14 21:52:20','2024-10-14 22:24:29','MANUAL',1906,2.00,0,NULL,2,'2024-10-14 13:52:20','2024-11-27 14:35:47'),(828,8,'Start',0,'2024-10-14 22:25:18','2024-10-14 22:50:20','MANUAL',3600,120.00,0,NULL,2,'2024-10-14 14:25:18','2024-11-27 14:35:47'),(829,5,'Start',0,'2024-10-14 22:32:46','2024-10-14 23:28:24','MANUAL',3600,120.00,0,NULL,2,'2024-10-14 14:32:46','2024-11-27 15:21:26'),(830,7,'Start',1,'2024-10-14 22:49:57','2024-10-15 01:00:37','MANUAL',7717,2.00,0,NULL,2,'2024-10-14 14:49:58','2024-11-27 15:14:58'),(831,8,'Start',0,'2024-10-14 22:52:47','2024-10-14 23:53:32','AUTO',3600,120.00,0,NULL,2,'2024-10-14 14:52:47','2024-11-27 14:35:47'),(832,6,'Start',0,'2024-10-14 23:12:18','2024-10-15 00:13:14','AUTO',3600,120.00,0,NULL,2,'2024-10-14 15:12:18','2024-11-27 13:07:26'),(833,5,'Start',0,'2024-10-14 23:31:11','2024-10-15 01:32:59','AUTO',3600,120.00,0,NULL,2,'2024-10-14 15:31:11','2024-11-27 15:21:26'),(834,8,'Start',0,'2024-10-14 23:55:46','2024-10-15 00:43:58','MANUAL',3600,120.00,0,NULL,2,'2024-10-14 15:55:47','2024-11-27 14:35:47'),(835,6,'Start',0,'2024-10-15 00:15:28','2024-10-15 01:16:23','AUTO',3600,120.00,0,NULL,2,'2024-10-14 16:15:28','2024-11-27 13:07:26'),(836,5,'Extend',0,'2024-10-15 00:21:21',NULL,NULL,3600,120.00,0,NULL,2,'2024-10-14 16:21:22','2024-11-27 15:21:26'),(837,8,'Start',0,'2024-10-15 00:45:17','2024-10-15 15:19:21','MANUAL',3600,120.00,0,NULL,2,'2024-10-14 16:45:17','2024-11-27 14:35:47'),(838,8,'Extend',0,'2024-10-15 00:45:22',NULL,NULL,3600,120.00,0,NULL,2,'2024-10-14 16:45:22','2024-11-27 14:35:47'),(839,7,'Start',0,'2024-10-15 01:04:48','2024-10-15 02:05:46','AUTO',3600,120.00,0,NULL,2,'2024-10-14 17:04:48','2024-11-27 15:14:58'),(840,6,'Start Free',0,'2024-10-15 01:17:38','2024-10-15 15:19:11','MANUAL',0,0.00,0,'Ma\'am Janice',2,'2024-10-14 17:17:39','2024-11-27 13:07:26'),(841,8,'Pause',0,'2024-10-15 15:18:58',NULL,NULL,1442,0.00,0,'Power interrupted',999999,'2024-10-15 07:18:58','2024-11-27 14:35:47'),(842,7,'Start',0,'2024-10-15 15:58:26','2024-10-15 16:59:24','AUTO',3600,120.00,0,NULL,2,'2024-10-15 07:58:26','2024-11-27 15:14:58'),(843,6,'Start',0,'2024-10-15 16:36:03','2024-10-15 17:36:59','AUTO',3600,120.00,0,NULL,2,'2024-10-15 08:36:04','2024-11-27 13:07:26'),(844,8,'Start',1,'2024-10-15 17:15:52','2024-10-15 19:02:55','MANUAL',6345,2.00,0,NULL,2,'2024-10-15 09:15:52','2024-11-27 14:35:47'),(845,7,'Start',0,'2024-10-15 17:17:47','2024-10-15 18:18:45','AUTO',3600,120.00,0,NULL,2,'2024-10-15 09:17:48','2024-11-27 15:14:58'),(846,5,'Start',0,'2024-10-15 17:32:27','2024-10-15 18:33:21','AUTO',3600,120.00,0,NULL,2,'2024-10-15 09:32:27','2024-11-27 15:21:26'),(847,6,'Start',0,'2024-10-15 17:39:27','2024-10-15 18:40:23','AUTO',3600,120.00,0,NULL,2,'2024-10-15 09:39:27','2024-11-27 13:07:26'),(848,7,'Start',0,'2024-10-15 18:24:40','2024-10-15 19:25:38','AUTO',3600,120.00,0,NULL,2,'2024-10-15 10:24:40','2024-11-27 15:14:58'),(849,5,'Start',1,'2024-10-15 18:33:52','2024-10-15 21:38:18','MANUAL',10903,2.00,0,NULL,2,'2024-10-15 10:33:52','2024-11-27 15:21:26'),(850,6,'Start',0,'2024-10-15 18:45:38','2024-10-15 19:46:34','AUTO',3600,120.00,0,NULL,2,'2024-10-15 10:45:39','2024-11-27 13:07:26'),(851,8,'Start',0,'2024-10-15 19:29:11','2024-10-15 20:29:57','AUTO',3600,120.00,0,NULL,2,'2024-10-15 11:29:12','2024-11-27 14:35:47'),(852,7,'Start',0,'2024-10-15 19:44:58','2024-10-15 20:45:56','AUTO',3600,120.00,0,NULL,2,'2024-10-15 11:44:58','2024-11-27 15:14:58'),(853,6,'Start',0,'2024-10-15 19:49:25','2024-10-15 20:42:26','MANUAL',3600,120.00,0,NULL,2,'2024-10-15 11:49:25','2024-11-27 13:07:26'),(854,8,'Start',0,'2024-10-15 20:32:48','2024-10-15 21:31:59','MANUAL',3600,120.00,0,NULL,2,'2024-10-15 12:32:48','2024-11-27 14:35:47'),(855,6,'Start',0,'2024-10-15 20:43:04','2024-10-15 21:43:36','MANUAL',3600,120.00,0,NULL,2,'2024-10-15 12:43:04','2024-11-27 13:07:26'),(856,7,'Start',0,'2024-10-15 20:48:59','2024-10-15 21:47:31','MANUAL',3600,120.00,0,NULL,2,'2024-10-15 12:49:00','2024-11-27 15:14:58'),(857,8,'Start',0,'2024-10-15 21:32:31','2024-10-15 22:33:17','AUTO',3600,120.00,0,NULL,2,'2024-10-15 13:32:32','2024-11-27 14:35:47'),(858,5,'Start',1,'2024-10-15 21:39:17','2024-10-16 00:11:11','MANUAL',8980,2.00,0,NULL,2,'2024-10-15 13:39:18','2024-11-27 15:21:26'),(859,6,'Start',0,'2024-10-15 21:43:55','2024-10-15 22:44:38','MANUAL',3600,120.00,0,NULL,2,'2024-10-15 13:43:55','2024-11-27 13:07:26'),(860,7,'Start',0,'2024-10-15 21:48:49','2024-10-15 22:49:47','AUTO',3600,120.00,0,NULL,2,'2024-10-15 13:48:49','2024-11-27 15:14:58'),(861,8,'Start',0,'2024-10-15 22:34:28','2024-10-15 23:35:13','AUTO',3600,120.00,0,NULL,2,'2024-10-15 14:34:28','2024-11-27 14:35:47'),(862,6,'Start',0,'2024-10-15 22:45:04','2024-10-15 23:45:34','MANUAL',3600,120.00,0,NULL,2,'2024-10-15 14:45:04','2024-11-27 13:07:26'),(863,7,'Start',0,'2024-10-15 22:51:08','2024-10-15 23:51:24','MANUAL',3600,120.00,0,NULL,2,'2024-10-15 14:51:09','2024-11-27 15:14:58'),(864,8,'Start',0,'2024-10-15 23:35:47','2024-10-16 00:36:33','AUTO',3600,120.00,0,NULL,2,'2024-10-15 15:35:47','2024-11-27 14:35:47'),(865,6,'Start',1,'2024-10-15 23:45:55','2024-10-16 01:52:03','MANUAL',7454,2.00,0,NULL,2,'2024-10-15 15:45:55','2024-11-27 13:07:26'),(866,7,'Start',0,'2024-10-15 23:51:58','2024-10-16 01:53:54','AUTO',3600,120.00,0,NULL,2,'2024-10-15 15:51:59','2024-11-27 15:14:58'),(867,5,'Start',0,'2024-10-16 00:14:18','2024-10-16 01:15:12','AUTO',3600,120.00,0,NULL,2,'2024-10-15 16:14:19','2024-11-27 15:21:26'),(868,8,'Start',0,'2024-10-16 00:38:58','2024-10-16 02:10:06','AUTO',3600,120.00,0,NULL,2,'2024-10-15 16:38:58','2024-11-27 14:35:47'),(869,7,'Extend',0,'2024-10-16 00:39:56',NULL,NULL,3600,120.00,0,NULL,2,'2024-10-15 16:39:57','2024-11-27 15:14:58'),(870,8,'Extend',0,'2024-10-16 01:00:22',NULL,NULL,1800,60.00,0,NULL,2,'2024-10-15 17:00:23','2024-11-27 14:35:47'),(871,5,'Start Free',0,'2024-10-16 01:18:31','2024-10-16 16:33:28','MANUAL',0,0.00,0,'waiter',2,'2024-10-15 17:18:31','2024-11-27 15:21:26'),(872,6,'Start',0,'2024-10-16 16:32:13','2024-10-16 18:33:36','MANUAL',3600,120.00,0,NULL,2,'2024-10-16 08:32:14','2024-11-27 13:07:26'),(873,7,'Start',0,'2024-10-16 16:32:27','2024-10-16 17:28:23','MANUAL',3600,120.00,0,NULL,2,'2024-10-16 08:32:27','2024-11-27 15:14:58'),(874,6,'Pause',0,'2024-10-16 16:32:41',NULL,NULL,3600,0.00,0,'Power interrupted',999999,'2024-10-16 08:32:41','2024-11-27 13:07:26'),(875,8,'Start',0,'2024-10-16 16:32:39','2024-10-16 17:03:51','MANUAL',3600,120.00,0,NULL,2,'2024-10-16 08:32:54','2024-11-27 14:35:47'),(876,6,'Resume',0,'2024-10-16 16:32:59',NULL,NULL,0,0.00,0,NULL,2,'2024-10-16 08:32:59','2024-11-27 13:07:26'),(877,7,'Pause',0,'2024-10-16 16:33:15',NULL,NULL,3600,0.00,0,'Power interrupted',999999,'2024-10-16 08:33:15','2024-11-27 15:14:58'),(878,7,'Resume',0,'2024-10-16 16:33:21',NULL,NULL,0,0.00,0,NULL,2,'2024-10-16 08:33:21','2024-11-27 15:14:58'),(879,8,'Pause',0,'2024-10-16 17:03:48',NULL,NULL,1731,0.00,0,NULL,2,'2024-10-16 09:03:48','2024-11-27 14:35:47'),(880,5,'Start',1,'2024-10-16 17:20:34','2024-10-16 18:53:49','MANUAL',5513,2.00,0,NULL,2,'2024-10-16 09:20:34','2024-11-27 15:21:26'),(881,6,'Extend',0,'2024-10-16 17:26:45',NULL,NULL,3600,120.00,0,NULL,2,'2024-10-16 09:26:46','2024-11-27 13:07:26'),(882,7,'Start',0,'2024-10-16 17:29:13','2024-10-16 18:30:11','AUTO',3600,120.00,0,NULL,2,'2024-10-16 09:29:13','2024-11-27 15:14:58'),(883,8,'Start',0,'2024-10-16 18:40:54','2024-10-16 20:42:24','AUTO',3600,120.00,0,NULL,2,'2024-10-16 10:40:54','2024-11-27 14:35:47'),(884,8,'Extend',0,'2024-10-16 18:40:58',NULL,NULL,3600,120.00,0,NULL,2,'2024-10-16 10:40:59','2024-11-27 14:35:47'),(885,6,'Start',0,'2024-10-16 19:17:17','2024-10-16 20:18:13','AUTO',3600,120.00,0,NULL,2,'2024-10-16 11:17:17','2024-11-27 13:07:26'),(886,7,'Start',0,'2024-10-16 19:53:23','2024-10-16 20:53:39','MANUAL',3600,120.00,0,NULL,2,'2024-10-16 11:53:24','2024-11-27 15:14:58'),(887,6,'Start',0,'2024-10-16 20:19:13','2024-10-16 21:20:09','AUTO',3600,120.00,0,NULL,2,'2024-10-16 12:19:14','2024-11-27 13:07:26'),(888,5,'Start',0,'2024-10-16 20:28:55','2024-10-16 21:29:53','AUTO',3600,120.00,0,NULL,2,'2024-10-16 12:28:59','2024-11-27 15:21:26'),(889,8,'Start',0,'2024-10-16 20:47:13','2024-10-16 21:42:53','MANUAL',3600,120.00,0,NULL,2,'2024-10-16 12:47:13','2024-11-27 14:35:47'),(890,6,'Start',0,'2024-10-16 21:20:57','2024-10-16 22:21:54','AUTO',3600,120.00,0,NULL,2,'2024-10-16 13:20:58','2024-11-27 13:07:26'),(891,7,'Start',0,'2024-10-16 21:31:22','2024-10-16 22:32:21','AUTO',3600,120.00,0,NULL,2,'2024-10-16 13:31:23','2024-11-27 15:14:58'),(892,5,'Start',0,'2024-10-16 21:32:46','2024-10-16 22:33:40','AUTO',3600,120.00,0,NULL,2,'2024-10-16 13:32:49','2024-11-27 15:21:26'),(893,8,'Start',0,'2024-10-16 21:45:04','2024-10-16 22:45:50','AUTO',3600,120.00,0,NULL,2,'2024-10-16 13:45:05','2024-11-27 14:35:47'),(894,6,'Start',0,'2024-10-16 22:29:19','2024-10-16 23:31:27','AUTO',3600,120.00,0,NULL,2,'2024-10-16 14:29:20','2024-11-27 13:07:26'),(895,6,'Pause',0,'2024-10-16 22:32:00',NULL,NULL,3439,0.00,0,NULL,2,'2024-10-16 14:32:01','2024-11-27 13:07:26'),(896,6,'Resume',0,'2024-10-16 22:33:13',NULL,NULL,0,0.00,0,NULL,2,'2024-10-16 14:33:13','2024-11-27 13:07:26'),(897,7,'Start',0,'2024-10-16 22:47:17','2024-10-16 23:44:06','MANUAL',3600,120.00,0,NULL,2,'2024-10-16 14:47:17','2024-11-27 15:14:58'),(898,8,'Start',0,'2024-10-16 23:24:00','2024-10-17 00:24:46','AUTO',3600,120.00,0,NULL,2,'2024-10-16 15:24:01','2024-11-27 14:35:47'),(899,5,'Start',0,'2024-10-16 23:31:16','2024-10-17 01:33:04','AUTO',3600,120.00,0,NULL,2,'2024-10-16 15:31:16','2024-11-27 15:21:26'),(900,6,'Start',0,'2024-10-16 23:41:39','2024-10-17 00:42:35','AUTO',3600,120.00,0,NULL,2,'2024-10-16 15:41:40','2024-11-27 13:07:26'),(901,7,'Start',0,'2024-10-16 23:46:59','2024-10-17 00:47:57','AUTO',3600,120.00,0,NULL,2,'2024-10-16 15:46:59','2024-11-27 15:14:58'),(902,5,'Extend',0,'2024-10-17 00:21:52',NULL,NULL,3600,120.00,0,NULL,2,'2024-10-16 16:21:53','2024-11-27 15:21:26'),(903,8,'Start',0,'2024-10-17 00:26:54','2024-10-17 01:27:39','AUTO',3600,120.00,0,NULL,2,'2024-10-16 16:26:54','2024-11-27 14:35:47'),(904,7,'Start',0,'2024-10-17 01:04:00','2024-10-17 02:02:28','MANUAL',3600,120.00,0,NULL,2,'2024-10-16 17:04:00','2024-11-27 15:14:58'),(905,6,'Start',0,'2024-10-17 01:07:01','2024-10-17 02:07:58','AUTO',3600,120.00,0,NULL,2,'2024-10-16 17:07:02','2024-11-27 13:07:26'),(906,8,'Start Free',0,'2024-10-17 01:31:34','2024-10-17 15:20:14','MANUAL',0,0.00,0,'Ma\'am Janice',2,'2024-10-16 17:31:35','2024-11-27 14:35:47'),(907,5,'Start',0,'2024-10-17 15:25:08','2024-10-17 16:25:36','MANUAL',3600,120.00,0,NULL,2,'2024-10-17 07:25:08','2024-11-27 15:21:26'),(908,7,'Start',0,'2024-10-17 16:23:55','2024-10-17 17:21:16','MANUAL',3600,120.00,0,NULL,2,'2024-10-17 08:23:55','2024-11-27 15:14:58'),(909,8,'Start',0,'2024-10-17 16:48:09','2024-10-17 17:48:55','AUTO',3600,120.00,0,NULL,2,'2024-10-17 08:48:10','2024-11-27 14:35:47'),(910,6,'Start',0,'2024-10-17 16:49:30','2024-10-17 17:50:26','AUTO',3600,120.00,0,NULL,2,'2024-10-17 08:49:31','2024-11-27 13:07:26'),(911,5,'Start',0,'2024-10-17 16:53:14','2024-10-17 18:55:02','AUTO',3600,120.00,0,NULL,2,'2024-10-17 08:53:14','2024-11-27 15:21:26'),(912,5,'Extend',0,'2024-10-17 16:53:21',NULL,NULL,3600,120.00,0,NULL,2,'2024-10-17 08:53:23','2024-11-27 15:21:26'),(913,7,'Pause',0,'2024-10-17 17:20:19',NULL,NULL,276,0.00,0,'Power interrupted',999999,'2024-10-17 09:20:19','2024-11-27 15:14:58'),(914,7,'Extend',0,'2024-10-17 17:20:40',NULL,NULL,3600,120.00,0,NULL,2,'2024-10-17 09:20:40','2024-11-27 15:14:58'),(915,7,'Resume',0,'2024-10-17 17:21:03',NULL,NULL,0,0.00,0,NULL,2,'2024-10-17 09:21:03','2024-11-27 15:14:58'),(916,7,'Start',1,'2024-10-17 17:24:16','2024-10-17 21:15:51','MANUAL',13677,2.00,0,NULL,2,'2024-10-17 09:24:19','2024-11-27 15:14:58'),(917,6,'Start',0,'2024-10-17 17:53:25','2024-10-17 18:54:20','AUTO',3600,120.00,0,NULL,2,'2024-10-17 09:53:25','2024-11-27 13:07:26'),(918,8,'Start',0,'2024-10-17 18:05:34','2024-10-17 19:06:15','MANUAL',3600,120.00,0,NULL,2,'2024-10-17 10:05:34','2024-11-27 14:35:47'),(919,5,'Start',0,'2024-10-17 18:58:22','2024-10-17 21:00:11','AUTO',3600,120.00,0,NULL,2,'2024-10-17 10:58:23','2024-11-27 15:21:26'),(920,6,'Start',0,'2024-10-17 18:58:27','2024-10-17 19:55:01','MANUAL',3600,120.00,0,NULL,2,'2024-10-17 10:58:28','2024-11-27 13:07:26'),(921,8,'Start',0,'2024-10-17 19:07:53','2024-10-17 20:06:37','MANUAL',3600,120.00,0,NULL,2,'2024-10-17 11:07:54','2024-11-27 14:35:47'),(922,5,'Extend',0,'2024-10-17 19:43:55',NULL,NULL,3600,120.00,0,NULL,2,'2024-10-17 11:43:56','2024-11-27 15:21:26'),(923,6,'Start',1,'2024-10-17 19:55:42','2024-10-17 20:50:37','MANUAL',3245,2.00,0,NULL,2,'2024-10-17 11:55:43','2024-11-27 13:07:26'),(924,8,'Start',0,'2024-10-17 20:24:34','2024-10-17 21:25:19','AUTO',3600,120.00,0,NULL,2,'2024-10-17 12:24:34','2024-11-27 14:35:47'),(925,6,'Start',1,'2024-10-17 20:55:06','2024-10-17 21:35:48','MANUAL',2405,2.00,0,NULL,2,'2024-10-17 12:55:07','2024-11-27 13:07:26'),(926,5,'Start',0,'2024-10-17 21:04:55','2024-10-17 21:35:29','MANUAL',3600,120.00,0,NULL,2,'2024-10-17 13:04:56','2024-11-27 15:21:26'),(927,7,'Start',1,'2024-10-17 21:17:16','2024-10-18 00:06:08','MANUAL',9974,2.00,0,NULL,2,'2024-10-17 13:17:16','2024-11-27 15:14:58'),(928,8,'Start',1,'2024-10-17 21:35:33','2024-10-17 23:23:15','MANUAL',6384,2.00,0,NULL,2,'2024-10-17 13:35:33','2024-11-27 14:35:47'),(929,5,'Start',0,'2024-10-17 21:37:37','2024-10-17 22:29:55','MANUAL',3600,120.00,0,NULL,2,'2024-10-17 13:37:37','2024-11-27 15:21:26'),(930,6,'Start',0,'2024-10-17 21:45:47','2024-10-17 22:46:43','AUTO',3600,120.00,0,NULL,2,'2024-10-17 13:45:47','2024-11-27 13:07:26'),(931,5,'Start',0,'2024-10-17 22:31:50','2024-10-17 23:32:48','AUTO',3600,120.00,0,NULL,2,'2024-10-17 14:31:51','2024-11-27 15:21:26'),(932,6,'Start',0,'2024-10-17 22:48:20','2024-10-17 23:49:17','AUTO',3600,120.00,0,NULL,2,'2024-10-17 14:48:23','2024-11-27 13:07:26'),(933,8,'Start',0,'2024-10-17 23:34:04','2024-10-18 00:34:50','AUTO',3600,120.00,0,NULL,2,'2024-10-17 15:34:05','2024-11-27 14:35:47'),(934,6,'Start',0,'2024-10-17 23:51:44','2024-10-18 00:52:39','MANUAL',3600,120.00,0,NULL,2,'2024-10-17 15:51:44','2024-11-27 13:07:26'),(935,7,'Start',0,'2024-10-18 00:08:37','2024-10-18 00:11:50','MANUAL',3600,120.00,0,NULL,2,'2024-10-17 16:08:37','2024-11-27 15:14:58'),(936,7,'Start',0,'2024-10-18 00:17:09','2024-10-18 01:18:07','AUTO',3600,120.00,0,NULL,2,'2024-10-17 16:17:09','2024-11-27 15:14:58'),(937,8,'Start',0,'2024-10-18 15:26:00','2024-10-18 16:26:46','AUTO',3600,120.00,0,NULL,2,'2024-10-18 07:26:02','2024-11-27 14:35:47'),(938,5,'Start',0,'2024-10-18 15:26:11','2024-10-18 16:27:05','AUTO',3600,120.00,0,NULL,2,'2024-10-18 07:26:11','2024-11-27 15:21:26'),(939,7,'Start',1,'2024-10-18 15:26:15','2024-10-18 16:53:17','MANUAL',5139,2.00,0,NULL,2,'2024-10-18 07:26:16','2024-11-27 15:14:58'),(940,6,'Start',0,'2024-10-18 15:39:09','2024-10-18 16:40:05','AUTO',3600,120.00,0,NULL,2,'2024-10-18 07:39:10','2024-11-27 13:07:26'),(941,5,'Start',1,'2024-10-18 16:28:57','2024-10-18 16:30:13','MANUAL',76,2.00,0,NULL,2,'2024-10-18 08:28:57','2024-11-27 15:21:26'),(942,8,'Start',0,'2024-10-18 16:29:42','2024-10-18 16:30:00','MANUAL',3600,120.00,0,NULL,2,'2024-10-18 08:29:42','2024-11-27 14:35:47'),(943,8,'Start',1,'2024-10-18 16:30:06','2024-10-18 19:04:05','MANUAL',9123,2.00,0,NULL,2,'2024-10-18 08:30:09','2024-11-27 14:35:47'),(944,5,'Start',0,'2024-10-18 16:30:24','2024-10-18 17:28:28','MANUAL',3600,120.00,0,NULL,2,'2024-10-18 08:30:24','2024-11-27 15:21:26'),(945,6,'Start',0,'2024-10-18 16:43:18','2024-10-18 17:40:39','MANUAL',3600,120.00,0,NULL,2,'2024-10-18 08:43:21','2024-11-27 13:07:26'),(946,7,'Start',0,'2024-10-18 17:15:22','2024-10-18 21:19:01','MANUAL',3600,120.00,0,NULL,2,'2024-10-18 09:15:23','2024-11-27 15:14:58'),(947,5,'Start',0,'2024-10-18 17:29:45','2024-10-18 18:30:12','MANUAL',3600,120.00,0,NULL,2,'2024-10-18 09:29:46','2024-11-27 15:21:26'),(948,6,'Start',1,'2024-10-18 17:41:22','2024-10-18 19:45:37','MANUAL',7340,2.00,0,NULL,2,'2024-10-18 09:41:25','2024-11-27 13:07:26'),(949,7,'Extend',0,'2024-10-18 17:46:37',NULL,NULL,3600,120.00,0,NULL,2,'2024-10-18 09:46:38','2024-11-27 15:14:58'),(950,5,'Start',0,'2024-10-18 18:32:57','2024-10-18 19:33:51','AUTO',3600,120.00,0,NULL,2,'2024-10-18 10:32:57','2024-11-27 15:21:26'),(951,8,'Start',0,'2024-10-18 19:05:57','2024-10-18 20:06:49','MANUAL',3600,120.00,0,NULL,2,'2024-10-18 11:05:57','2024-11-27 14:35:47'),(952,7,'Extend',0,'2024-10-18 19:15:40',NULL,NULL,3600,120.00,0,NULL,2,'2024-10-18 11:15:41','2024-11-27 15:14:58'),(953,5,'Start',1,'2024-10-18 19:43:17','2024-10-18 20:54:44','MANUAL',4210,2.00,0,NULL,2,'2024-10-18 11:43:33','2024-11-27 15:21:26'),(954,5,'Start',1,'2024-10-18 19:43:34',NULL,NULL,0,2.00,0,NULL,2,'2024-10-18 11:43:35','2024-11-27 15:21:26'),(955,6,'Start',1,'2024-10-18 19:45:52','2024-10-18 23:15:54','MANUAL',12404,2.00,0,NULL,2,'2024-10-18 11:45:59','2024-11-27 13:07:26'),(956,7,'Extend',0,'2024-10-18 20:04:45',NULL,NULL,3600,120.00,0,NULL,2,'2024-10-18 12:04:45','2024-11-27 15:14:58'),(957,8,'Start',1,'2024-10-18 20:09:29','2024-10-18 20:53:19','MANUAL',2599,2.00,0,NULL,2,'2024-10-18 12:09:30','2024-11-27 14:35:47'),(958,8,'Start',1,'2024-10-18 20:54:33','2024-10-18 22:12:20','MANUAL',4611,2.00,0,NULL,2,'2024-10-18 12:54:33','2024-11-27 14:35:47'),(959,5,'Start',0,'2024-10-18 21:04:17','2024-10-18 22:05:12','AUTO',3600,120.00,0,NULL,2,'2024-10-18 13:04:17','2024-11-27 15:21:26'),(960,7,'Start',1,'2024-10-18 21:19:25','2024-10-19 00:30:07','MANUAL',11261,2.00,0,NULL,2,'2024-10-18 13:19:28','2024-11-27 15:14:58'),(961,5,'Start',0,'2024-10-18 22:12:46','2024-10-18 23:13:41','AUTO',3600,120.00,0,NULL,2,'2024-10-18 14:12:46','2024-11-27 15:21:26'),(962,8,'Start',0,'2024-10-18 22:31:19','2024-10-18 23:32:05','AUTO',3600,120.00,0,NULL,2,'2024-10-18 14:31:19','2024-11-27 14:35:47'),(963,6,'Start',0,'2024-10-18 23:17:34','2024-10-19 00:18:30','AUTO',3600,120.00,0,NULL,2,'2024-10-18 15:17:34','2024-11-27 13:07:26'),(964,5,'Start',0,'2024-10-18 23:21:42','2024-10-19 00:22:37','AUTO',3600,120.00,0,NULL,2,'2024-10-18 15:21:42','2024-11-27 15:21:26'),(965,8,'Start',0,'2024-10-18 23:35:58','2024-10-19 00:36:44','AUTO',3600,120.00,0,NULL,2,'2024-10-18 15:35:58','2024-11-27 14:35:47'),(966,6,'Start',0,'2024-10-19 00:20:03','2024-10-19 01:20:59','AUTO',3600,120.00,0,NULL,2,'2024-10-18 16:20:04','2024-11-27 13:07:26'),(967,7,'Start',0,'2024-10-19 00:58:58','2024-10-19 01:59:57','AUTO',3600,120.00,0,NULL,2,'2024-10-18 16:58:59','2024-11-27 15:14:58'),(968,6,'Start Free',0,'2024-10-19 01:45:20','2024-10-19 15:03:56','MANUAL',0,0.00,0,'b',2,'2024-10-18 17:45:20','2024-11-27 13:07:26'),(969,7,'Start',1,'2024-10-19 15:04:00','2024-10-19 17:02:40','MANUAL',7008,2.00,0,NULL,2,'2024-10-19 07:04:01','2024-11-27 15:14:58'),(970,6,'Start',1,'2024-10-19 15:07:54','2024-10-19 19:04:25','MANUAL',13977,2.00,0,NULL,2,'2024-10-19 07:07:55','2024-11-27 13:07:26'),(971,5,'Start',0,'2024-10-19 15:12:03','2024-10-19 17:13:50','AUTO',3600,120.00,0,NULL,2,'2024-10-19 07:12:03','2024-11-27 15:21:26'),(972,5,'Extend',0,'2024-10-19 15:12:08',NULL,NULL,3600,120.00,0,NULL,2,'2024-10-19 07:12:09','2024-11-27 15:21:26'),(973,8,'Start',0,'2024-10-19 15:31:25','2024-10-19 16:32:02','MANUAL',3600,120.00,0,NULL,2,'2024-10-19 07:31:25','2024-11-27 14:35:47'),(974,8,'Start',0,'2024-10-19 16:32:54','2024-10-19 17:33:42','AUTO',3600,120.00,0,NULL,2,'2024-10-19 08:32:57','2024-11-27 14:35:47'),(975,7,'Start',0,'2024-10-19 17:06:17','2024-10-19 18:07:15','AUTO',3600,120.00,0,NULL,2,'2024-10-19 09:06:18','2024-11-27 15:14:58'),(976,5,'Start',0,'2024-10-19 17:25:58','2024-10-19 18:46:55','MANUAL',3600,120.00,0,NULL,2,'2024-10-19 09:26:01','2024-11-27 15:21:26'),(977,5,'Extend',0,'2024-10-19 17:26:05',NULL,NULL,1800,60.00,0,NULL,2,'2024-10-19 09:26:06','2024-11-27 15:21:26'),(978,8,'Start',0,'2024-10-19 17:38:27','2024-10-19 18:39:12','AUTO',3600,120.00,0,NULL,2,'2024-10-19 09:38:27','2024-11-27 14:35:47'),(979,7,'Start',0,'2024-10-19 18:31:32','2024-10-19 19:32:31','AUTO',3600,120.00,0,NULL,2,'2024-10-19 10:31:32','2024-11-27 15:14:58'),(980,8,'Start',1,'2024-10-19 18:40:18','2024-10-19 20:34:26','MANUAL',6764,2.00,0,NULL,2,'2024-10-19 10:40:21','2024-11-27 14:35:47'),(981,5,'Start',0,'2024-10-19 18:47:02','2024-10-19 19:47:56','AUTO',3600,120.00,0,NULL,2,'2024-10-19 10:47:04','2024-11-27 15:21:26'),(982,6,'Start',0,'2024-10-19 19:05:41','2024-10-19 20:05:50','MANUAL',3600,120.00,0,NULL,2,'2024-10-19 11:05:41','2024-11-27 13:07:26'),(983,7,'Start',0,'2024-10-19 19:33:45','2024-10-19 20:34:43','AUTO',3600,120.00,0,NULL,2,'2024-10-19 11:33:45','2024-11-27 15:14:58'),(984,5,'Start',0,'2024-10-19 19:56:33','2024-10-19 20:57:28','AUTO',3600,120.00,0,NULL,2,'2024-10-19 11:56:34','2024-11-27 15:21:26'),(985,6,'Start',0,'2024-10-19 20:06:35','2024-10-19 21:07:32','AUTO',3600,120.00,0,NULL,2,'2024-10-19 12:06:36','2024-11-27 13:07:26'),(986,7,'Start',1,'2024-10-19 20:35:01','2024-10-19 22:18:19','MANUAL',6101,2.00,0,NULL,2,'2024-10-19 12:35:01','2024-11-27 15:14:58'),(987,8,'Start',0,'2024-10-19 20:36:28','2024-10-19 21:37:14','AUTO',3600,120.00,0,NULL,2,'2024-10-19 12:36:28','2024-11-27 14:35:47'),(988,5,'Start',0,'2024-10-19 21:12:02','2024-10-19 22:12:56','AUTO',3600,120.00,0,NULL,2,'2024-10-19 13:12:02','2024-11-27 15:21:26'),(989,6,'Start',0,'2024-10-19 21:31:39','2024-10-19 22:18:38','MANUAL',3600,120.00,0,NULL,2,'2024-10-19 13:31:39','2024-11-27 13:07:26'),(990,8,'Start',0,'2024-10-19 21:37:59','2024-10-19 22:38:44','AUTO',3600,120.00,0,NULL,2,'2024-10-19 13:37:59','2024-11-27 14:35:47'),(991,6,'Start',0,'2024-10-19 22:24:05','2024-10-19 23:25:01','AUTO',3600,120.00,0,NULL,2,'2024-10-19 14:24:05','2024-11-27 13:07:26'),(992,5,'Start',0,'2024-10-19 22:33:21','2024-10-19 23:34:15','AUTO',3600,120.00,0,NULL,2,'2024-10-19 14:33:21','2024-11-27 15:21:26'),(993,8,'Start',0,'2024-10-19 22:55:58','2024-10-19 23:56:44','AUTO',3600,120.00,0,NULL,2,'2024-10-19 14:55:58','2024-11-27 14:35:47'),(994,7,'Start',0,'2024-10-19 23:09:53','2024-10-20 00:10:51','AUTO',3600,120.00,0,NULL,2,'2024-10-19 15:09:53','2024-11-27 15:14:58'),(995,6,'Start',0,'2024-10-19 23:32:35','2024-10-20 00:13:54','MANUAL',3600,120.00,0,NULL,2,'2024-10-19 15:32:35','2024-11-27 13:07:26'),(996,5,'Start',0,'2024-10-19 23:50:40','2024-10-20 00:50:49','MANUAL',3600,120.00,0,NULL,2,'2024-10-19 15:50:41','2024-11-27 15:21:26'),(997,8,'Start',1,'2024-10-20 00:10:45','2024-10-20 01:21:03','MANUAL',4167,2.00,0,NULL,2,'2024-10-19 16:10:45','2024-11-27 14:35:47'),(998,7,'Start',0,'2024-10-20 00:13:51','2024-10-20 01:14:49','AUTO',3600,120.00,0,NULL,2,'2024-10-19 16:13:51','2024-11-27 15:14:58'),(999,6,'Start',1,'2024-10-20 00:13:57','2024-10-20 02:00:12','MANUAL',6273,2.00,0,NULL,2,'2024-10-19 16:14:04','2024-11-27 13:07:26'),(1000,7,'Start',0,'2024-10-20 01:21:51','2024-10-20 02:00:06','MANUAL',3600,120.00,0,NULL,2,'2024-10-19 17:21:59','2024-11-27 15:14:58'),(1001,6,'Start',0,'2024-10-20 02:00:16','2024-10-20 17:34:45','MANUAL',3600,120.00,0,NULL,2,'2024-10-19 18:00:20','2024-11-27 13:07:26'),(1002,5,'Start Free',0,'2024-10-20 02:05:20','2024-10-20 17:34:52','MANUAL',0,0.00,0,'Employees: Kuya Mino and Born Joshua',2,'2024-10-19 18:05:20','2024-11-27 15:21:26'),(1003,6,'Pause',0,'2024-10-20 17:23:50',NULL,NULL,1463,0.00,0,'Power interrupted',999999,'2024-10-20 09:23:50','2024-11-27 13:07:26'),(1004,7,'Start',0,'2024-10-20 19:25:04','2024-10-20 20:26:03','AUTO',3600,120.00,0,NULL,2,'2024-10-20 11:25:07','2024-11-27 15:14:58'),(1005,6,'Start',1,'2024-10-20 19:57:10','2024-10-20 21:27:06','MANUAL',5315,2.00,0,NULL,2,'2024-10-20 11:57:11','2024-11-27 13:07:26'),(1006,8,'Start',1,'2024-10-20 20:18:29','2024-10-21 00:04:36','MANUAL',0,2.00,0,NULL,2,'2024-10-20 12:18:30','2024-11-27 14:35:47'),(1007,5,'Start',0,'2024-10-20 20:40:06','2024-10-20 21:41:01','AUTO',3600,120.00,0,NULL,2,'2024-10-20 12:40:07','2024-11-27 15:21:26'),(1008,7,'Start',0,'2024-10-20 20:56:09','2024-10-20 21:57:07','AUTO',3600,120.00,0,NULL,2,'2024-10-20 12:56:10','2024-11-27 15:14:58'),(1009,6,'Start',0,'2024-10-20 21:32:54','2024-10-20 22:33:50','AUTO',3600,120.00,0,NULL,2,'2024-10-20 13:32:54','2024-11-27 13:07:26'),(1010,7,'Start',0,'2024-10-20 22:54:52','2024-10-20 23:55:50','AUTO',3600,120.00,0,NULL,2,'2024-10-20 14:54:52','2024-11-27 15:14:58'),(1011,6,'Start',0,'2024-10-20 23:16:13','2024-10-21 14:37:04','MANUAL',3600,120.00,0,NULL,2,'2024-10-20 15:16:13','2024-11-27 13:07:26'),(1012,6,'Extend',0,'2024-10-20 23:16:17',NULL,NULL,3600,120.00,0,NULL,2,'2024-10-20 15:16:18','2024-11-27 13:07:26'),(1013,6,'Extend',0,'2024-10-20 23:16:22',NULL,NULL,3600,120.00,0,NULL,2,'2024-10-20 15:16:23','2024-11-27 13:07:26'),(1014,7,'Start Free',0,'2024-10-21 01:12:59','2024-10-21 14:39:54','MANUAL',0,0.00,0,'Employees',2,'2024-10-20 17:12:59','2024-11-27 15:14:58'),(1015,5,'Start',0,'2024-10-21 15:27:33','2024-10-21 17:28:17','MANUAL',3600,120.00,0,NULL,2,'2024-10-21 07:27:33','2024-11-27 15:21:26'),(1016,6,'Start',0,'2024-10-21 15:55:05','2024-10-21 17:47:11','MANUAL',3600,120.00,0,NULL,2,'2024-10-21 07:55:05','2024-11-27 13:07:26'),(1017,8,'Start',0,'2024-10-21 15:56:02','2024-10-21 17:57:32','AUTO',3600,120.00,0,NULL,2,'2024-10-21 07:56:02','2024-11-27 14:35:47'),(1018,5,'Extend',0,'2024-10-21 16:19:32',NULL,NULL,3600,120.00,0,NULL,2,'2024-10-21 08:19:33','2024-11-27 15:21:26'),(1019,7,'Start Free',0,'2024-10-21 16:26:06','2024-10-21 17:36:40','MANUAL',0,0.00,0,'ysa',2,'2024-10-21 08:26:06','2024-11-27 15:14:58'),(1020,6,'Extend',0,'2024-10-21 16:46:43',NULL,NULL,3600,120.00,0,NULL,2,'2024-10-21 08:46:44','2024-11-27 13:07:26'),(1021,8,'Extend',0,'2024-10-21 16:52:16',NULL,NULL,3600,120.00,0,NULL,2,'2024-10-21 08:52:17','2024-11-27 14:35:47'),(1022,5,'Start',0,'2024-10-21 17:35:18','2024-10-21 19:36:51','MANUAL',3600,120.00,0,NULL,2,'2024-10-21 09:35:18','2024-11-27 15:21:26'),(1023,6,'Start',0,'2024-10-21 18:24:03','2024-10-21 19:24:01','MANUAL',3600,120.00,0,NULL,2,'2024-10-21 10:24:03','2024-11-27 13:07:26'),(1024,5,'Extend',0,'2024-10-21 18:28:51',NULL,NULL,3600,120.00,0,NULL,2,'2024-10-21 10:28:51','2024-11-27 15:21:26'),(1025,8,'Start',0,'2024-10-21 18:58:55','2024-10-21 19:58:16','MANUAL',3600,120.00,0,NULL,2,'2024-10-21 10:58:55','2024-11-27 14:35:47'),(1026,7,'Start',0,'2024-10-21 19:15:30','2024-10-21 22:18:23','AUTO',3600,120.00,0,NULL,2,'2024-10-21 11:15:30','2024-11-27 15:14:58'),(1027,6,'Start',0,'2024-10-21 19:59:05','2024-10-21 21:57:04','MANUAL',3600,120.00,0,NULL,2,'2024-10-21 11:59:05','2024-11-27 13:07:26'),(1028,8,'Start',0,'2024-10-21 20:00:32','2024-10-21 22:02:02','AUTO',3600,120.00,0,NULL,2,'2024-10-21 12:00:33','2024-11-27 14:35:47'),(1029,7,'Extend',0,'2024-10-21 20:07:08',NULL,NULL,3600,120.00,0,NULL,2,'2024-10-21 12:07:09','2024-11-27 15:14:58'),(1030,5,'Start',0,'2024-10-21 20:17:07','2024-10-21 21:18:05','AUTO',3600,120.00,0,NULL,2,'2024-10-21 12:17:11','2024-11-27 15:21:26'),(1031,6,'Extend',0,'2024-10-21 20:50:36',NULL,NULL,3600,120.00,0,NULL,2,'2024-10-21 12:50:37','2024-11-27 13:07:26'),(1032,8,'Extend',0,'2024-10-21 20:55:06',NULL,NULL,3600,120.00,0,NULL,2,'2024-10-21 12:55:07','2024-11-27 14:35:47'),(1033,7,'Extend',0,'2024-10-21 21:09:41',NULL,NULL,3600,120.00,0,NULL,2,'2024-10-21 13:09:43','2024-11-27 15:14:58'),(1034,5,'Start',0,'2024-10-21 21:20:59','2024-10-21 22:12:36','MANUAL',3600,120.00,0,NULL,2,'2024-10-21 13:20:59','2024-11-27 15:21:26'),(1035,6,'Start',0,'2024-10-21 21:57:10','2024-10-21 23:57:17','MANUAL',3600,120.00,0,NULL,2,'2024-10-21 13:57:13','2024-11-27 13:07:26'),(1036,5,'Start',0,'2024-10-21 22:30:47','2024-10-21 23:31:42','AUTO',3600,120.00,0,NULL,2,'2024-10-21 14:30:48','2024-11-27 15:21:26'),(1037,7,'Start',0,'2024-10-21 22:46:38','2024-10-21 23:47:19','MANUAL',3600,120.00,0,NULL,2,'2024-10-21 14:46:38','2024-11-27 15:14:58'),(1038,8,'Start',1,'2024-10-21 22:51:05','2024-10-22 01:27:21','MANUAL',9262,2.00,0,NULL,2,'2024-10-21 14:51:05','2024-11-27 14:35:47'),(1039,6,'Extend',0,'2024-10-21 22:52:38',NULL,NULL,3600,120.00,0,NULL,2,'2024-10-21 14:52:38','2024-11-27 13:07:26'),(1040,6,'Start',0,'2024-10-22 00:00:54','2024-10-22 01:01:50','AUTO',3600,120.00,0,NULL,2,'2024-10-21 16:00:55','2024-11-27 13:07:26'),(1041,7,'Start',0,'2024-10-22 00:22:45','2024-10-22 01:23:43','AUTO',3600,120.00,0,NULL,2,'2024-10-21 16:22:45','2024-11-27 15:14:58'),(1042,8,'Start Free',0,'2024-10-22 01:27:41','2024-10-22 19:13:12','MANUAL',0,0.00,0,'Employees',2,'2024-10-21 17:27:41','2024-11-27 14:35:47'),(1043,5,'Start Free',0,'2024-10-22 19:09:42','2024-10-23 16:18:15','MANUAL',0,0.00,0,'d',2,'2024-10-22 11:09:43','2024-11-27 15:21:26'),(1044,8,'Start Free',0,'2024-10-22 19:13:21','2024-10-23 16:18:07','MANUAL',0,0.00,0,'c',2,'2024-10-22 11:13:21','2024-11-27 14:35:47'),(1045,7,'Start Free',0,'2024-10-23 17:25:02','2024-10-23 17:40:43','MANUAL',0,0.00,0,'mam janice',2,'2024-10-23 09:25:02','2024-11-27 15:14:58'),(1046,6,'Start',1,'2024-10-23 17:40:28','2024-10-23 20:24:18','MANUAL',9682,2.00,0,NULL,2,'2024-10-23 09:40:28','2024-11-27 13:07:26'),(1047,7,'Start',0,'2024-10-23 19:10:23','2024-10-23 20:10:29','MANUAL',3600,120.00,0,NULL,2,'2024-10-23 11:10:24','2024-11-27 15:14:58'),(1048,8,'Start',0,'2024-10-23 20:20:19','2024-10-23 21:21:06','AUTO',3600,120.00,0,NULL,2,'2024-10-23 12:20:21','2024-11-27 14:35:47'),(1049,6,'Start',0,'2024-10-23 20:54:28','2024-10-24 16:42:12','MANUAL',3600,120.00,0,NULL,2,'2024-10-23 12:54:29','2024-11-27 13:07:26'),(1050,7,'Start Free',0,'2024-10-23 21:03:07','2024-10-24 16:42:08','MANUAL',0,0.00,0,'sir chino',2,'2024-10-23 13:03:07','2024-11-27 15:14:58'),(1051,6,'Pause',0,'2024-10-23 21:33:58',NULL,NULL,1230,0.00,0,NULL,2,'2024-10-23 13:33:59','2024-11-27 13:07:26'),(1052,5,'Start',0,'2024-10-24 16:42:16','2024-10-24 17:43:10','AUTO',3600,120.00,0,NULL,2,'2024-10-24 08:42:16','2024-11-27 15:21:26'),(1053,7,'Start Free',0,'2024-10-24 17:03:05','2024-10-24 18:04:42','MANUAL',0,0.00,0,'max',2,'2024-10-24 09:03:05','2024-11-27 15:14:58'),(1054,6,'Start',1,'2024-10-24 17:16:51','2024-10-24 19:00:20','MANUAL',6116,2.00,0,NULL,2,'2024-10-24 09:16:51','2024-11-27 13:07:26'),(1055,8,'Start',0,'2024-10-24 17:25:30','2024-10-24 18:26:15','AUTO',3600,120.00,0,NULL,2,'2024-10-24 09:25:30','2024-11-27 14:35:47'),(1056,7,'Start',1,'2024-10-24 18:28:10','2024-10-24 21:31:59','MANUAL',10856,2.00,0,NULL,2,'2024-10-24 10:28:10','2024-11-27 15:14:58'),(1057,6,'Start',0,'2024-10-24 19:09:08','2024-10-24 19:59:21','MANUAL',3600,120.00,0,NULL,2,'2024-10-24 11:09:08','2024-11-27 13:07:26'),(1058,5,'Start',1,'2024-10-24 20:06:52','2024-10-25 00:11:27','MANUAL',14461,2.00,0,NULL,2,'2024-10-24 12:06:52','2024-11-27 15:21:26'),(1059,6,'Start',0,'2024-10-24 20:08:24','2024-10-24 21:09:19','AUTO',3600,120.00,0,NULL,2,'2024-10-24 12:08:24','2024-11-27 13:07:26'),(1060,8,'Start',0,'2024-10-24 20:12:26','2024-10-24 21:13:12','AUTO',3600,120.00,0,NULL,2,'2024-10-24 12:12:27','2024-11-27 14:35:47'),(1061,8,'Start',0,'2024-10-24 21:14:19','2024-10-24 22:15:04','AUTO',3600,120.00,0,NULL,2,'2024-10-24 13:14:19','2024-11-27 14:35:47'),(1062,6,'Start',0,'2024-10-24 21:15:58','2024-10-24 22:16:57','AUTO',3600,120.00,0,NULL,2,'2024-10-24 13:15:59','2024-11-27 13:07:26'),(1063,7,'Start',0,'2024-10-24 21:38:06','2024-10-24 22:38:43','MANUAL',3600,120.00,0,NULL,2,'2024-10-24 13:38:07','2024-11-27 15:14:58'),(1064,7,'Pause',0,'2024-10-24 21:54:37',NULL,NULL,2609,0.00,0,NULL,2,'2024-10-24 13:54:38','2024-11-27 15:14:58'),(1065,7,'Resume',0,'2024-10-24 21:54:42',NULL,NULL,0,0.00,0,NULL,2,'2024-10-24 13:54:42','2024-11-27 15:14:58'),(1066,6,'Start',0,'2024-10-24 22:19:41','2024-10-24 23:20:36','AUTO',3600,120.00,0,NULL,2,'2024-10-24 14:19:41','2024-11-27 13:07:26'),(1067,8,'Start',0,'2024-10-24 22:22:08','2024-10-24 23:22:53','AUTO',3600,120.00,0,NULL,2,'2024-10-24 14:22:08','2024-11-27 14:35:47'),(1068,7,'Start',0,'2024-10-24 22:40:48','2024-10-24 23:41:16','MANUAL',3600,120.00,0,NULL,2,'2024-10-24 14:40:48','2024-11-27 15:14:58'),(1069,6,'Start',0,'2024-10-24 23:23:21','2024-10-25 15:37:58','MANUAL',3600,120.00,0,NULL,2,'2024-10-24 15:23:21','2024-11-27 13:07:26'),(1070,6,'Extend',0,'2024-10-24 23:23:25',NULL,NULL,3600,120.00,0,NULL,2,'2024-10-24 15:23:25','2024-11-27 13:07:26'),(1071,8,'Start',0,'2024-10-24 23:34:51','2024-10-25 00:35:37','AUTO',3600,120.00,0,NULL,2,'2024-10-24 15:34:52','2024-11-27 14:35:47'),(1072,7,'Start',0,'2024-10-24 23:41:58','2024-10-25 00:41:13','MANUAL',3600,120.00,0,NULL,2,'2024-10-24 15:42:01','2024-11-27 15:14:58'),(1073,7,'Start',0,'2024-10-25 00:51:42','2024-10-25 15:38:03','MANUAL',3600,120.00,0,NULL,2,'2024-10-24 16:51:43','2024-11-27 15:14:58'),(1074,5,'Start Free',0,'2024-10-25 01:08:30','2024-10-25 15:49:14','MANUAL',0,0.00,0,'v',2,'2024-10-24 17:08:30','2024-11-27 15:21:26'),(1075,5,'Start',0,'2024-10-25 15:49:37','2024-10-25 17:21:02','AUTO',3600,120.00,0,NULL,2,'2024-10-25 07:49:37','2024-11-27 15:21:26'),(1076,5,'Extend',0,'2024-10-25 15:49:53',NULL,NULL,1800,60.00,0,NULL,2,'2024-10-25 07:49:54','2024-11-27 15:21:26'),(1077,7,'Start Free',0,'2024-10-25 17:15:55','2024-10-25 17:24:26','MANUAL',0,0.00,0,'janice',2,'2024-10-25 09:15:55','2024-11-27 15:14:58'),(1078,6,'Start',0,'2024-10-25 17:21:03','2024-10-25 18:21:59','AUTO',3600,120.00,0,NULL,2,'2024-10-25 09:21:04','2024-11-27 13:07:26'),(1079,7,'Start',1,'2024-10-25 17:42:40','2024-10-25 20:36:50','MANUAL',10286,2.00,0,NULL,2,'2024-10-25 09:42:40','2024-11-27 15:14:58'),(1080,8,'Start',0,'2024-10-25 18:09:09','2024-10-25 19:09:55','AUTO',3600,120.00,0,NULL,2,'2024-10-25 10:09:10','2024-11-27 14:35:47'),(1081,5,'Start',0,'2024-10-25 18:12:02','2024-10-25 19:12:57','AUTO',3600,120.00,0,NULL,2,'2024-10-25 10:12:12','2024-11-27 15:21:26'),(1082,6,'Start',0,'2024-10-25 18:25:48','2024-10-25 19:26:44','AUTO',3600,120.00,0,NULL,2,'2024-10-25 10:25:48','2024-11-27 13:07:26'),(1083,8,'Start',0,'2024-10-25 19:12:03','2024-10-25 20:12:49','AUTO',3600,120.00,0,NULL,2,'2024-10-25 11:12:04','2024-11-27 14:35:47'),(1084,5,'Start Free',0,'2024-10-25 19:14:53','2024-10-25 19:51:04','MANUAL',0,0.00,0,'yssa',2,'2024-10-25 11:14:53','2024-11-27 15:21:26'),(1085,5,'Start Free',0,'2024-10-25 19:58:06','2024-10-25 21:52:16','MANUAL',0,0.00,0,'yssa',2,'2024-10-25 11:58:06','2024-11-27 15:21:26'),(1086,8,'Start',0,'2024-10-25 20:13:43','2024-10-25 21:14:02','MANUAL',3600,120.00,0,NULL,2,'2024-10-25 12:13:44','2024-11-27 14:35:47'),(1087,6,'Start',0,'2024-10-25 20:19:14','2024-10-25 21:20:10','AUTO',3600,120.00,0,NULL,2,'2024-10-25 12:19:17','2024-11-27 13:07:26'),(1088,7,'Start',1,'2024-10-25 20:46:48','2024-10-25 22:00:28','MANUAL',4351,2.00,0,NULL,2,'2024-10-25 12:46:49','2024-11-27 15:14:58'),(1089,8,'Start',0,'2024-10-25 21:14:30','2024-10-25 22:15:15','AUTO',3600,120.00,0,NULL,2,'2024-10-25 13:14:30','2024-11-27 14:35:47'),(1090,6,'Start',1,'2024-10-25 21:24:39','2024-10-25 21:53:50','MANUAL',1725,2.00,0,NULL,2,'2024-10-25 13:24:39','2024-11-27 13:07:26'),(1091,5,'Start',0,'2024-10-25 21:54:05','2024-10-25 21:56:04','MANUAL',3600,120.00,0,NULL,2,'2024-10-25 13:54:06','2024-11-27 15:21:26'),(1092,6,'Start',0,'2024-10-25 21:55:19','2024-10-25 22:56:15','AUTO',3600,120.00,0,NULL,2,'2024-10-25 13:55:19','2024-11-27 13:07:26'),(1093,5,'Start',1,'2024-10-25 21:56:08','2024-10-26 00:13:22','MANUAL',8114,2.00,0,NULL,2,'2024-10-25 13:56:08','2024-11-27 15:21:26'),(1094,7,'Start',1,'2024-10-25 22:01:00','2024-10-25 22:05:12','MANUAL',249,2.00,0,NULL,2,'2024-10-25 14:01:01','2024-11-27 15:14:58'),(1095,7,'Start',0,'2024-10-25 22:09:00','2024-10-25 23:09:59','AUTO',3600,120.00,0,NULL,2,'2024-10-25 14:09:01','2024-11-27 15:14:58'),(1096,8,'Start',0,'2024-10-25 22:20:32','2024-10-25 23:21:18','AUTO',3600,120.00,0,NULL,2,'2024-10-25 14:20:33','2024-11-27 14:35:47'),(1097,6,'Start',0,'2024-10-25 22:57:25','2024-10-25 23:58:22','AUTO',3600,120.00,0,NULL,2,'2024-10-25 14:57:26','2024-11-27 13:07:26'),(1098,8,'Start',0,'2024-10-25 23:22:05','2024-10-26 00:22:50','AUTO',3600,120.00,0,NULL,2,'2024-10-25 15:22:05','2024-11-27 14:35:47'),(1099,7,'Start',0,'2024-10-25 23:29:29','2024-10-26 00:03:44','MANUAL',3600,120.00,0,NULL,2,'2024-10-25 15:29:30','2024-11-27 15:14:58'),(1100,7,'Start',1,'2024-10-26 00:05:01','2024-10-26 01:16:43','MANUAL',4235,2.00,0,NULL,2,'2024-10-25 16:05:04','2024-11-27 15:14:58'),(1101,6,'Start',0,'2024-10-26 01:39:13','2024-10-26 15:24:27','MANUAL',3600,120.00,0,NULL,2,'2024-10-25 17:39:14','2024-11-27 13:07:26'),(1102,5,'Start',0,'2024-10-26 15:24:46','2024-10-26 16:25:42','AUTO',3600,120.00,0,NULL,2,'2024-10-26 07:24:47','2024-11-27 15:21:26'),(1103,6,'Start',0,'2024-10-26 15:26:05','2024-10-26 16:27:02','AUTO',3600,120.00,0,NULL,2,'2024-10-26 07:26:07','2024-11-27 13:07:26'),(1104,8,'Start',0,'2024-10-26 15:49:00','2024-10-26 16:49:46','AUTO',3600,120.00,0,NULL,2,'2024-10-26 07:49:00','2024-11-27 14:35:47'),(1105,5,'Start',1,'2024-10-26 16:26:05','2024-10-26 18:06:06','MANUAL',5914,2.00,0,NULL,2,'2024-10-26 08:26:05','2024-11-27 15:21:26'),(1106,6,'Start',0,'2024-10-26 16:28:15','2024-10-26 18:30:06','AUTO',3600,120.00,0,NULL,2,'2024-10-26 08:28:15','2024-11-27 13:07:26'),(1107,6,'Extend',0,'2024-10-26 16:28:23',NULL,NULL,3600,120.00,0,NULL,2,'2024-10-26 08:28:24','2024-11-27 13:07:26'),(1108,7,'Start',0,'2024-10-26 16:33:52','2024-10-26 17:34:51','AUTO',3600,120.00,0,NULL,2,'2024-10-26 08:33:52','2024-11-27 15:14:58'),(1109,8,'Start',1,'2024-10-26 16:56:46','2024-10-26 18:31:42','MANUAL',5627,2.00,0,NULL,2,'2024-10-26 08:56:46','2024-11-27 14:35:47'),(1110,7,'Start',0,'2024-10-26 17:36:09','2024-10-26 18:36:08','MANUAL',3600,120.00,0,NULL,2,'2024-10-26 09:36:09','2024-11-27 15:14:58'),(1111,5,'Start',1,'2024-10-26 18:13:13','2024-10-26 19:55:36','MANUAL',6053,2.00,0,NULL,2,'2024-10-26 10:13:13','2024-11-27 15:21:26'),(1112,6,'Start',1,'2024-10-26 18:32:09','2024-10-26 19:06:12','MANUAL',2013,2.00,0,NULL,2,'2024-10-26 10:32:09','2024-11-27 13:07:26'),(1113,8,'Start',1,'2024-10-26 18:33:17','2024-10-27 01:00:55','MANUAL',22973,2.00,0,NULL,2,'2024-10-26 10:33:18','2024-11-27 14:35:47'),(1114,7,'Start',0,'2024-10-26 18:36:24','2024-10-26 19:37:23','AUTO',3600,120.00,0,NULL,2,'2024-10-26 10:36:24','2024-11-27 15:14:58'),(1115,6,'Start',0,'2024-10-26 19:08:13','2024-10-26 20:09:09','AUTO',3600,120.00,0,NULL,2,'2024-10-26 11:08:13','2024-11-27 13:07:26'),(1116,7,'Start',1,'2024-10-26 19:40:01','2024-10-26 21:53:27','MANUAL',7880,2.00,0,NULL,2,'2024-10-26 11:40:04','2024-11-27 15:14:58'),(1117,5,'Start',1,'2024-10-26 19:57:47','2024-10-26 20:59:03','MANUAL',3622,2.00,0,NULL,2,'2024-10-26 11:57:48','2024-11-27 15:21:26'),(1118,6,'Start',1,'2024-10-26 20:11:01','2024-10-26 23:48:48','MANUAL',12870,2.00,0,NULL,2,'2024-10-26 12:11:04','2024-11-27 13:07:26'),(1119,5,'Start',0,'2024-10-26 21:06:30','2024-10-26 22:07:27','AUTO',3600,120.00,0,NULL,2,'2024-10-26 13:06:30','2024-11-27 15:21:26'),(1120,7,'Start',0,'2024-10-26 21:55:44','2024-10-26 22:55:53','MANUAL',3600,120.00,0,NULL,2,'2024-10-26 13:55:44','2024-11-27 15:14:58'),(1121,5,'Start',1,'2024-10-26 22:17:10','2024-10-26 23:24:44','MANUAL',3996,2.00,0,NULL,2,'2024-10-26 14:17:10','2024-11-27 15:21:26'),(1122,7,'Start',0,'2024-10-26 22:57:07','2024-10-26 23:58:05','AUTO',3600,120.00,0,NULL,2,'2024-10-26 14:57:07','2024-11-27 15:14:58'),(1123,5,'Start',0,'2024-10-26 23:34:50','2024-10-27 00:35:45','AUTO',3600,120.00,0,NULL,2,'2024-10-26 15:34:51','2024-11-27 15:21:26'),(1124,5,'Start',0,'2024-10-27 00:38:26','2024-10-27 01:39:20','AUTO',3600,120.00,0,NULL,2,'2024-10-26 16:38:26','2024-11-27 15:21:26'),(1125,6,'Start',0,'2024-10-27 00:44:58','2024-10-27 02:22:03','MANUAL',3600,120.00,0,NULL,2,'2024-10-26 16:44:59','2024-11-27 13:07:26'),(1126,6,'Extend',0,'2024-10-27 00:45:02',NULL,NULL,3600,120.00,0,NULL,2,'2024-10-26 16:45:03','2024-11-27 13:07:26'),(1127,7,'Start',0,'2024-10-27 00:54:55','2024-10-27 01:55:03','MANUAL',3600,120.00,0,NULL,2,'2024-10-26 16:54:55','2024-11-27 15:14:58'),(1128,8,'Start',0,'2024-10-27 01:03:05','2024-10-27 02:03:50','AUTO',3600,120.00,0,NULL,2,'2024-10-26 17:03:05','2024-11-27 14:35:47'),(1129,6,'Start Free',0,'2024-10-27 02:22:19','2024-10-27 17:17:43','MANUAL',0,0.00,0,'Ma\'am Janice',2,'2024-10-26 18:22:19','2024-11-27 13:07:26'),(1130,5,'Start',0,'2024-10-27 17:55:54','2024-10-27 19:51:53','MANUAL',3600,120.00,0,NULL,2,'2024-10-27 09:55:54','2024-11-27 15:21:26'),(1131,5,'Extend',0,'2024-10-27 17:56:00',NULL,NULL,3600,120.00,0,NULL,2,'2024-10-27 09:56:01','2024-11-27 15:21:26'),(1132,8,'Start',0,'2024-10-27 18:03:03','2024-10-27 19:03:49','AUTO',3600,120.00,0,NULL,2,'2024-10-27 10:03:04','2024-11-27 14:35:47'),(1133,7,'Start',1,'2024-10-27 18:27:54','2024-10-27 20:18:36','MANUAL',6538,2.00,0,NULL,2,'2024-10-27 10:27:55','2024-11-27 15:14:58'),(1134,6,'Start',0,'2024-10-27 19:05:13','2024-10-27 20:05:22','MANUAL',3600,120.00,0,NULL,2,'2024-10-27 11:05:13','2024-11-27 13:07:26'),(1135,8,'Start',0,'2024-10-27 19:42:18','2024-10-27 22:44:33','AUTO',3600,120.00,0,NULL,2,'2024-10-27 11:42:18','2024-11-27 14:35:47'),(1136,5,'Start',0,'2024-10-27 19:52:54','2024-10-27 20:53:49','AUTO',3600,120.00,0,NULL,2,'2024-10-27 11:52:55','2024-11-27 15:21:26'),(1137,7,'Start',1,'2024-10-27 20:26:37','2024-10-27 22:11:35','MANUAL',6199,2.00,0,NULL,2,'2024-10-27 12:26:38','2024-11-27 15:14:58'),(1138,8,'Extend',0,'2024-10-27 20:35:18',NULL,NULL,3600,120.00,0,NULL,2,'2024-10-27 12:35:19','2024-11-27 14:35:47'),(1139,6,'Start Free',0,'2024-10-27 20:49:26','2024-10-27 21:44:28','MANUAL',0,0.00,0,'ysa',2,'2024-10-27 12:49:26','2024-11-27 13:07:26'),(1140,5,'Start',0,'2024-10-27 21:28:28','2024-10-27 22:29:22','AUTO',3600,120.00,0,NULL,2,'2024-10-27 13:28:28','2024-11-27 15:21:26'),(1141,8,'Extend',0,'2024-10-27 21:35:18',NULL,NULL,3600,120.00,0,NULL,2,'2024-10-27 13:35:20','2024-11-27 14:35:47'),(1142,6,'Start',0,'2024-10-27 21:59:41','2024-10-27 23:00:36','AUTO',3600,120.00,0,NULL,2,'2024-10-27 13:59:41','2024-11-27 13:07:26'),(1143,5,'Start',0,'2024-10-27 23:10:50','2024-10-28 15:28:06','MANUAL',3600,120.00,0,NULL,2,'2024-10-27 15:10:50','2024-11-27 15:21:26'),(1144,5,'Extend',0,'2024-10-27 23:10:54',NULL,NULL,3600,120.00,0,NULL,2,'2024-10-27 15:10:55','2024-11-27 15:21:26'),(1145,5,'Extend',0,'2024-10-27 23:11:00',NULL,NULL,3600,120.00,0,NULL,2,'2024-10-27 15:11:03','2024-11-27 15:21:26'),(1146,7,'Start',1,'2024-10-27 23:23:37','2024-10-27 23:24:32','MANUAL',55,2.00,0,NULL,2,'2024-10-27 15:23:38','2024-11-27 15:14:58'),(1147,7,'Start',0,'2024-10-27 23:24:38','2024-10-28 15:26:04','MANUAL',3600,120.00,0,NULL,2,'2024-10-27 15:24:38','2024-11-27 15:14:58'),(1148,7,'Extend',0,'2024-10-27 23:24:42',NULL,NULL,3600,120.00,0,NULL,2,'2024-10-27 15:24:43','2024-11-27 15:14:58'),(1149,8,'Start',0,'2024-10-27 23:44:45','2024-10-28 00:45:31','AUTO',3600,120.00,0,NULL,2,'2024-10-27 15:44:46','2024-11-27 14:35:47'),(1150,6,'Start',0,'2024-10-27 23:44:59','2024-10-28 00:45:55','AUTO',3600,120.00,0,NULL,2,'2024-10-27 15:44:59','2024-11-27 13:07:26'),(1151,8,'Start Free',0,'2024-10-28 00:48:20','2024-10-28 15:25:59','MANUAL',0,0.00,0,'Kuya Mino and Employees',2,'2024-10-27 16:48:23','2024-11-27 14:35:47'),(1152,7,'Start',0,'2024-10-28 15:26:45','2024-10-28 16:12:03','MANUAL',3600,120.00,0,NULL,2,'2024-10-28 07:26:46','2024-11-27 15:14:58'),(1153,5,'Start',1,'2024-10-28 15:28:47','2024-10-28 18:35:53','MANUAL',11061,2.00,0,NULL,2,'2024-10-28 07:28:48','2024-11-27 15:21:26'),(1154,8,'Start',0,'2024-10-28 15:35:28','2024-10-28 16:36:14','AUTO',3600,120.00,0,NULL,2,'2024-10-28 07:35:29','2024-11-27 14:35:47'),(1155,5,'Start',0,'2024-10-28 19:27:46','2024-10-28 20:28:41','AUTO',3600,120.00,0,NULL,2,'2024-10-28 11:27:46','2024-11-27 15:21:26'),(1156,7,'Start',0,'2024-10-28 19:39:48','2024-10-28 20:22:26','MANUAL',3600,120.00,0,NULL,2,'2024-10-28 11:39:49','2024-11-27 15:14:58'),(1157,6,'Start',0,'2024-10-28 19:42:51','2024-10-28 20:43:47','AUTO',3600,120.00,0,NULL,2,'2024-10-28 11:42:51','2024-11-27 13:07:26'),(1158,8,'Start',0,'2024-10-28 19:45:10','2024-10-28 21:46:43','AUTO',3600,120.00,0,NULL,2,'2024-10-28 11:45:11','2024-11-27 14:35:47'),(1159,8,'Extend',0,'2024-10-28 19:45:18',NULL,NULL,3600,120.00,0,NULL,2,'2024-10-28 11:45:19','2024-11-27 14:35:47'),(1160,7,'Pause',0,'2024-10-28 20:09:01',NULL,NULL,1847,0.00,0,NULL,2,'2024-10-28 12:09:02','2024-11-27 15:14:58'),(1161,7,'Start',0,'2024-10-28 20:22:31','2024-10-28 21:22:39','MANUAL',3600,120.00,0,NULL,2,'2024-10-28 12:22:31','2024-11-27 15:14:58'),(1162,5,'Start',1,'2024-10-28 20:44:35','2024-10-28 22:24:46','MANUAL',5923,2.00,0,NULL,2,'2024-10-28 12:44:36','2024-11-27 15:21:26'),(1163,6,'Start',1,'2024-10-28 21:20:14','2024-10-28 23:23:32','MANUAL',7287,2.00,0,NULL,2,'2024-10-28 13:20:15','2024-11-27 13:07:26'),(1164,7,'Start',0,'2024-10-28 21:43:41','2024-10-28 22:44:40','AUTO',3600,120.00,0,NULL,2,'2024-10-28 13:43:42','2024-11-27 15:14:58'),(1165,8,'Start',1,'2024-10-28 22:02:06','2024-10-29 00:43:41','MANUAL',9576,2.00,0,NULL,2,'2024-10-28 14:02:07','2024-11-27 14:35:47'),(1166,7,'Start',0,'2024-10-28 22:45:54','2024-10-28 23:46:52','AUTO',3600,120.00,0,NULL,2,'2024-10-28 14:45:54','2024-11-27 15:14:58'),(1167,5,'Start',0,'2024-10-28 23:05:35','2024-10-29 00:06:30','AUTO',3600,120.00,0,NULL,2,'2024-10-28 15:05:36','2024-11-27 15:21:26'),(1168,6,'Start',0,'2024-10-28 23:24:51','2024-10-29 00:25:47','AUTO',3600,120.00,0,NULL,2,'2024-10-28 15:24:51','2024-11-27 13:07:26'),(1169,7,'Start',0,'2024-10-29 00:37:11','2024-10-29 01:38:10','AUTO',3600,120.00,0,NULL,2,'2024-10-28 16:37:12','2024-11-27 15:14:58'),(1170,6,'Start',0,'2024-10-29 00:45:50','2024-10-29 01:46:46','AUTO',3600,120.00,0,NULL,2,'2024-10-28 16:45:50','2024-11-27 13:07:26'),(1171,5,'Start',0,'2024-10-29 00:50:52','2024-10-29 15:40:59','MANUAL',3600,120.00,0,NULL,2,'2024-10-28 16:50:52','2024-11-27 15:21:26'),(1172,8,'Start',0,'2024-10-29 15:41:07','2024-10-29 16:31:17','MANUAL',3600,120.00,0,NULL,2,'2024-10-29 07:41:07','2024-11-27 14:35:47'),(1173,5,'Start',0,'2024-10-29 18:15:19','2024-10-29 19:16:10','MANUAL',3600,120.00,0,NULL,2,'2024-10-29 10:15:19','2024-11-27 15:21:26'),(1174,7,'Start',0,'2024-10-29 18:23:30','2024-10-29 19:24:29','AUTO',3600,120.00,0,NULL,2,'2024-10-29 10:23:31','2024-11-27 15:14:58'),(1175,6,'Start',0,'2024-10-29 18:38:21','2024-10-29 19:39:17','AUTO',3600,120.00,0,NULL,2,'2024-10-29 10:38:21','2024-11-27 13:07:26'),(1176,8,'Start',0,'2024-10-29 18:38:24','2024-10-29 19:39:09','AUTO',3600,120.00,0,NULL,2,'2024-10-29 10:38:24','2024-11-27 14:35:47'),(1177,5,'Start',0,'2024-10-29 19:17:32','2024-10-29 20:18:16','MANUAL',3600,120.00,0,NULL,2,'2024-10-29 11:17:33','2024-11-27 15:21:26'),(1178,7,'Start',0,'2024-10-29 19:25:18','2024-10-29 20:26:17','AUTO',3600,120.00,0,NULL,2,'2024-10-29 11:25:19','2024-11-27 15:14:58'),(1179,8,'Start',0,'2024-10-29 19:39:55','2024-10-29 19:40:50','MANUAL',3600,120.00,0,NULL,2,'2024-10-29 11:39:55','2024-11-27 14:35:47'),(1180,6,'Start',0,'2024-10-29 19:40:59','2024-10-29 20:41:54','AUTO',3600,120.00,0,NULL,2,'2024-10-29 11:41:01','2024-11-27 13:07:26'),(1181,8,'Start',0,'2024-10-29 20:20:34','2024-10-29 21:21:19','AUTO',3600,120.00,0,NULL,2,'2024-10-29 12:20:34','2024-11-27 14:35:47'),(1182,7,'Start',0,'2024-10-29 20:26:36','2024-10-29 21:27:34','AUTO',3600,120.00,0,NULL,2,'2024-10-29 12:26:36','2024-11-27 15:14:58'),(1183,5,'Start',1,'2024-10-29 20:40:31','2024-10-29 21:40:07','MANUAL',3524,2.00,0,NULL,2,'2024-10-29 12:40:31','2024-11-27 15:21:26'),(1184,7,'Start',0,'2024-10-29 21:30:28','2024-10-29 22:30:34','MANUAL',3600,120.00,0,NULL,2,'2024-10-29 13:30:29','2024-11-27 15:14:58'),(1185,6,'Start',0,'2024-10-29 21:40:28','2024-10-29 23:05:16','MANUAL',3600,120.00,0,NULL,2,'2024-10-29 13:40:29','2024-11-27 13:07:26'),(1186,8,'Start',0,'2024-10-29 21:43:31','2024-10-29 22:44:17','AUTO',3600,120.00,0,NULL,2,'2024-10-29 13:43:32','2024-11-27 14:35:47'),(1187,6,'Pause',0,'2024-10-29 22:23:30',NULL,NULL,1018,0.00,0,NULL,2,'2024-10-29 14:23:31','2024-11-27 13:07:26'),(1188,7,'Start',1,'2024-10-29 22:31:02','2024-10-29 23:30:59','MANUAL',3542,2.00,0,NULL,2,'2024-10-29 14:31:02','2024-11-27 15:14:58'),(1189,5,'Start',0,'2024-10-29 22:47:24','2024-10-29 23:48:18','AUTO',3600,120.00,0,NULL,2,'2024-10-29 14:47:24','2024-11-27 15:21:26'),(1190,6,'Resume',0,'2024-10-29 23:03:48',NULL,NULL,0,0.00,0,NULL,2,'2024-10-29 15:03:49','2024-11-27 13:07:26'),(1191,8,'Start',1,'2024-10-29 23:05:23','2024-10-30 00:05:43','MANUAL',3575,2.00,0,NULL,2,'2024-10-29 15:05:23','2024-11-27 14:35:47'),(1192,6,'Start',0,'2024-10-29 23:30:54','2024-10-30 00:31:24','MANUAL',3600,120.00,0,NULL,2,'2024-10-29 15:30:54','2024-11-27 13:07:26'),(1193,7,'Start',0,'2024-10-29 23:37:46','2024-10-30 00:38:45','AUTO',3600,120.00,0,NULL,2,'2024-10-29 15:37:47','2024-11-27 15:14:58'),(1194,5,'Start',0,'2024-10-29 23:49:05','2024-10-30 00:49:09','MANUAL',3600,120.00,0,NULL,2,'2024-10-29 15:49:05','2024-11-27 15:21:26'),(1195,8,'Start',0,'2024-10-30 00:05:48','2024-10-30 01:06:31','MANUAL',3600,120.00,0,NULL,2,'2024-10-29 16:05:51','2024-11-27 14:35:47'),(1196,8,'Extend',0,'2024-10-30 00:05:56',NULL,NULL,3600,120.00,0,NULL,2,'2024-10-29 16:05:57','2024-11-27 14:35:47'),(1197,7,'Start',0,'2024-10-30 00:40:02','2024-10-30 01:41:01','AUTO',3600,120.00,0,NULL,2,'2024-10-29 16:40:02','2024-11-27 15:14:58'),(1198,7,'Start',0,'2024-10-30 15:30:49','2024-10-30 16:28:41','MANUAL',3600,120.00,0,NULL,2,'2024-10-30 07:30:49','2024-11-27 15:14:58'),(1199,8,'Start',0,'2024-10-30 17:45:01','2024-10-30 19:46:33','AUTO',3600,120.00,0,NULL,2,'2024-10-30 09:45:02','2024-11-27 14:35:47'),(1200,8,'Extend',0,'2024-10-30 17:45:20',NULL,NULL,3600,120.00,0,NULL,2,'2024-10-30 09:45:24','2024-11-27 14:35:47'),(1201,6,'Start',0,'2024-10-30 18:03:44','2024-10-30 20:02:42','MANUAL',3600,120.00,0,NULL,2,'2024-10-30 10:03:45','2024-11-27 13:07:26'),(1202,7,'Start',1,'2024-10-30 18:05:00','2024-10-30 21:03:27','MANUAL',10540,2.00,0,NULL,2,'2024-10-30 10:05:00','2024-11-27 15:14:58'),(1203,5,'Start',0,'2024-10-30 18:15:46','2024-10-30 19:14:54','MANUAL',3600,120.00,0,NULL,2,'2024-10-30 10:15:47','2024-11-27 15:21:26'),(1204,6,'Extend',0,'2024-10-30 19:00:13',NULL,NULL,3600,120.00,0,NULL,2,'2024-10-30 11:00:14','2024-11-27 13:07:26'),(1205,5,'Start',0,'2024-10-30 19:15:41','2024-10-30 20:08:50','MANUAL',3600,120.00,0,NULL,2,'2024-10-30 11:15:42','2024-11-27 15:21:26'),(1206,8,'Start',0,'2024-10-30 19:48:21','2024-10-30 20:49:07','AUTO',3600,120.00,0,NULL,2,'2024-10-30 11:48:22','2024-11-27 14:35:47'),(1207,6,'Start',0,'2024-10-30 20:04:09','2024-10-30 21:04:48','MANUAL',3600,120.00,0,NULL,2,'2024-10-30 12:04:09','2024-11-27 13:07:26'),(1208,5,'Start',0,'2024-10-30 20:09:07','2024-10-30 21:10:01','AUTO',3600,120.00,0,NULL,2,'2024-10-30 12:09:07','2024-11-27 15:21:26'),(1209,8,'Start',0,'2024-10-30 20:51:50','2024-10-30 21:52:36','AUTO',3600,120.00,0,NULL,2,'2024-10-30 12:51:51','2024-11-27 14:35:47'),(1210,7,'Start',0,'2024-10-30 21:04:41','2024-10-30 22:05:40','AUTO',3600,120.00,0,NULL,2,'2024-10-30 13:04:42','2024-11-27 15:14:58'),(1211,6,'Start',0,'2024-10-30 21:05:43','2024-10-30 22:06:39','AUTO',3600,120.00,0,NULL,2,'2024-10-30 13:05:43','2024-11-27 13:07:26'),(1212,8,'Start',0,'2024-10-30 21:56:30','2024-10-30 22:56:36','MANUAL',3600,120.00,0,NULL,2,'2024-10-30 13:56:31','2024-11-27 14:35:47'),(1213,7,'Start',1,'2024-10-30 22:07:14','2024-10-31 00:03:12','MANUAL',6848,2.00,0,NULL,2,'2024-10-30 14:07:19','2024-11-27 15:14:58'),(1214,6,'Start',0,'2024-10-30 23:04:59','2024-10-31 00:05:55','AUTO',3600,120.00,0,NULL,2,'2024-10-30 15:05:00','2024-11-27 13:07:26'),(1215,8,'Start',0,'2024-10-30 23:06:05','2024-10-31 00:06:51','AUTO',3600,120.00,0,NULL,2,'2024-10-30 15:06:06','2024-11-27 14:35:47'),(1216,5,'Start',0,'2024-10-30 23:42:07','2024-10-31 00:42:11','MANUAL',3600,120.00,0,NULL,2,'2024-10-30 15:42:07','2024-11-27 15:21:26'),(1217,7,'Start Free',0,'2024-10-31 01:05:58','2024-10-31 15:18:21','MANUAL',0,0.00,0,'m',2,'2024-10-30 17:05:59','2024-11-27 15:14:58'),(1218,6,'Start',0,'2024-10-31 15:48:13','2024-10-31 16:49:09','AUTO',3600,120.00,0,NULL,2,'2024-10-31 07:48:13','2024-11-27 13:07:26'),(1219,7,'Start',0,'2024-10-31 16:56:14','2024-10-31 17:57:14','AUTO',3600,120.00,0,NULL,2,'2024-10-31 08:56:18','2024-11-27 15:14:58'),(1220,8,'Start',1,'2024-10-31 17:28:28','2024-10-31 20:29:27','MANUAL',10725,2.00,0,NULL,2,'2024-10-31 09:28:29','2024-11-27 14:35:47'),(1221,7,'Start',0,'2024-10-31 18:53:30','2024-10-31 19:53:50','MANUAL',3600,120.00,0,NULL,2,'2024-10-31 10:53:31','2024-11-27 15:14:58'),(1222,7,'Start',0,'2024-10-31 19:54:27','2024-10-31 20:55:26','AUTO',3600,120.00,0,NULL,2,'2024-10-31 11:54:28','2024-11-27 15:14:58'),(1223,5,'Start',0,'2024-10-31 19:56:49','2024-10-31 20:55:56','MANUAL',3600,120.00,0,NULL,2,'2024-10-31 11:56:50','2024-11-27 15:21:26'),(1224,6,'Start',0,'2024-10-31 20:28:16','2024-10-31 21:28:36','MANUAL',3600,120.00,0,NULL,2,'2024-10-31 12:28:17','2024-11-27 13:07:26'),(1225,8,'Start',0,'2024-10-31 20:35:17','2024-10-31 21:36:02','AUTO',3600,120.00,0,NULL,2,'2024-10-31 12:35:17','2024-11-27 14:35:47'),(1226,5,'Start',0,'2024-10-31 20:57:39','2024-10-31 21:58:33','AUTO',3600,120.00,0,NULL,2,'2024-10-31 12:57:39','2024-11-27 15:21:26'),(1227,7,'Start',0,'2024-10-31 20:59:22','2024-10-31 22:00:21','AUTO',3600,120.00,0,NULL,2,'2024-10-31 12:59:23','2024-11-27 15:14:58'),(1228,6,'Start',1,'2024-10-31 21:28:58','2024-10-31 23:30:45','MANUAL',7197,2.00,0,NULL,2,'2024-10-31 13:28:59','2024-11-27 13:07:26'),(1229,8,'Start',0,'2024-10-31 21:41:30','2024-10-31 22:42:16','AUTO',3600,120.00,0,NULL,2,'2024-10-31 13:41:30','2024-11-27 14:35:47'),(1230,5,'Start',0,'2024-10-31 21:59:39','2024-10-31 23:00:33','AUTO',3600,120.00,0,NULL,2,'2024-10-31 13:59:39','2024-11-27 15:21:26'),(1231,7,'Start',0,'2024-10-31 22:02:41','2024-10-31 23:01:46','MANUAL',3600,120.00,0,NULL,2,'2024-10-31 14:02:41','2024-11-27 15:14:58'),(1232,8,'Start',1,'2024-10-31 22:42:30','2024-10-31 23:40:32','MANUAL',3441,2.00,0,NULL,2,'2024-10-31 14:42:30','2024-11-27 14:35:47'),(1233,7,'Start',1,'2024-10-31 23:02:17','2024-11-01 02:01:28','MANUAL',10582,2.00,0,NULL,2,'2024-10-31 15:02:18','2024-11-27 15:14:58'),(1234,6,'Start',0,'2024-10-31 23:34:57','2024-11-01 00:35:53','AUTO',3600,120.00,0,NULL,2,'2024-10-31 15:34:58','2024-11-27 13:07:26'),(1235,5,'Start',0,'2024-10-31 23:40:51','2024-11-01 00:41:51','AUTO',3600,120.00,0,NULL,2,'2024-10-31 15:40:58','2024-11-27 15:21:26'),(1236,8,'Start',0,'2024-11-01 00:13:51','2024-11-01 01:14:37','AUTO',3600,120.00,0,NULL,2,'2024-10-31 16:13:52','2024-11-27 14:35:47'),(1237,5,'Start',0,'2024-11-01 00:50:40','2024-11-01 01:51:35','AUTO',3600,120.00,0,NULL,2,'2024-10-31 16:50:40','2024-11-27 15:21:26'),(1238,6,'Start',0,'2024-11-03 17:48:54','2024-11-03 18:28:20','MANUAL',3600,120.00,0,NULL,2,'2024-11-03 09:48:55','2024-11-27 13:07:26'),(1239,7,'Start',0,'2024-11-03 18:02:50','2024-11-03 19:04:38','MANUAL',3600,120.00,0,NULL,2,'2024-11-03 10:02:55','2024-11-27 15:14:58'),(1240,8,'Start',0,'2024-11-03 18:43:41','2024-11-03 19:47:07','MANUAL',3600,120.00,0,NULL,2,'2024-11-03 10:43:41','2024-11-27 14:35:47'),(1241,6,'Start',1,'2024-11-03 18:44:27','2024-11-03 22:04:29','MANUAL',11821,2.00,0,NULL,2,'2024-11-03 10:44:27','2024-11-27 13:07:26'),(1242,5,'Start',1,'2024-11-03 19:00:02','2024-11-03 19:55:43','MANUAL',3293,2.00,0,NULL,2,'2024-11-03 11:00:02','2024-11-27 15:21:26'),(1243,7,'Start',0,'2024-11-03 19:04:46','2024-11-03 20:06:52','MANUAL',3600,120.00,0,NULL,2,'2024-11-03 11:04:46','2024-11-27 15:14:58'),(1244,8,'Start',1,'2024-11-03 19:47:12','2024-11-04 00:03:32','MANUAL',15189,2.00,0,NULL,2,'2024-11-03 11:47:15','2024-11-27 14:35:47'),(1245,5,'Start',0,'2024-11-03 20:09:55','2024-11-03 21:31:54','MANUAL',3600,120.00,0,NULL,2,'2024-11-03 12:09:55','2024-11-27 15:21:26'),(1246,7,'Start',1,'2024-11-03 20:12:15','2024-11-03 21:55:28','MANUAL',6096,2.00,0,NULL,2,'2024-11-03 12:12:16','2024-11-27 15:14:58'),(1247,7,'Start',0,'2024-11-03 21:58:03','2024-11-03 22:59:48','MANUAL',3600,120.00,0,NULL,2,'2024-11-03 13:58:03','2024-11-27 15:14:58'),(1248,6,'Start',0,'2024-11-03 22:06:54','2024-11-03 23:04:06','MANUAL',3600,120.00,0,NULL,2,'2024-11-03 14:06:54','2024-11-27 13:07:26'),(1249,5,'Start',0,'2024-11-03 22:49:17','2024-11-03 23:50:18','MANUAL',3600,120.00,0,NULL,2,'2024-11-03 14:49:17','2024-11-27 15:21:26'),(1250,7,'Start',0,'2024-11-03 22:59:57','2024-11-03 23:50:07','MANUAL',3600,120.00,0,NULL,2,'2024-11-03 14:59:58','2024-11-27 15:14:58'),(1251,6,'Start',1,'2024-11-03 23:04:12','2024-11-03 23:04:08','MANUAL',2,2.00,0,NULL,2,'2024-11-03 15:04:14','2024-11-27 13:07:26'),(1252,6,'Start',0,'2024-11-03 23:06:30','2024-11-04 15:23:27','MANUAL',3600,120.00,0,NULL,2,'2024-11-03 15:06:34','2024-11-27 13:07:26'),(1253,6,'Extend',0,'2024-11-03 23:06:40',NULL,NULL,3600,120.00,0,NULL,2,'2024-11-03 15:06:40','2024-11-27 13:07:26'),(1254,6,'Extend',0,'2024-11-03 23:06:55',NULL,NULL,3600,120.00,0,NULL,2,'2024-11-03 15:06:56','2024-11-27 13:07:26'),(1255,7,'Start',0,'2024-11-03 23:51:21','2024-11-04 00:51:43','MANUAL',3600,120.00,0,NULL,2,'2024-11-03 15:51:21','2024-11-27 15:14:58'),(1256,5,'Start',0,'2024-11-03 23:51:27','2024-11-04 00:51:55','MANUAL',3600,120.00,0,NULL,2,'2024-11-03 15:51:28','2024-11-27 15:21:26'),(1257,8,'Start',0,'2024-11-04 00:39:32','2024-11-04 15:16:39','MANUAL',3600,120.00,0,NULL,2,'2024-11-03 16:39:32','2024-11-27 14:35:47'),(1258,7,'Start Free',0,'2024-11-04 01:00:24','2024-11-04 15:16:47','MANUAL',0,0.00,0,'waiter',2,'2024-11-03 17:00:25','2024-11-27 15:14:58'),(1259,7,'Start',1,'2024-11-04 15:16:54','2024-11-04 16:17:59','MANUAL',3609,2.00,0,NULL,2,'2024-11-04 07:16:54','2024-11-27 15:14:58'),(1260,8,'Start',0,'2024-11-04 17:08:27','2024-11-04 18:09:08','MANUAL',3600,120.00,0,NULL,2,'2024-11-04 09:08:29','2024-11-27 14:35:47'),(1261,5,'Start',0,'2024-11-04 17:11:46','2024-11-04 18:17:19','MANUAL',3600,120.00,0,NULL,2,'2024-11-04 09:11:46','2024-11-27 15:21:26'),(1262,7,'Start Free',0,'2024-11-04 17:29:19','2024-11-04 17:57:26','MANUAL',0,0.00,0,'Ma\'am Janice',2,'2024-11-04 09:29:20','2024-11-27 15:14:58'),(1263,7,'Start',1,'2024-11-04 17:57:29','2024-11-04 19:08:34','MANUAL',4199,2.00,0,NULL,2,'2024-11-04 09:57:29','2024-11-27 15:14:58'),(1264,6,'Start',0,'2024-11-04 18:25:41','2024-11-04 19:27:03','MANUAL',3600,120.00,0,NULL,2,'2024-11-04 10:25:42','2024-11-27 13:07:26'),(1265,7,'Start',0,'2024-11-04 19:10:13','2024-11-04 20:14:30','MANUAL',3600,120.00,0,NULL,2,'2024-11-04 11:10:13','2024-11-27 15:14:58'),(1266,6,'Start',0,'2024-11-04 19:58:39','2024-11-04 21:00:05','MANUAL',3600,120.00,0,NULL,2,'2024-11-04 11:58:40','2024-11-27 13:07:26'),(1267,8,'Start',0,'2024-11-04 20:17:50','2024-11-04 21:17:56','MANUAL',3600,120.00,0,NULL,2,'2024-11-04 12:17:50','2024-11-27 14:35:47'),(1268,5,'Start',1,'2024-11-04 20:19:16','2024-11-04 20:21:12','MANUAL',115,2.00,0,NULL,2,'2024-11-04 12:19:16','2024-11-27 15:21:26'),(1269,7,'Start',1,'2024-11-04 20:21:20','2024-11-04 21:44:44','MANUAL',4926,2.00,0,NULL,2,'2024-11-04 12:21:20','2024-11-27 15:14:58'),(1270,5,'Start',1,'2024-11-04 20:25:38','2024-11-04 21:57:00','MANUAL',5401,2.00,0,NULL,2,'2024-11-04 12:25:39','2024-11-27 15:21:26'),(1271,6,'Start',1,'2024-11-04 21:01:20','2024-11-04 22:13:13','MANUAL',4249,2.00,0,NULL,2,'2024-11-04 13:01:20','2024-11-27 13:07:26'),(1272,8,'Start',0,'2024-11-04 21:20:56','2024-11-04 22:21:14','MANUAL',3600,120.00,0,NULL,2,'2024-11-04 13:20:56','2024-11-27 14:35:47'),(1273,7,'Start',1,'2024-11-04 21:45:33','2024-11-05 00:17:24','MANUAL',8969,2.00,0,NULL,2,'2024-11-04 13:45:33','2024-11-27 15:14:58'),(1274,5,'Start',1,'2024-11-04 21:57:15','2024-11-04 23:57:36','MANUAL',7116,2.00,0,NULL,2,'2024-11-04 13:57:15','2024-11-27 15:21:26'),(1275,6,'Start',0,'2024-11-04 22:20:52','2024-11-04 23:21:00','MANUAL',3600,120.00,0,NULL,2,'2024-11-04 14:20:52','2024-11-27 13:07:26'),(1276,8,'Start',0,'2024-11-04 22:22:24','2024-11-04 23:22:44','MANUAL',3600,120.00,0,NULL,2,'2024-11-04 14:22:24','2024-11-27 14:35:47'),(1277,6,'Start',0,'2024-11-04 23:21:52','2024-11-04 23:21:59','MANUAL',3600,120.00,0,NULL,2,'2024-11-04 15:21:52','2024-11-27 13:07:26'),(1278,6,'Start',0,'2024-11-04 23:22:18','2024-11-05 00:30:41','MANUAL',3600,120.00,0,NULL,2,'2024-11-04 15:22:19','2024-11-27 13:07:26'),(1279,8,'Start',0,'2024-11-04 23:23:26','2024-11-05 00:25:06','MANUAL',3600,120.00,0,NULL,2,'2024-11-04 15:23:27','2024-11-27 14:35:47'),(1280,5,'Start',0,'2024-11-04 23:58:36','2024-11-04 23:59:04','MANUAL',3600,120.00,0,NULL,2,'2024-11-04 15:58:37','2024-11-27 15:21:26'),(1281,5,'Extend',0,'2024-11-04 23:58:41',NULL,NULL,3600,120.00,0,NULL,2,'2024-11-04 15:58:42','2024-11-27 15:21:26'),(1282,5,'Start',0,'2024-11-04 23:59:09','2024-11-05 14:47:16','MANUAL',3600,120.00,0,NULL,2,'2024-11-04 15:59:09','2024-11-27 15:21:26'),(1283,5,'Extend',0,'2024-11-04 23:59:14',NULL,NULL,1800,60.00,0,NULL,2,'2024-11-04 15:59:16','2024-11-27 15:21:26'),(1284,7,'Start',0,'2024-11-05 00:21:18','2024-11-05 14:45:39','MANUAL',3600,120.00,0,NULL,2,'2024-11-04 16:21:19','2024-11-27 15:14:58'),(1285,7,'Start',0,'2024-11-05 14:48:02','2024-11-05 15:48:53','MANUAL',3600,120.00,0,NULL,2,'2024-11-05 06:48:02','2024-11-27 15:14:58'),(1286,8,'Start',0,'2024-11-05 15:04:04','2024-11-05 16:05:47','MANUAL',3600,120.00,0,NULL,2,'2024-11-05 07:04:05','2024-11-27 14:35:47'),(1287,6,'Start',1,'2024-11-05 15:52:10','2024-11-05 17:23:21','MANUAL',5388,2.00,0,NULL,2,'2024-11-05 07:52:11','2024-11-27 13:07:26'),(1288,7,'Start',1,'2024-11-05 16:14:23','2024-11-05 19:19:33','MANUAL',10935,2.00,0,NULL,2,'2024-11-05 08:14:24','2024-11-27 15:14:58'),(1289,8,'Start',0,'2024-11-05 16:41:46','2024-11-05 18:13:08','MANUAL',3600,120.00,0,NULL,2,'2024-11-05 08:41:47','2024-11-27 14:35:47'),(1290,6,'Start',0,'2024-11-05 17:48:31','2024-11-05 18:48:38','MANUAL',3600,120.00,0,NULL,2,'2024-11-05 09:48:32','2024-11-27 13:07:26'),(1291,5,'Start',0,'2024-11-05 17:52:06','2024-11-05 18:52:31','MANUAL',3600,120.00,0,NULL,2,'2024-11-05 09:52:06','2024-11-27 15:21:26'),(1292,6,'Start',0,'2024-11-05 18:56:16','2024-11-05 19:57:37','MANUAL',3600,120.00,0,NULL,2,'2024-11-05 10:56:17','2024-11-27 13:07:26'),(1293,8,'Start',0,'2024-11-05 19:04:17','2024-11-05 19:57:42','MANUAL',3600,120.00,0,NULL,2,'2024-11-05 11:04:17','2024-11-27 14:35:47'),(1294,7,'Start',0,'2024-11-05 19:21:25','2024-11-05 20:20:53','MANUAL',3600,120.00,0,NULL,2,'2024-11-05 11:21:26','2024-11-27 15:14:58'),(1295,5,'Start',0,'2024-11-05 19:43:26','2024-11-05 20:44:49','MANUAL',3600,120.00,0,NULL,2,'2024-11-05 11:43:27','2024-11-27 15:21:26'),(1296,6,'Start',0,'2024-11-05 19:59:53','2024-11-05 21:00:35','MANUAL',3600,120.00,0,NULL,2,'2024-11-05 11:59:53','2024-11-27 13:07:26'),(1297,8,'Start',0,'2024-11-05 20:00:02','2024-11-05 21:00:33','MANUAL',3600,120.00,0,NULL,2,'2024-11-05 12:00:03','2024-11-27 14:35:47'),(1298,7,'Start',1,'2024-11-05 20:22:11','2024-11-05 22:22:14','MANUAL',7090,2.00,0,NULL,2,'2024-11-05 12:22:12','2024-11-27 15:14:58'),(1299,5,'Start',0,'2024-11-05 20:46:28','2024-11-05 21:46:33','MANUAL',3600,120.00,0,NULL,2,'2024-11-05 12:46:28','2024-11-27 15:21:26'),(1300,6,'Start',0,'2024-11-05 21:02:00','2024-11-05 21:54:46','MANUAL',3600,120.00,0,NULL,2,'2024-11-05 13:02:01','2024-11-27 13:07:26'),(1301,8,'Start',0,'2024-11-05 21:03:09','2024-11-05 23:03:23','MANUAL',3600,120.00,0,NULL,2,'2024-11-05 13:03:11','2024-11-27 14:35:47'),(1302,5,'Start',1,'2024-11-05 21:47:06','2024-11-05 21:47:36','MANUAL',27,2.00,0,NULL,2,'2024-11-05 13:47:09','2024-11-27 15:21:26'),(1303,5,'Start',1,'2024-11-05 21:49:10','2024-11-06 00:10:30','MANUAL',8358,2.00,0,NULL,2,'2024-11-05 13:49:10','2024-11-27 15:21:26'),(1304,6,'Start',1,'2024-11-05 21:54:52','2024-11-06 00:35:01','MANUAL',9463,2.00,0,NULL,2,'2024-11-05 13:54:55','2024-11-27 13:07:26'),(1305,8,'Extend',0,'2024-11-05 21:57:16',NULL,NULL,3600,120.00,0,NULL,2,'2024-11-05 13:57:17','2024-11-27 14:35:47'),(1306,7,'Start',1,'2024-11-05 22:23:51','2024-11-06 00:32:25','MANUAL',7594,2.00,0,NULL,2,'2024-11-05 14:23:51','2024-11-27 15:14:58'),(1307,8,'Start',0,'2024-11-05 23:11:50','2024-11-06 00:17:15','MANUAL',3600,120.00,0,NULL,2,'2024-11-05 15:11:52','2024-11-27 14:35:47'),(1308,8,'Start',0,'2024-11-06 00:17:28','2024-11-06 14:59:04','MANUAL',3600,120.00,0,NULL,2,'2024-11-05 16:17:29','2024-11-27 14:35:47'),(1309,8,'Extend',0,'2024-11-06 00:21:42',NULL,NULL,3600,120.00,0,NULL,2,'2024-11-05 16:21:43','2024-11-27 14:35:47'),(1310,7,'Start Free',0,'2024-11-06 01:04:02','2024-11-06 14:58:57','MANUAL',0,0.00,0,'waiters',2,'2024-11-05 17:04:03','2024-11-27 15:14:58'),(1311,6,'Start',0,'2024-11-06 15:30:44','2024-11-06 16:33:10','MANUAL',3600,120.00,0,NULL,2,'2024-11-06 07:30:45','2024-11-27 13:07:26'),(1312,8,'Start',0,'2024-11-06 15:33:40','2024-11-06 16:33:38','MANUAL',3600,120.00,0,NULL,2,'2024-11-06 07:33:42','2024-11-27 14:35:47'),(1313,5,'Start',0,'2024-11-06 16:18:30','2024-11-06 17:20:56','MANUAL',3600,120.00,0,NULL,2,'2024-11-06 08:18:30','2024-11-27 15:21:26'),(1314,7,'Start',0,'2024-11-06 16:27:49','2024-11-06 17:32:23','MANUAL',3600,120.00,0,NULL,2,'2024-11-06 08:27:49','2024-11-27 15:14:58'),(1315,6,'Start',0,'2024-11-06 16:45:53','2024-11-06 17:46:50','MANUAL',3600,120.00,0,NULL,2,'2024-11-06 08:45:53','2024-11-27 13:07:26'),(1316,5,'Start Free',0,'2024-11-06 18:39:10','2024-11-06 22:37:37','MANUAL',0,0.00,0,'yssa',2,'2024-11-06 10:39:11','2024-11-27 15:21:26'),(1317,6,'Start',0,'2024-11-06 18:39:17','2024-11-06 19:41:11','MANUAL',3600,120.00,0,NULL,2,'2024-11-06 10:39:18','2024-11-27 13:07:26'),(1318,7,'Start',0,'2024-11-06 18:58:51','2024-11-06 19:57:51','MANUAL',3600,120.00,0,NULL,2,'2024-11-06 10:58:54','2024-11-27 15:14:58'),(1319,8,'Start',0,'2024-11-06 18:59:44','2024-11-06 19:58:47','MANUAL',3600,120.00,0,NULL,2,'2024-11-06 10:59:45','2024-11-27 14:35:47'),(1320,6,'Start',0,'2024-11-06 19:44:46','2024-11-06 20:45:04','MANUAL',3600,120.00,0,NULL,2,'2024-11-06 11:44:47','2024-11-27 13:07:26'),(1321,7,'Start',1,'2024-11-06 19:58:19','2024-11-06 22:00:02','MANUAL',7190,2.00,0,NULL,2,'2024-11-06 11:58:19','2024-11-27 15:14:58'),(1322,8,'Start',0,'2024-11-06 19:59:18','2024-11-06 21:00:10','MANUAL',3600,120.00,0,NULL,2,'2024-11-06 11:59:18','2024-11-27 14:35:47'),(1323,6,'Start',0,'2024-11-06 20:46:09','2024-11-06 22:49:11','MANUAL',3600,120.00,0,NULL,2,'2024-11-06 12:46:09','2024-11-27 13:07:26'),(1324,8,'Start',0,'2024-11-06 21:01:07','2024-11-06 21:01:36','MANUAL',3600,120.00,0,NULL,2,'2024-11-06 13:01:07','2024-11-27 14:35:47'),(1325,8,'Start',1,'2024-11-06 21:01:39','2024-11-06 22:05:00','MANUAL',3747,2.00,0,NULL,2,'2024-11-06 13:01:49','2024-11-27 14:35:47'),(1326,6,'Extend',0,'2024-11-06 21:41:20',NULL,NULL,3600,120.00,0,NULL,2,'2024-11-06 13:41:21','2024-11-27 13:07:26'),(1327,7,'Start',1,'2024-11-06 22:00:19','2024-11-07 01:31:20','MANUAL',12463,2.00,0,NULL,2,'2024-11-06 14:00:23','2024-11-27 15:14:58'),(1328,8,'Start',1,'2024-11-06 22:18:46','2024-11-07 00:20:57','MANUAL',7241,2.00,0,NULL,2,'2024-11-06 14:18:47','2024-11-27 14:35:47'),(1329,6,'Start',0,'2024-11-06 22:49:16','2024-11-06 23:49:38','MANUAL',3600,120.00,0,NULL,2,'2024-11-06 14:49:19','2024-11-27 13:07:26'),(1330,5,'Start',0,'2024-11-06 23:05:55','2024-11-07 00:31:38','MANUAL',3600,120.00,0,NULL,2,'2024-11-06 15:05:55','2024-11-27 15:21:26'),(1331,6,'Start',0,'2024-11-06 23:54:23','2024-11-07 15:22:25','MANUAL',3600,120.00,0,NULL,2,'2024-11-06 15:54:24','2024-11-27 13:07:26'),(1332,5,'Start',0,'2024-11-07 15:22:31','2024-11-07 17:25:31','MANUAL',3600,120.00,0,NULL,2,'2024-11-07 07:22:31','2024-11-27 15:21:26'),(1333,6,'Start',0,'2024-11-07 15:22:35','2024-11-07 16:04:36','MANUAL',3600,120.00,0,NULL,2,'2024-11-07 07:22:35','2024-11-27 13:07:26'),(1334,7,'Start',0,'2024-11-07 15:31:11','2024-11-07 16:39:36','MANUAL',3600,120.00,0,NULL,2,'2024-11-07 07:31:12','2024-11-27 15:14:58'),(1335,5,'Extend',0,'2024-11-07 16:05:04',NULL,NULL,3600,120.00,0,NULL,2,'2024-11-07 08:05:05','2024-11-27 15:21:26'),(1336,7,'Start',0,'2024-11-07 16:41:34','2024-11-07 17:50:44','MANUAL',3600,120.00,0,NULL,2,'2024-11-07 08:41:34','2024-11-27 15:14:58'),(1337,6,'Start',0,'2024-11-07 17:50:58','2024-11-07 18:56:57','MANUAL',3600,120.00,0,NULL,2,'2024-11-07 09:51:00','2024-11-27 13:07:26'),(1338,8,'Start',0,'2024-11-07 18:03:18','2024-11-07 19:06:23','MANUAL',3600,120.00,0,NULL,2,'2024-11-07 10:03:18','2024-11-27 14:35:47'),(1339,7,'Start',0,'2024-11-07 18:16:29','2024-11-07 19:17:23','MANUAL',3600,120.00,0,NULL,2,'2024-11-07 10:16:32','2024-11-27 15:14:58'),(1340,6,'Start',0,'2024-11-07 18:57:47','2024-11-07 19:56:15','MANUAL',3600,120.00,0,NULL,2,'2024-11-07 10:57:48','2024-11-27 13:07:26'),(1341,5,'Start',0,'2024-11-07 19:01:47','2024-11-07 20:02:43','MANUAL',3600,120.00,0,NULL,2,'2024-11-07 11:01:48','2024-11-27 15:21:26'),(1342,8,'Start',0,'2024-11-07 19:18:22','2024-11-07 20:20:05','MANUAL',3600,120.00,0,NULL,2,'2024-11-07 11:18:23','2024-11-27 14:35:47'),(1343,7,'Start',0,'2024-11-07 19:22:58','2024-11-07 20:23:24','MANUAL',3600,120.00,0,NULL,2,'2024-11-07 11:22:59','2024-11-27 15:14:58'),(1344,6,'Start',0,'2024-11-07 19:56:20','2024-11-07 20:55:31','MANUAL',3600,120.00,0,NULL,2,'2024-11-07 11:56:23','2024-11-27 13:07:26'),(1345,5,'Start',0,'2024-11-07 20:03:29','2024-11-07 21:05:24','MANUAL',3600,120.00,0,NULL,2,'2024-11-07 12:03:30','2024-11-27 15:21:26'),(1346,8,'Start',0,'2024-11-07 20:20:57','2024-11-07 21:21:54','MANUAL',3600,120.00,0,NULL,2,'2024-11-07 12:20:58','2024-11-27 14:35:47'),(1347,7,'Start',0,'2024-11-07 20:23:36','2024-11-07 21:24:40','MANUAL',3600,120.00,0,NULL,2,'2024-11-07 12:23:36','2024-11-27 15:14:58'),(1348,6,'Start',0,'2024-11-07 20:56:02','2024-11-07 21:57:39','MANUAL',3600,120.00,0,NULL,2,'2024-11-07 12:56:03','2024-11-27 13:07:26'),(1349,5,'Start',0,'2024-11-07 21:05:28','2024-11-07 22:06:27','MANUAL',3600,120.00,0,NULL,2,'2024-11-07 13:05:29','2024-11-27 15:21:26'),(1350,8,'Start',0,'2024-11-07 21:22:00','2024-11-07 22:26:45','MANUAL',3600,120.00,0,NULL,2,'2024-11-07 13:22:04','2024-11-27 14:35:47'),(1351,7,'Start',0,'2024-11-07 21:45:59','2024-11-07 22:47:09','MANUAL',3600,120.00,0,NULL,2,'2024-11-07 13:45:59','2024-11-27 15:14:58'),(1352,6,'Start',0,'2024-11-07 21:58:10','2024-11-07 22:58:23','MANUAL',3600,120.00,0,NULL,2,'2024-11-07 13:58:11','2024-11-27 13:07:26'),(1353,5,'Start',1,'2024-11-07 22:19:22','2024-11-08 00:37:59','MANUAL',8196,2.00,0,NULL,2,'2024-11-07 14:19:22','2024-11-27 15:21:26'),(1354,7,'Start',0,'2024-11-07 22:52:53','2024-11-07 23:57:51','MANUAL',3600,120.00,0,NULL,2,'2024-11-07 14:52:54','2024-11-27 15:14:58'),(1355,8,'Start',0,'2024-11-07 22:56:08','2024-11-08 00:07:21','MANUAL',3600,120.00,0,NULL,2,'2024-11-07 14:56:08','2024-11-27 14:35:47'),(1356,6,'Start',0,'2024-11-07 23:04:29','2024-11-08 00:05:48','MANUAL',3600,120.00,0,NULL,2,'2024-11-07 15:04:29','2024-11-27 13:07:26'),(1357,7,'Start',0,'2024-11-07 23:57:55','2024-11-08 00:35:21','MANUAL',3600,120.00,0,NULL,2,'2024-11-07 15:57:55','2024-11-27 15:14:58'),(1358,6,'Start',0,'2024-11-08 00:05:52','2024-11-08 00:35:28','MANUAL',3600,120.00,0,NULL,2,'2024-11-07 16:05:56','2024-11-27 13:07:26'),(1359,8,'Start',0,'2024-11-08 00:07:25','2024-11-08 15:25:25','MANUAL',3600,120.00,0,NULL,2,'2024-11-07 16:07:32','2024-11-27 14:35:47'),(1360,7,'Start',0,'2024-11-08 00:56:32','2024-11-08 15:25:28','MANUAL',3600,120.00,0,NULL,2,'2024-11-07 16:56:33','2024-11-27 15:14:58'),(1361,6,'Start Free',0,'2024-11-08 01:31:25','2024-11-08 15:25:20','MANUAL',0,0.00,0,'waitee',2,'2024-11-07 17:31:26','2024-11-27 13:07:26'),(1362,7,'Start',0,'2024-11-08 15:25:35','2024-11-08 16:25:44','MANUAL',3600,120.00,0,NULL,2,'2024-11-08 07:25:36','2024-11-27 15:14:58'),(1363,8,'Start',0,'2024-11-08 15:25:43','2024-11-08 15:26:27','MANUAL',3600,120.00,0,NULL,2,'2024-11-08 07:25:44','2024-11-27 14:35:47'),(1364,6,'Start',0,'2024-11-08 15:26:30','2024-11-08 16:26:38','MANUAL',3600,120.00,0,NULL,2,'2024-11-08 07:26:30','2024-11-27 13:07:26'),(1365,8,'Start',0,'2024-11-08 15:26:34','2024-11-08 16:26:14','MANUAL',3600,120.00,0,NULL,2,'2024-11-08 07:26:35','2024-11-27 14:35:47'),(1366,5,'Start',0,'2024-11-08 15:33:33','2024-11-08 16:34:33','MANUAL',3600,120.00,0,NULL,2,'2024-11-08 07:33:33','2024-11-27 15:21:26'),(1367,7,'Start',1,'2024-11-08 16:25:52','2024-11-08 17:15:08','MANUAL',2909,2.00,0,NULL,2,'2024-11-08 08:25:53','2024-11-27 15:14:58'),(1368,6,'Start',0,'2024-11-08 17:12:17','2024-11-08 18:14:51','MANUAL',3600,120.00,0,NULL,2,'2024-11-08 09:12:18','2024-11-27 13:07:26'),(1369,5,'Start',0,'2024-11-08 17:15:40','2024-11-08 18:00:14','MANUAL',3600,120.00,0,NULL,2,'2024-11-08 09:15:40','2024-11-27 15:21:26'),(1370,5,'Start',0,'2024-11-08 18:38:52','2024-11-08 19:41:05','MANUAL',3600,120.00,0,NULL,2,'2024-11-08 10:38:52','2024-11-27 15:21:26'),(1371,7,'Start',1,'2024-11-08 19:04:54','2024-11-08 20:17:40','MANUAL',4297,2.00,0,NULL,2,'2024-11-08 11:04:56','2024-11-27 15:14:58'),(1372,8,'Start',0,'2024-11-08 19:37:05','2024-11-08 21:38:43','MANUAL',3600,120.00,0,NULL,2,'2024-11-08 11:37:06','2024-11-27 14:35:47'),(1373,8,'Extend',0,'2024-11-08 19:37:10',NULL,NULL,3600,120.00,0,NULL,2,'2024-11-08 11:37:12','2024-11-27 14:35:47'),(1374,6,'Start',0,'2024-11-08 19:38:29','2024-11-08 20:40:35','MANUAL',3600,120.00,0,NULL,2,'2024-11-08 11:38:33','2024-11-27 13:07:26'),(1375,7,'Start',1,'2024-11-08 20:18:05','2024-11-08 21:56:53','MANUAL',5836,2.00,0,NULL,2,'2024-11-08 12:18:05','2024-11-27 15:14:58'),(1376,6,'Start',0,'2024-11-08 20:40:47','2024-11-08 21:42:22','MANUAL',3600,120.00,0,NULL,2,'2024-11-08 12:40:47','2024-11-27 13:07:26'),(1377,5,'Start',0,'2024-11-08 21:04:18','2024-11-08 22:05:44','MANUAL',3600,120.00,0,NULL,2,'2024-11-08 13:04:19','2024-11-27 15:21:26'),(1378,6,'Start',0,'2024-11-08 21:42:26','2024-11-08 22:43:22','MANUAL',3600,120.00,0,NULL,2,'2024-11-08 13:42:29','2024-11-27 13:07:26'),(1379,8,'Start',0,'2024-11-08 21:43:28','2024-11-08 22:44:26','MANUAL',3600,120.00,0,NULL,2,'2024-11-08 13:43:29','2024-11-27 14:35:47'),(1380,7,'Start',1,'2024-11-08 21:57:10','2024-11-09 01:56:21','MANUAL',14126,2.00,0,NULL,2,'2024-11-08 13:57:10','2024-11-27 15:14:58'),(1381,5,'Start',0,'2024-11-08 22:07:26','2024-11-08 23:10:43','MANUAL',3600,120.00,0,NULL,2,'2024-11-08 14:07:26','2024-11-27 15:21:26'),(1382,6,'Start',1,'2024-11-08 22:44:29','2024-11-09 00:52:49','MANUAL',7585,2.00,0,NULL,2,'2024-11-08 14:44:29','2024-11-27 13:07:26'),(1383,8,'Start',1,'2024-11-08 22:48:36','2024-11-09 00:45:22','MANUAL',6920,2.00,0,NULL,2,'2024-11-08 14:48:36','2024-11-27 14:35:47'),(1384,5,'Start',0,'2024-11-08 23:40:06','2024-11-09 00:41:48','MANUAL',3600,120.00,0,NULL,2,'2024-11-08 15:40:08','2024-11-27 15:21:26'),(1385,5,'Start',0,'2024-11-09 00:45:44','2024-11-09 01:54:01','MANUAL',3600,120.00,0,NULL,2,'2024-11-08 16:45:45','2024-11-27 15:21:26'),(1386,8,'Start',0,'2024-11-09 00:47:35','2024-11-09 01:53:56','MANUAL',3600,120.00,0,NULL,2,'2024-11-08 16:47:36','2024-11-27 14:35:47'),(1387,6,'Start',0,'2024-11-09 00:55:09','2024-11-09 01:56:16','MANUAL',3600,120.00,0,NULL,2,'2024-11-08 16:55:10','2024-11-27 13:07:26'),(1388,7,'Start Free',0,'2024-11-09 02:05:41',NULL,NULL,0,0.00,0,'Chino',2,'2024-11-08 18:05:42','2024-11-27 15:14:58'),(1389,7,'Start Free',0,'2024-11-09 02:05:37','2024-11-09 02:38:12','MANUAL',0,0.00,0,'Chino',2,'2024-11-08 18:05:44','2024-11-27 15:14:58'),(1390,7,'Start',0,'2024-11-09 15:46:27','2024-11-09 16:47:07','MANUAL',3600,120.00,0,NULL,2,'2024-11-09 07:46:37','2024-11-27 15:14:58'),(1391,8,'Start',0,'2024-11-09 16:17:25','2024-11-09 17:19:51','MANUAL',3600,120.00,0,NULL,2,'2024-11-09 08:17:26','2024-11-27 14:35:47'),(1392,6,'Start',0,'2024-11-09 16:18:12','2024-11-09 17:19:37','MANUAL',3600,120.00,0,NULL,2,'2024-11-09 08:18:12','2024-11-27 13:07:26'),(1393,5,'Start',1,'2024-11-09 16:31:46','2024-11-09 18:08:37','MANUAL',5725,2.00,0,NULL,2,'2024-11-09 08:31:47','2024-11-27 15:21:26'),(1394,7,'Start',0,'2024-11-09 17:08:36','2024-11-09 18:16:47','MANUAL',3600,120.00,0,NULL,2,'2024-11-09 09:08:37','2024-11-27 15:14:58'),(1395,6,'Start',1,'2024-11-09 17:19:40','2024-11-09 17:49:55','MANUAL',0,2.00,0,NULL,2,'2024-11-09 09:19:48','2024-11-27 13:07:26'),(1396,8,'Start',0,'2024-11-09 17:20:37','2024-11-09 18:22:22','MANUAL',3600,120.00,0,NULL,2,'2024-11-09 09:20:38','2024-11-27 14:35:47'),(1397,6,'Start',0,'2024-11-09 18:16:44','2024-11-09 19:18:16','MANUAL',3600,120.00,0,NULL,2,'2024-11-09 10:16:45','2024-11-27 13:07:26'),(1398,7,'Start',0,'2024-11-09 18:22:46','2024-11-09 19:23:51','MANUAL',3600,120.00,0,NULL,2,'2024-11-09 10:22:47','2024-11-27 15:14:58'),(1399,8,'Start',0,'2024-11-09 18:25:32','2024-11-09 19:26:10','MANUAL',3600,120.00,0,NULL,2,'2024-11-09 10:25:35','2024-11-27 14:35:47'),(1400,5,'Start',0,'2024-11-09 19:06:10','2024-11-09 20:12:03','MANUAL',3600,120.00,0,NULL,2,'2024-11-09 11:06:11','2024-11-27 15:21:26'),(1401,6,'Start',0,'2024-11-09 19:18:20','2024-11-09 21:20:07','MANUAL',3600,120.00,0,NULL,2,'2024-11-09 11:18:30','2024-11-27 13:07:26'),(1402,7,'Start',0,'2024-11-09 19:24:12','2024-11-09 21:24:17','MANUAL',3600,120.00,0,NULL,2,'2024-11-09 11:24:13','2024-11-27 15:14:58'),(1403,8,'Start',0,'2024-11-09 19:38:28','2024-11-09 21:40:50','MANUAL',3600,120.00,0,NULL,2,'2024-11-09 11:38:30','2024-11-27 14:35:47'),(1404,8,'Extend',0,'2024-11-09 19:38:34',NULL,NULL,3600,120.00,0,NULL,2,'2024-11-09 11:38:36','2024-11-27 14:35:47'),(1405,5,'Start',0,'2024-11-09 20:12:08','2024-11-09 21:14:33','MANUAL',3600,120.00,0,NULL,2,'2024-11-09 12:12:09','2024-11-27 15:21:26'),(1406,6,'Extend',0,'2024-11-09 20:13:38',NULL,NULL,3600,120.00,0,NULL,2,'2024-11-09 12:13:39','2024-11-27 13:07:26'),(1407,7,'Extend',0,'2024-11-09 20:21:27',NULL,NULL,3600,120.00,0,NULL,2,'2024-11-09 12:21:28','2024-11-27 15:14:58'),(1408,5,'Start',1,'2024-11-09 21:14:37','2024-11-10 00:39:53','MANUAL',12137,2.00,0,NULL,2,'2024-11-09 13:14:37','2024-11-27 15:21:26'),(1409,6,'Start',0,'2024-11-09 21:21:55','2024-11-09 22:22:04','MANUAL',3600,120.00,0,NULL,2,'2024-11-09 13:21:58','2024-11-27 13:07:26'),(1410,7,'Start',0,'2024-11-09 21:25:07','2024-11-09 22:27:03','MANUAL',3600,120.00,0,NULL,2,'2024-11-09 13:25:07','2024-11-27 15:14:58'),(1411,8,'Start',0,'2024-11-09 21:41:01','2024-11-09 22:41:28','MANUAL',3600,120.00,0,NULL,2,'2024-11-09 13:41:02','2024-11-27 14:35:47'),(1412,6,'Start',0,'2024-11-09 22:22:42','2024-11-09 23:22:50','MANUAL',3600,120.00,0,NULL,2,'2024-11-09 14:22:46','2024-11-27 13:07:26'),(1413,7,'Start',0,'2024-11-09 22:28:53','2024-11-09 23:37:28','MANUAL',3600,120.00,0,NULL,2,'2024-11-09 14:28:56','2024-11-27 15:14:58'),(1414,8,'Start',0,'2024-11-09 22:46:59','2024-11-09 23:47:14','MANUAL',3600,120.00,0,NULL,2,'2024-11-09 14:46:59','2024-11-27 14:35:47'),(1415,6,'Start',1,'2024-11-10 00:24:47','2024-11-10 02:03:24','MANUAL',5830,2.00,0,NULL,2,'2024-11-09 16:24:50','2024-11-27 13:07:26'),(1416,7,'Start',0,'2024-11-10 01:12:12','2024-11-10 17:16:25','MANUAL',3600,120.00,0,NULL,2,'2024-11-09 17:12:12','2024-11-27 15:14:58'),(1417,7,'Extend',0,'2024-11-10 02:14:20',NULL,NULL,3600,120.00,0,NULL,2,'2024-11-09 18:14:20','2024-11-27 15:14:58'),(1418,8,'Start Free',0,'2024-11-10 02:16:21',NULL,NULL,0,0.00,0,'Employees',2,'2024-11-09 18:16:22','2024-11-27 14:35:47'),(1419,8,'Start Free',0,'2024-11-10 02:16:19',NULL,NULL,0,0.00,0,'Employees',2,'2024-11-09 18:16:22','2024-11-27 14:35:47'),(1420,8,'Start Free',0,'2024-11-10 02:16:17','2024-11-10 17:16:14','MANUAL',0,0.00,0,'Employees',2,'2024-11-09 18:16:24','2024-11-27 14:35:47'),(1421,6,'Start',0,'2024-11-10 17:34:14','2024-11-10 18:37:13','MANUAL',3600,120.00,0,NULL,2,'2024-11-10 09:34:14','2024-11-27 13:07:26'),(1422,8,'Start',0,'2024-11-10 17:36:38','2024-11-10 18:37:16','MANUAL',3600,120.00,0,NULL,2,'2024-11-10 09:36:38','2024-11-27 14:35:47'),(1423,7,'Start',0,'2024-11-10 17:38:17','2024-11-10 20:38:26','MANUAL',3600,120.00,0,NULL,2,'2024-11-10 09:38:17','2024-11-27 15:14:58'),(1424,7,'Extend',0,'2024-11-10 17:38:26',NULL,NULL,3600,120.00,0,NULL,2,'2024-11-10 09:38:27','2024-11-27 15:14:58'),(1425,5,'Start',0,'2024-11-10 18:01:09','2024-11-10 19:01:49','MANUAL',3600,120.00,0,NULL,2,'2024-11-10 10:01:09','2024-11-27 15:21:26'),(1426,6,'Start',1,'2024-11-10 18:37:43','2024-11-10 21:27:20','MANUAL',10024,2.00,0,NULL,2,'2024-11-10 10:37:46','2024-11-27 13:07:26'),(1427,8,'Start',0,'2024-11-10 18:49:12','2024-11-10 19:50:36','MANUAL',3600,120.00,0,NULL,2,'2024-11-10 10:49:12','2024-11-27 14:35:47'),(1428,5,'Start',0,'2024-11-10 19:12:52','2024-11-10 20:26:13','MANUAL',3600,120.00,0,NULL,2,'2024-11-10 11:12:53','2024-11-27 15:21:26'),(1429,7,'Extend',0,'2024-11-10 19:27:13',NULL,NULL,3600,120.00,0,NULL,2,'2024-11-10 11:27:13','2024-11-27 15:14:58'),(1430,8,'Start',0,'2024-11-10 19:51:24','2024-11-10 20:52:26','MANUAL',3600,120.00,0,NULL,2,'2024-11-10 11:51:25','2024-11-27 14:35:47'),(1431,5,'Start',0,'2024-11-10 20:39:50','2024-11-10 21:41:05','MANUAL',3600,120.00,0,NULL,2,'2024-11-10 12:39:51','2024-11-27 15:21:26'),(1432,7,'Start',0,'2024-11-10 20:41:32','2024-11-10 20:41:37','MANUAL',3600,120.00,0,NULL,2,'2024-11-10 12:41:32','2024-11-27 15:14:58'),(1433,7,'Start',1,'2024-11-10 20:41:47','2024-11-11 00:33:27','MANUAL',13682,2.00,0,NULL,2,'2024-11-10 12:41:47','2024-11-27 15:14:58'),(1434,8,'Start',0,'2024-11-10 20:57:32','2024-11-10 21:59:01','MANUAL',3600,120.00,0,NULL,2,'2024-11-10 12:57:32','2024-11-27 14:35:47'),(1435,6,'Start',0,'2024-11-10 21:55:50','2024-11-10 22:57:44','MANUAL',3600,120.00,0,NULL,2,'2024-11-10 13:55:50','2024-11-27 13:07:26'),(1436,8,'Start',0,'2024-11-10 22:48:31','2024-11-10 23:48:47','MANUAL',3600,120.00,0,NULL,2,'2024-11-10 14:48:31','2024-11-27 14:35:47'),(1437,5,'Start',0,'2024-11-10 22:54:21','2024-11-11 00:54:28','MANUAL',3600,120.00,0,NULL,2,'2024-11-10 14:54:21','2024-11-27 15:21:26'),(1438,5,'Extend',0,'2024-11-10 22:54:27',NULL,NULL,3600,120.00,0,NULL,2,'2024-11-10 14:54:27','2024-11-27 15:21:26'),(1439,6,'Start',1,'2024-11-10 23:22:33','2024-11-11 00:57:32','MANUAL',5606,2.00,0,NULL,2,'2024-11-10 15:22:40','2024-11-27 13:07:26'),(1440,8,'Start',0,'2024-11-10 23:50:55','2024-11-11 00:50:54','MANUAL',3600,120.00,0,NULL,2,'2024-11-10 15:50:55','2024-11-27 14:35:47'),(1441,7,'Start',0,'2024-11-11 00:36:30','2024-11-11 00:36:35','MANUAL',3600,120.00,0,NULL,2,'2024-11-10 16:36:31','2024-11-27 15:14:58'),(1442,7,'Start',0,'2024-11-11 00:38:02','2024-11-11 16:41:10','MANUAL',3600,120.00,0,NULL,2,'2024-11-10 16:38:02','2024-11-27 15:14:58'),(1443,6,'Start',0,'2024-11-11 00:57:52','2024-11-11 16:41:07','MANUAL',3600,120.00,0,NULL,2,'2024-11-10 16:57:53','2024-11-27 13:07:26'),(1444,8,'Start',0,'2024-11-11 16:42:14','2024-11-11 17:42:14','MANUAL',3600,120.00,0,NULL,2,'2024-11-11 08:42:15','2024-11-27 14:35:47'),(1445,7,'Start',1,'2024-11-11 16:48:28','2024-11-11 18:20:20','MANUAL',5426,2.00,0,NULL,2,'2024-11-11 08:48:28','2024-11-27 15:14:58'),(1446,6,'Start',0,'2024-11-11 17:48:46','2024-11-11 18:51:03','MANUAL',3600,120.00,0,NULL,2,'2024-11-11 09:48:46','2024-11-27 13:07:26'),(1447,8,'Start',1,'2024-11-11 17:56:02','2024-11-11 18:44:34','MANUAL',2876,2.00,0,NULL,2,'2024-11-11 09:56:02','2024-11-27 14:35:47'),(1448,7,'Start',0,'2024-11-11 18:43:58','2024-11-11 19:45:10','MANUAL',3600,120.00,0,NULL,2,'2024-11-11 10:43:59','2024-11-27 15:14:58'),(1449,8,'Start',1,'2024-11-11 19:00:03','2024-11-11 19:29:58','MANUAL',1774,2.00,0,NULL,2,'2024-11-11 11:00:03','2024-11-27 14:35:47'),(1450,5,'Start',0,'2024-11-11 19:07:51','2024-11-11 20:35:32','MANUAL',3600,120.00,0,NULL,2,'2024-11-11 11:07:51','2024-11-27 15:21:26'),(1451,6,'Start',0,'2024-11-11 19:22:59','2024-11-11 20:22:52','MANUAL',3600,120.00,0,NULL,2,'2024-11-11 11:22:59','2024-11-27 13:07:26'),(1452,8,'Start',0,'2024-11-11 19:34:34','2024-11-11 20:34:25','MANUAL',3600,120.00,0,NULL,2,'2024-11-11 11:34:34','2024-11-27 14:35:47'),(1453,7,'Start Free',0,'2024-11-11 20:02:52','2024-11-11 21:08:03','MANUAL',0,0.00,0,'ysa',2,'2024-11-11 12:02:53','2024-11-27 15:14:58'),(1454,6,'Start',0,'2024-11-11 20:24:50','2024-11-11 20:25:56','MANUAL',3600,120.00,0,NULL,2,'2024-11-11 12:24:51','2024-11-27 13:07:26'),(1455,6,'Start',0,'2024-11-11 20:26:48','2024-11-11 22:22:42','MANUAL',3600,120.00,0,NULL,2,'2024-11-11 12:26:51','2024-11-27 13:07:26'),(1456,8,'Start',0,'2024-11-11 20:35:22','2024-11-11 21:35:18','MANUAL',3600,120.00,0,NULL,2,'2024-11-11 12:35:22','2024-11-27 14:35:47'),(1457,5,'Start',0,'2024-11-11 20:36:08','2024-11-11 21:36:13','MANUAL',3600,120.00,0,NULL,2,'2024-11-11 12:36:09','2024-11-27 15:21:26'),(1458,7,'Start',0,'2024-11-11 21:13:29','2024-11-11 22:15:38','MANUAL',3600,120.00,0,NULL,2,'2024-11-11 13:13:29','2024-11-27 15:14:58'),(1459,6,'Extend',0,'2024-11-11 21:18:58',NULL,NULL,3600,120.00,0,NULL,2,'2024-11-11 13:18:58','2024-11-27 13:07:26'),(1460,8,'Start',1,'2024-11-11 21:36:31','2024-11-11 23:17:48','MANUAL',6002,2.00,0,NULL,2,'2024-11-11 13:36:31','2024-11-27 14:35:47'),(1461,7,'Start',0,'2024-11-11 22:17:27','2024-11-11 23:18:17','MANUAL',3600,120.00,0,NULL,2,'2024-11-11 14:17:36','2024-11-27 15:14:58'),(1462,5,'Start',0,'2024-11-11 22:17:43','2024-11-11 23:18:24','MANUAL',3600,120.00,0,NULL,2,'2024-11-11 14:17:47','2024-11-27 15:21:26'),(1463,6,'Start',0,'2024-11-11 22:24:07','2024-11-11 23:24:55','MANUAL',3600,120.00,0,NULL,2,'2024-11-11 14:24:07','2024-11-27 13:07:26'),(1464,7,'Start',0,'2024-11-11 23:20:19','2024-11-12 00:22:20','MANUAL',3600,120.00,0,NULL,2,'2024-11-11 15:20:19','2024-11-27 15:14:58'),(1465,5,'Start',0,'2024-11-11 23:21:06','2024-11-12 00:22:12','MANUAL',3600,120.00,0,NULL,2,'2024-11-11 15:21:06','2024-11-27 15:21:26'),(1466,8,'Start',0,'2024-11-11 23:21:27','2024-11-12 00:22:07','MANUAL',3600,120.00,0,NULL,2,'2024-11-11 15:21:27','2024-11-27 14:35:47'),(1467,6,'Start',0,'2024-11-11 23:33:56','2024-11-12 00:36:39','MANUAL',3600,120.00,0,NULL,2,'2024-11-11 15:33:57','2024-11-27 13:07:26'),(1468,8,'Start',0,'2024-11-12 00:24:16','2024-11-12 01:26:10','MANUAL',3600,120.00,0,NULL,2,'2024-11-11 16:24:16','2024-11-27 14:35:47'),(1469,5,'Start',0,'2024-11-12 00:24:20','2024-11-12 01:26:14','MANUAL',3600,120.00,0,NULL,2,'2024-11-11 16:24:21','2024-11-27 15:21:26'),(1470,6,'Extend',0,'2024-11-12 00:24:24',NULL,NULL,3600,120.00,0,NULL,2,'2024-11-11 16:24:25','2024-11-27 13:07:26'),(1471,7,'Start',0,'2024-11-12 00:24:47','2024-11-12 01:26:07','MANUAL',3600,120.00,0,NULL,2,'2024-11-11 16:24:47','2024-11-27 15:14:58'),(1472,6,'Start',0,'2024-11-12 00:38:33','2024-11-12 01:40:59','MANUAL',3600,120.00,0,NULL,2,'2024-11-11 16:38:33','2024-11-27 13:07:26'),(1473,7,'Start Free',0,'2024-11-12 01:26:49','2024-11-12 15:24:04','MANUAL',0,0.00,0,'crissy',2,'2024-11-11 17:26:49','2024-11-27 15:14:58'),(1474,6,'Start',0,'2024-11-12 15:24:08','2024-11-12 17:18:29','MANUAL',3600,120.00,0,NULL,2,'2024-11-12 07:24:08','2024-11-27 13:07:26'),(1475,6,'Extend',0,'2024-11-12 15:24:12',NULL,NULL,3600,120.00,0,NULL,2,'2024-11-12 07:24:13','2024-11-27 13:07:26'),(1476,8,'Start',0,'2024-11-12 15:44:54','2024-11-12 16:47:00','MANUAL',3600,120.00,0,NULL,2,'2024-11-12 07:44:54','2024-11-27 14:35:47'),(1477,7,'Start',0,'2024-11-12 15:53:43','2024-11-12 17:00:54','MANUAL',3600,120.00,0,NULL,2,'2024-11-12 07:53:43','2024-11-27 15:14:58'),(1478,5,'Start',0,'2024-11-12 16:04:05','2024-11-12 17:16:09','MANUAL',3600,120.00,0,NULL,2,'2024-11-12 08:04:06','2024-11-27 15:21:26'),(1479,8,'Start',0,'2024-11-12 16:47:31','2024-11-12 17:51:17','MANUAL',3600,120.00,0,NULL,2,'2024-11-12 08:47:32','2024-11-27 14:35:47'),(1480,7,'Start',0,'2024-11-12 17:20:43','2024-11-12 18:22:35','MANUAL',3600,120.00,0,NULL,2,'2024-11-12 09:20:44','2024-11-27 15:14:58'),(1481,6,'Start',0,'2024-11-12 17:59:22','2024-11-12 19:00:48','MANUAL',3600,120.00,0,NULL,2,'2024-11-12 09:59:22','2024-11-27 13:07:26'),(1482,5,'Start',0,'2024-11-12 18:22:44','2024-11-12 20:27:00','MANUAL',3600,120.00,0,NULL,2,'2024-11-12 10:22:45','2024-11-27 15:21:26'),(1483,5,'Extend',0,'2024-11-12 18:22:53',NULL,NULL,3600,120.00,0,NULL,2,'2024-11-12 10:22:54','2024-11-27 15:21:26'),(1484,7,'Start',0,'2024-11-12 18:33:49','2024-11-12 19:34:56','MANUAL',3600,120.00,0,NULL,2,'2024-11-12 10:33:49','2024-11-27 15:14:58'),(1485,6,'Start',0,'2024-11-12 19:11:38','2024-11-12 20:13:43','MANUAL',3600,120.00,0,NULL,2,'2024-11-12 11:11:39','2024-11-27 13:07:26'),(1486,7,'Start',0,'2024-11-12 19:40:46','2024-11-12 20:45:58','MANUAL',3600,120.00,0,NULL,2,'2024-11-12 11:40:48','2024-11-27 15:14:58'),(1487,8,'Start',0,'2024-11-12 20:14:28','2024-11-12 21:14:49','MANUAL',3600,120.00,0,NULL,2,'2024-11-12 12:14:29','2024-11-27 14:35:47'),(1488,6,'Start',0,'2024-11-12 20:15:23','2024-11-12 21:16:41','MANUAL',3600,120.00,0,NULL,2,'2024-11-12 12:15:23','2024-11-27 13:07:26'),(1489,5,'Start',0,'2024-11-12 20:27:47','2024-11-12 22:36:00','MANUAL',3600,120.00,0,NULL,2,'2024-11-12 12:27:48','2024-11-27 15:21:26'),(1490,7,'Start',0,'2024-11-12 20:47:12','2024-11-12 21:47:53','MANUAL',3600,120.00,0,NULL,2,'2024-11-12 12:47:12','2024-11-27 15:14:58'),(1491,8,'Start',0,'2024-11-12 21:21:31','2024-11-12 22:24:27','MANUAL',3600,120.00,0,NULL,2,'2024-11-12 13:21:32','2024-11-27 14:35:47'),(1492,5,'Extend',0,'2024-11-12 21:30:49',NULL,NULL,3600,120.00,0,NULL,2,'2024-11-12 13:30:49','2024-11-27 15:21:26'),(1493,6,'Start',1,'2024-11-12 21:38:41','2024-11-13 00:42:12','MANUAL',10845,2.00,0,NULL,2,'2024-11-12 13:38:41','2024-11-27 13:07:26'),(1494,7,'Start',1,'2024-11-12 21:49:08','2024-11-12 23:41:38','MANUAL',6645,2.00,0,NULL,2,'2024-11-12 13:49:08','2024-11-27 15:14:58'),(1495,8,'Start',0,'2024-11-12 22:25:01','2024-11-12 23:25:03','MANUAL',3600,120.00,0,NULL,2,'2024-11-12 14:25:01','2024-11-27 14:35:47'),(1496,5,'Start',0,'2024-11-12 22:42:39','2024-11-12 23:42:26','MANUAL',3600,120.00,0,NULL,2,'2024-11-12 14:42:39','2024-11-27 15:21:26'),(1497,8,'Start',0,'2024-11-12 23:26:13','2024-11-13 00:26:16','MANUAL',3600,120.00,0,NULL,2,'2024-11-12 15:26:14','2024-11-27 14:35:47'),(1498,7,'Start',0,'2024-11-12 23:43:19','2024-11-13 00:43:16','MANUAL',3600,120.00,0,NULL,2,'2024-11-12 15:43:20','2024-11-27 15:14:58'),(1499,5,'Start',0,'2024-11-12 23:57:10','2024-11-13 00:50:46','MANUAL',3600,120.00,0,NULL,2,'2024-11-12 15:57:11','2024-11-27 15:21:26'),(1500,8,'Start',0,'2024-11-13 00:28:07','2024-11-13 00:48:50','MANUAL',3600,120.00,0,NULL,2,'2024-11-12 16:28:08','2024-11-27 14:35:47'),(1501,7,'Start',0,'2024-11-13 00:44:44','2024-11-13 02:05:04','MANUAL',3600,120.00,0,NULL,2,'2024-11-12 16:44:44','2024-11-27 15:14:58'),(1502,6,'Start',0,'2024-11-13 00:44:47','2024-11-13 15:36:50','MANUAL',3600,120.00,0,NULL,2,'2024-11-12 16:44:47','2024-11-27 13:07:26'),(1503,8,'Start',1,'2024-11-13 00:48:53','2024-11-13 01:28:57','MANUAL',2368,2.00,0,NULL,2,'2024-11-12 16:49:00','2024-11-27 14:35:47'),(1504,5,'Start Free',0,'2024-11-13 01:06:38','2024-11-13 15:36:40','MANUAL',0,0.00,0,'b',2,'2024-11-12 17:06:38','2024-11-27 15:21:26'),(1505,6,'Start',0,'2024-11-13 15:48:53','2024-11-13 16:49:10','MANUAL',3600,120.00,0,NULL,2,'2024-11-13 07:48:53','2024-11-27 13:07:26'),(1506,8,'Start',0,'2024-11-13 16:14:22','2024-11-13 18:13:30','MANUAL',3600,120.00,0,NULL,2,'2024-11-13 08:14:22','2024-11-27 14:35:47'),(1507,7,'Start',0,'2024-11-13 16:49:47','2024-11-13 17:50:39','MANUAL',3600,120.00,0,NULL,2,'2024-11-13 08:49:47','2024-11-27 15:14:58'),(1508,6,'Start',0,'2024-11-13 16:50:55','2024-11-13 17:51:07','MANUAL',3600,120.00,0,NULL,2,'2024-11-13 08:50:55','2024-11-27 13:07:26'),(1509,5,'Start',0,'2024-11-13 17:00:46','2024-11-13 18:01:13','MANUAL',3600,120.00,0,NULL,2,'2024-11-13 09:00:47','2024-11-27 15:21:26'),(1510,8,'Extend',0,'2024-11-13 17:14:39',NULL,NULL,3600,120.00,0,NULL,2,'2024-11-13 09:14:40','2024-11-27 14:35:47'),(1511,7,'Start',0,'2024-11-13 17:50:56','2024-11-13 19:52:04','MANUAL',3600,120.00,0,NULL,2,'2024-11-13 09:50:56','2024-11-27 15:14:58'),(1512,6,'Start',0,'2024-11-13 17:51:54','2024-11-13 18:52:12','MANUAL',3600,120.00,0,NULL,2,'2024-11-13 09:51:54','2024-11-27 13:07:26'),(1513,5,'Start',0,'2024-11-13 18:05:47','2024-11-13 19:09:22','MANUAL',3600,120.00,0,NULL,2,'2024-11-13 10:05:48','2024-11-27 15:21:26'),(1514,8,'Start',1,'2024-11-13 18:14:34','2024-11-13 20:14:38','MANUAL',7116,2.00,0,NULL,2,'2024-11-13 10:14:34','2024-11-27 14:35:47'),(1515,7,'Extend',0,'2024-11-13 18:50:52',NULL,NULL,3600,120.00,0,NULL,2,'2024-11-13 10:50:53','2024-11-27 15:14:58'),(1516,6,'Start',0,'2024-11-13 18:53:16','2024-11-13 20:55:30','MANUAL',3600,120.00,0,NULL,2,'2024-11-13 10:53:16','2024-11-27 13:07:26'),(1517,6,'Extend',0,'2024-11-13 18:53:36',NULL,NULL,3600,120.00,0,NULL,2,'2024-11-13 10:53:38','2024-11-27 13:07:26'),(1518,5,'Start',0,'2024-11-13 19:09:42','2024-11-13 21:09:29','MANUAL',3600,120.00,0,NULL,2,'2024-11-13 11:09:42','2024-11-27 15:21:26'),(1519,7,'Start',0,'2024-11-13 19:53:19','2024-11-13 20:55:28','MANUAL',3600,120.00,0,NULL,2,'2024-11-13 11:53:19','2024-11-27 15:14:58'),(1520,5,'Extend',0,'2024-11-13 20:11:12',NULL,NULL,3600,120.00,0,NULL,2,'2024-11-13 12:11:12','2024-11-27 15:21:26'),(1521,8,'Start',1,'2024-11-13 20:16:37','2024-11-13 21:41:03','MANUAL',5003,2.00,0,NULL,2,'2024-11-13 12:16:38','2024-11-27 14:35:47'),(1522,7,'Start',1,'2024-11-13 20:55:34','2024-11-13 22:05:55','MANUAL',4154,2.00,0,NULL,2,'2024-11-13 12:55:34','2024-11-27 15:14:58'),(1523,6,'Start',0,'2024-11-13 20:57:04','2024-11-13 23:57:19','MANUAL',3600,120.00,0,NULL,2,'2024-11-13 12:57:05','2024-11-27 13:07:26'),(1524,6,'Extend',0,'2024-11-13 20:57:08',NULL,NULL,3600,120.00,0,NULL,2,'2024-11-13 12:57:09','2024-11-27 13:07:26'),(1525,5,'Start',0,'2024-11-13 21:11:20','2024-11-13 22:14:00','MANUAL',3600,120.00,0,NULL,2,'2024-11-13 13:11:20','2024-11-27 15:21:26'),(1526,8,'Start',0,'2024-11-13 21:44:06','2024-11-13 22:44:45','MANUAL',3600,120.00,0,NULL,2,'2024-11-13 13:44:07','2024-11-27 14:35:47'),(1527,7,'Start',1,'2024-11-13 22:06:55','2024-11-14 01:05:20','MANUAL',10536,2.00,0,NULL,2,'2024-11-13 14:06:55','2024-11-27 15:14:58'),(1528,5,'Start',0,'2024-11-13 22:14:10','2024-11-13 23:16:37','MANUAL',3600,120.00,0,NULL,2,'2024-11-13 14:14:10','2024-11-27 15:21:26'),(1529,6,'Extend',0,'2024-11-13 22:25:02',NULL,NULL,3600,120.00,0,NULL,2,'2024-11-13 14:25:03','2024-11-27 13:07:26'),(1530,8,'Start',0,'2024-11-13 22:46:48','2024-11-13 23:46:37','MANUAL',3600,120.00,0,NULL,2,'2024-11-13 14:46:49','2024-11-27 14:35:47'),(1531,5,'Start',0,'2024-11-13 23:18:39','2024-11-14 00:18:43','MANUAL',3600,120.00,0,NULL,2,'2024-11-13 15:18:39','2024-11-27 15:21:26'),(1532,8,'Start',0,'2024-11-13 23:46:44','2024-11-13 23:46:39','MANUAL',3600,120.00,0,NULL,2,'2024-11-13 15:46:46','2024-11-27 14:35:47'),(1533,8,'Start',0,'2024-11-13 23:49:27','2024-11-14 00:54:03','MANUAL',3600,120.00,0,NULL,2,'2024-11-13 15:49:30','2024-11-27 14:35:47'),(1534,6,'Start',0,'2024-11-14 00:00:55','2024-11-14 01:02:08','MANUAL',3600,120.00,0,NULL,2,'2024-11-13 16:00:55','2024-11-27 13:07:26'),(1535,7,'Start',0,'2024-11-14 15:58:47','2024-11-14 16:48:50','MANUAL',3600,120.00,0,NULL,2,'2024-11-14 07:58:49','2024-11-27 15:14:58'),(1536,8,'Start',0,'2024-11-14 16:11:42','2024-11-14 16:59:36','MANUAL',3600,120.00,0,NULL,2,'2024-11-14 08:11:42','2024-11-27 14:35:47'),(1537,5,'Start',0,'2024-11-14 16:52:03','2024-11-14 17:54:54','MANUAL',3600,120.00,0,NULL,2,'2024-11-14 08:52:03','2024-11-27 15:21:26'),(1538,8,'Start',0,'2024-11-14 17:01:50','2024-11-14 18:04:33','MANUAL',3600,120.00,0,NULL,2,'2024-11-14 09:01:50','2024-11-27 14:35:47'),(1539,7,'Start',1,'2024-11-14 17:03:20','2024-11-14 22:31:31','MANUAL',19380,2.00,0,NULL,2,'2024-11-14 09:03:21','2024-11-27 15:14:58'),(1540,6,'Start',0,'2024-11-14 17:09:22','2024-11-14 18:12:50','MANUAL',3600,120.00,0,NULL,2,'2024-11-14 09:09:23','2024-11-27 13:07:26'),(1541,5,'Start',0,'2024-11-14 17:55:00','2024-11-14 18:55:45','MANUAL',3600,120.00,0,NULL,2,'2024-11-14 09:55:00','2024-11-27 15:21:26'),(1542,8,'Start',0,'2024-11-14 18:05:54','2024-11-14 19:25:13','MANUAL',3600,120.00,0,NULL,2,'2024-11-14 10:05:55','2024-11-27 14:35:47'),(1543,6,'Start',1,'2024-11-14 18:13:55','2024-11-14 22:18:43','MANUAL',14467,2.00,0,NULL,2,'2024-11-14 10:13:56','2024-11-27 13:07:26'),(1544,8,'Start',0,'2024-11-14 19:30:57','2024-11-14 22:31:25','MANUAL',3600,120.00,0,NULL,2,'2024-11-14 11:30:57','2024-11-27 14:35:47'),(1545,8,'Extend',0,'2024-11-14 19:31:07',NULL,NULL,3600,120.00,0,NULL,2,'2024-11-14 11:31:08','2024-11-27 14:35:47'),(1546,5,'Start',0,'2024-11-14 19:44:06','2024-11-14 20:45:18','MANUAL',3600,120.00,0,NULL,2,'2024-11-14 11:44:06','2024-11-27 15:21:26'),(1547,5,'Start',1,'2024-11-14 20:45:22','2024-11-15 00:13:29','MANUAL',12305,2.00,0,NULL,2,'2024-11-14 12:45:22','2024-11-27 15:21:26'),(1548,8,'Extend',0,'2024-11-14 21:33:04',NULL,NULL,3600,120.00,0,NULL,2,'2024-11-14 13:33:04','2024-11-27 14:35:47'),(1549,6,'Start',0,'2024-11-14 22:21:03','2024-11-14 23:21:09','MANUAL',3600,120.00,0,NULL,2,'2024-11-14 14:21:04','2024-11-27 13:07:26'),(1550,7,'Start',0,'2024-11-14 22:32:57','2024-11-14 23:34:53','MANUAL',3600,120.00,0,NULL,2,'2024-11-14 14:32:57','2024-11-27 15:14:58'),(1551,8,'Start',0,'2024-11-14 22:40:01','2024-11-14 23:40:11','MANUAL',3600,120.00,0,NULL,2,'2024-11-14 14:40:01','2024-11-27 14:35:47'),(1552,6,'Start',0,'2024-11-14 23:23:01','2024-11-15 01:22:43','MANUAL',3600,120.00,0,NULL,2,'2024-11-14 15:23:02','2024-11-27 13:07:26'),(1553,6,'Extend',0,'2024-11-14 23:23:07',NULL,NULL,3600,120.00,0,NULL,2,'2024-11-14 15:23:08','2024-11-27 13:07:26'),(1554,8,'Start Free',0,'2024-11-14 23:59:29','2024-11-15 15:17:16','MANUAL',0,0.00,0,'wiater',2,'2024-11-14 15:59:30','2024-11-27 14:35:47'),(1555,6,'Start',1,'2024-11-15 16:18:01','2024-11-15 17:41:25','MANUAL',4927,2.00,0,NULL,2,'2024-11-15 08:18:03','2024-11-27 13:07:26'),(1556,8,'Start',0,'2024-11-15 16:44:11','2024-11-15 17:42:35','MANUAL',3600,120.00,0,NULL,2,'2024-11-15 08:44:12','2024-11-27 14:35:47'),(1557,7,'Start',0,'2024-11-15 17:42:19','2024-11-15 18:42:47','MANUAL',3600,120.00,0,NULL,2,'2024-11-15 09:42:20','2024-11-27 15:14:58'),(1558,8,'Start',1,'2024-11-15 17:42:41','2024-11-15 17:42:38','MANUAL',2,2.00,0,NULL,2,'2024-11-15 09:42:44','2024-11-27 14:35:47'),(1559,8,'Start',1,'2024-11-15 17:44:06','2024-11-15 20:12:24','MANUAL',8786,2.00,0,NULL,2,'2024-11-15 09:44:09','2024-11-27 14:35:47'),(1560,6,'Start',0,'2024-11-15 17:59:55','2024-11-15 20:00:10','MANUAL',3600,120.00,0,NULL,2,'2024-11-15 09:59:57','2024-11-27 13:07:26'),(1561,6,'Extend',0,'2024-11-15 18:00:01',NULL,NULL,3600,120.00,0,NULL,2,'2024-11-15 10:00:03','2024-11-27 13:07:26'),(1562,7,'Start',0,'2024-11-15 18:43:34','2024-11-15 19:43:51','MANUAL',3600,120.00,0,NULL,2,'2024-11-15 10:43:34','2024-11-27 15:14:58'),(1563,5,'Start',0,'2024-11-15 19:03:22','2024-11-15 20:03:32','MANUAL',3600,120.00,0,NULL,2,'2024-11-15 11:03:22','2024-11-27 15:21:26'),(1564,7,'Start',0,'2024-11-15 19:45:13','2024-11-15 20:43:45','MANUAL',3600,120.00,0,NULL,2,'2024-11-15 11:45:13','2024-11-27 15:14:58'),(1565,6,'Start',0,'2024-11-15 20:02:26','2024-11-15 21:01:35','MANUAL',3600,120.00,0,NULL,2,'2024-11-15 12:02:27','2024-11-27 13:07:26'),(1566,5,'Start',0,'2024-11-15 20:04:52','2024-11-15 21:04:47','MANUAL',3600,120.00,0,NULL,2,'2024-11-15 12:04:52','2024-11-27 15:21:26'),(1567,8,'Start',0,'2024-11-15 20:14:20','2024-11-15 21:14:28','MANUAL',3600,120.00,0,NULL,2,'2024-11-15 12:14:21','2024-11-27 14:35:47'),(1568,7,'Start',0,'2024-11-15 20:44:39','2024-11-15 22:44:25','MANUAL',3600,120.00,0,NULL,2,'2024-11-15 12:44:40','2024-11-27 15:14:58'),(1569,6,'Start',0,'2024-11-15 21:04:00','2024-11-15 22:06:45','MANUAL',3600,120.00,0,NULL,2,'2024-11-15 13:04:01','2024-11-27 13:07:26'),(1570,5,'Start',0,'2024-11-15 21:12:26','2024-11-15 22:12:24','MANUAL',3600,120.00,0,NULL,2,'2024-11-15 13:12:26','2024-11-27 15:21:26'),(1571,8,'Start',0,'2024-11-15 21:41:37','2024-11-15 22:41:55','MANUAL',3600,120.00,0,NULL,2,'2024-11-15 13:41:38','2024-11-27 14:35:47'),(1572,7,'Extend',0,'2024-11-15 21:41:47',NULL,NULL,3600,120.00,0,NULL,2,'2024-11-15 13:41:47','2024-11-27 15:14:58'),(1573,5,'Start',0,'2024-11-15 22:14:18','2024-11-15 23:27:46','MANUAL',3600,120.00,0,NULL,2,'2024-11-15 14:14:18','2024-11-27 15:21:26'),(1574,6,'Start',0,'2024-11-15 22:32:53','2024-11-15 23:39:34','MANUAL',3600,120.00,0,NULL,2,'2024-11-15 14:32:55','2024-11-27 13:07:26'),(1575,7,'Start',0,'2024-11-15 22:49:17','2024-11-15 23:49:34','MANUAL',3600,120.00,0,NULL,2,'2024-11-15 14:49:17','2024-11-27 15:14:58'),(1576,8,'Start',0,'2024-11-15 23:21:01','2024-11-16 00:21:04','MANUAL',3600,120.00,0,NULL,2,'2024-11-15 15:21:02','2024-11-27 14:35:47'),(1577,6,'Start',0,'2024-11-15 23:44:32','2024-11-16 01:07:27','MANUAL',3600,120.00,0,NULL,2,'2024-11-15 15:44:32','2024-11-27 13:07:26'),(1578,7,'Start',0,'2024-11-15 23:59:53','2024-11-16 01:07:22','MANUAL',3600,120.00,0,NULL,2,'2024-11-15 15:59:54','2024-11-27 15:14:58'),(1579,5,'Start',0,'2024-11-16 00:20:39','2024-11-16 01:20:48','MANUAL',3600,120.00,0,NULL,2,'2024-11-15 16:20:40','2024-11-27 15:21:26'),(1580,8,'Start',0,'2024-11-16 00:30:21','2024-11-16 01:31:30','MANUAL',3600,120.00,0,NULL,2,'2024-11-15 16:30:22','2024-11-27 14:35:47'),(1581,7,'Start Free',0,'2024-11-17 17:09:10','2024-11-17 17:09:16','MANUAL',0,0.00,0,'test',2,'2024-11-17 09:09:10','2024-11-27 15:14:58'),(1582,8,'Start',0,'2024-11-17 17:42:49','2024-11-17 18:46:32','MANUAL',3600,120.00,0,NULL,2,'2024-11-17 09:42:49','2024-11-27 14:35:47'),(1583,6,'Start',1,'2024-11-17 17:47:48','2024-11-17 19:08:35','MANUAL',4774,2.00,0,NULL,2,'2024-11-17 09:47:48','2024-11-27 13:07:26'),(1584,8,'Start',1,'2024-11-17 19:53:44','2024-11-17 20:29:33','MANUAL',2123,2.00,0,NULL,2,'2024-11-17 11:53:44','2024-11-27 14:35:47'),(1585,6,'Start',1,'2024-11-17 20:02:52','2024-11-17 23:36:17','MANUAL',12612,2.00,0,NULL,2,'2024-11-17 12:02:53','2024-11-27 13:07:26'),(1586,7,'Start',0,'2024-11-17 20:08:28','2024-11-17 20:09:08','MANUAL',3600,120.00,0,NULL,2,'2024-11-17 12:08:29','2024-11-27 15:14:58'),(1587,7,'Start',0,'2024-11-17 20:09:19','2024-11-17 20:10:03','MANUAL',3600,120.00,0,NULL,2,'2024-11-17 12:09:19','2024-11-27 15:14:58'),(1588,7,'Start',0,'2024-11-17 20:10:30','2024-11-17 21:06:21','MANUAL',3600,120.00,0,NULL,2,'2024-11-17 12:10:30','2024-11-27 15:14:58'),(1589,8,'Start',1,'2024-11-17 20:48:51','2024-11-17 22:48:36','MANUAL',7097,2.00,0,NULL,2,'2024-11-17 12:48:52','2024-11-27 14:35:47'),(1590,5,'Start',0,'2024-11-17 20:50:28','2024-11-17 21:50:29','MANUAL',3600,120.00,0,NULL,2,'2024-11-17 12:50:28','2024-11-27 15:21:26'),(1591,7,'Start',0,'2024-11-17 21:06:30','2024-11-17 22:08:03','MANUAL',3600,120.00,0,NULL,2,'2024-11-17 13:06:30','2024-11-27 15:14:58'),(1592,5,'Start',0,'2024-11-17 21:52:26','2024-11-17 22:51:52','MANUAL',3600,120.00,0,NULL,2,'2024-11-17 13:52:27','2024-11-27 15:21:26'),(1593,7,'Start',1,'2024-11-17 22:08:07','2024-11-17 23:09:52','MANUAL',3646,2.00,0,NULL,2,'2024-11-17 14:08:08','2024-11-27 15:14:58'),(1594,8,'Start',0,'2024-11-17 22:51:30','2024-11-17 23:48:11','MANUAL',3600,120.00,0,NULL,2,'2024-11-17 14:51:31','2024-11-27 14:35:47'),(1595,5,'Start',1,'2024-11-17 22:55:07','2024-11-18 00:23:48','MANUAL',5243,2.00,0,NULL,2,'2024-11-17 14:55:08','2024-11-27 15:21:26'),(1596,7,'Start',0,'2024-11-17 23:19:24','2024-11-18 15:19:49','MANUAL',3600,120.00,0,NULL,2,'2024-11-17 15:19:25','2024-11-27 15:14:58'),(1597,7,'Extend',0,'2024-11-17 23:19:28',NULL,NULL,3600,120.00,0,NULL,2,'2024-11-17 15:19:30','2024-11-27 15:14:58'),(1598,6,'Start',0,'2024-11-17 23:37:27','2024-11-18 00:47:29','MANUAL',3600,120.00,0,NULL,2,'2024-11-17 15:37:27','2024-11-27 13:07:26'),(1599,8,'Start',0,'2024-11-18 00:15:56','2024-11-18 15:18:29','MANUAL',3600,120.00,0,NULL,2,'2024-11-17 16:15:56','2024-11-27 14:35:47'),(1600,5,'Start Free',0,'2024-11-18 00:24:19','2024-11-18 15:19:30','MANUAL',0,0.00,0,'sir chino',2,'2024-11-17 16:24:19','2024-11-27 15:21:26'),(1601,7,'Start',0,'2024-11-18 15:20:04','2024-11-18 17:00:03','MANUAL',3600,120.00,0,NULL,2,'2024-11-18 07:20:04','2024-11-27 15:14:58'),(1602,7,'Extend',0,'2024-11-18 15:20:08',NULL,NULL,3600,120.00,0,NULL,2,'2024-11-18 07:20:09','2024-11-27 15:14:58'),(1603,8,'Start',0,'2024-11-18 15:28:12','2024-11-18 17:29:10','MANUAL',3600,120.00,0,NULL,2,'2024-11-18 07:28:12','2024-11-27 14:35:47'),(1604,6,'Start',1,'2024-11-18 16:18:37','2024-11-18 18:40:09','MANUAL',8365,2.00,0,NULL,2,'2024-11-18 08:18:37','2024-11-27 13:07:26'),(1605,8,'Extend',0,'2024-11-18 16:23:00',NULL,NULL,3600,120.00,0,NULL,2,'2024-11-18 08:23:01','2024-11-27 14:35:47'),(1606,5,'Start',0,'2024-11-18 16:29:28','2024-11-18 18:33:33','MANUAL',3600,120.00,0,NULL,2,'2024-11-18 08:29:28','2024-11-27 15:21:26'),(1607,7,'Start',1,'2024-11-18 17:00:27','2024-11-18 19:16:14','MANUAL',8019,2.00,0,NULL,2,'2024-11-18 09:00:28','2024-11-27 15:14:58'),(1608,5,'Extend',0,'2024-11-18 17:20:59',NULL,NULL,3600,120.00,0,NULL,2,'2024-11-18 09:20:59','2024-11-27 15:21:26'),(1609,8,'Start',0,'2024-11-18 17:30:24','2024-11-18 18:21:28','MANUAL',3600,120.00,0,NULL,2,'2024-11-18 09:30:24','2024-11-27 14:35:47'),(1610,8,'Start',0,'2024-11-18 18:22:35','2024-11-18 20:24:13','MANUAL',3600,120.00,0,NULL,2,'2024-11-18 10:22:35','2024-11-27 14:35:47'),(1611,8,'Extend',0,'2024-11-18 18:23:09',NULL,NULL,3600,120.00,0,NULL,2,'2024-11-18 10:23:10','2024-11-27 14:35:47'),(1612,5,'Start',1,'2024-11-18 18:34:14','2024-11-18 19:36:50','MANUAL',3702,2.00,0,NULL,2,'2024-11-18 10:34:14','2024-11-27 15:21:26'),(1613,6,'Start',0,'2024-11-18 18:44:48','2024-11-18 19:44:52','MANUAL',3600,120.00,0,NULL,2,'2024-11-18 10:44:48','2024-11-27 13:07:26'),(1614,7,'Start',0,'2024-11-18 19:18:20','2024-11-18 20:18:27','MANUAL',3600,120.00,0,NULL,2,'2024-11-18 11:18:21','2024-11-27 15:14:58'),(1615,5,'Start',0,'2024-11-18 19:41:20','2024-11-18 20:41:21','MANUAL',3600,120.00,0,NULL,2,'2024-11-18 11:41:23','2024-11-27 15:21:26'),(1616,6,'Start',1,'2024-11-18 19:45:08','2024-11-18 20:25:13','MANUAL',2367,2.00,0,NULL,2,'2024-11-18 11:45:10','2024-11-27 13:07:26'),(1617,7,'Start',0,'2024-11-18 20:21:30','2024-11-18 21:16:48','MANUAL',3600,120.00,0,NULL,2,'2024-11-18 12:21:31','2024-11-27 15:14:58'),(1618,8,'Start',1,'2024-11-18 20:25:44','2024-11-18 23:23:56','MANUAL',10560,2.00,0,NULL,2,'2024-11-18 12:25:44','2024-11-27 14:35:47'),(1619,6,'Start',0,'2024-11-18 20:26:38','2024-11-18 21:26:45','MANUAL',3600,120.00,0,NULL,2,'2024-11-18 12:26:38','2024-11-27 13:07:26'),(1620,5,'Start',0,'2024-11-18 20:46:10','2024-11-18 21:51:13','MANUAL',3600,120.00,0,NULL,2,'2024-11-18 12:46:10','2024-11-27 15:21:26'),(1621,7,'Start',0,'2024-11-18 21:16:53','2024-11-18 22:18:18','MANUAL',3600,120.00,0,NULL,2,'2024-11-18 13:16:53','2024-11-27 15:14:58'),(1622,6,'Start',0,'2024-11-18 21:27:25','2024-11-18 22:27:20','MANUAL',3600,120.00,0,NULL,2,'2024-11-18 13:27:26','2024-11-27 13:07:26'),(1623,5,'Start',1,'2024-11-18 21:51:20','2024-11-18 21:51:24','MANUAL',5,2.00,0,NULL,2,'2024-11-18 13:51:20','2024-11-27 15:21:26'),(1624,5,'Start',0,'2024-11-18 21:51:32','2024-11-18 22:59:32','MANUAL',3600,120.00,0,NULL,2,'2024-11-18 13:51:32','2024-11-27 15:21:26'),(1625,7,'Start',1,'2024-11-18 22:18:32','2024-11-19 16:05:20','MANUAL',9561,2.00,0,NULL,2,'2024-11-18 14:18:32','2024-11-27 15:14:58'),(1626,6,'Start',0,'2024-11-18 23:02:40','2024-11-19 00:04:06','MANUAL',3600,120.00,0,NULL,2,'2024-11-18 15:02:40','2024-11-27 13:07:26'),(1627,5,'Start',0,'2024-11-18 23:09:30','2024-11-19 00:22:04','MANUAL',3600,120.00,0,NULL,2,'2024-11-18 15:09:30','2024-11-27 15:21:26'),(1628,8,'Start',0,'2024-11-18 23:28:36','2024-11-19 00:28:56','MANUAL',3600,120.00,0,NULL,2,'2024-11-18 15:28:37','2024-11-27 14:35:47'),(1629,8,'Start',0,'2024-11-19 16:05:23','2024-11-19 17:00:43','MANUAL',3600,120.00,0,NULL,2,'2024-11-19 08:05:24','2024-11-27 14:35:47'),(1630,6,'Start',0,'2024-11-19 16:23:48','2024-11-19 17:24:54','MANUAL',3600,120.00,0,NULL,2,'2024-11-19 08:23:48','2024-11-27 13:07:26'),(1631,5,'Start',0,'2024-11-19 16:30:33','2024-11-19 17:31:38','MANUAL',3600,120.00,0,NULL,2,'2024-11-19 08:30:33','2024-11-27 15:21:26'),(1632,7,'Start',0,'2024-11-19 16:32:50','2024-11-19 17:34:45','MANUAL',3600,120.00,0,NULL,2,'2024-11-19 08:32:51','2024-11-27 15:14:58'),(1633,8,'Start',0,'2024-11-19 17:03:36','2024-11-19 18:05:16','MANUAL',3600,120.00,0,NULL,2,'2024-11-19 09:03:39','2024-11-27 14:35:47'),(1634,6,'Start',0,'2024-11-19 17:29:45','2024-11-19 18:36:16','MANUAL',3600,120.00,0,NULL,2,'2024-11-19 09:29:46','2024-11-27 13:07:26'),(1635,7,'Start',0,'2024-11-19 18:00:04','2024-11-19 19:04:47','MANUAL',3600,120.00,0,NULL,2,'2024-11-19 10:00:04','2024-11-27 15:14:58'),(1636,5,'Start',0,'2024-11-19 18:00:54','2024-11-19 19:08:27','MANUAL',3600,120.00,0,NULL,2,'2024-11-19 10:00:54','2024-11-27 15:21:26'),(1637,8,'Start',0,'2024-11-19 18:05:57','2024-11-19 19:07:24','MANUAL',3600,120.00,0,NULL,2,'2024-11-19 10:05:57','2024-11-27 14:35:47'),(1638,6,'Start',1,'2024-11-19 18:36:20','2024-11-19 18:36:18','MANUAL',5,2.00,0,NULL,2,'2024-11-19 10:36:23','2024-11-27 13:07:26'),(1639,6,'Start',1,'2024-11-19 18:37:12','2024-11-19 19:04:05','MANUAL',1589,2.00,0,NULL,2,'2024-11-19 10:37:12','2024-11-27 13:07:26'),(1640,6,'Start',0,'2024-11-19 19:07:28','2024-11-19 20:07:55','MANUAL',3600,120.00,0,NULL,2,'2024-11-19 11:07:29','2024-11-27 13:07:26'),(1641,7,'Start',0,'2024-11-19 19:09:04','2024-11-19 20:10:09','MANUAL',3600,120.00,0,NULL,2,'2024-11-19 11:09:04','2024-11-27 15:14:58'),(1642,5,'Start',1,'2024-11-19 19:12:42','2024-11-20 00:09:49','MANUAL',17566,2.00,0,NULL,2,'2024-11-19 11:12:43','2024-11-27 15:21:26'),(1643,8,'Start',1,'2024-11-19 19:19:22','2024-11-19 21:30:55','MANUAL',0,2.00,0,NULL,2,'2024-11-19 11:19:22','2024-11-27 14:35:47'),(1644,6,'Start',0,'2024-11-19 20:10:40','2024-11-19 22:10:57','MANUAL',3600,120.00,0,NULL,2,'2024-11-19 12:10:40','2024-11-27 13:07:26'),(1645,6,'Extend',0,'2024-11-19 20:10:44',NULL,NULL,3600,120.00,0,NULL,2,'2024-11-19 12:10:45','2024-11-27 13:07:26'),(1646,7,'Start',0,'2024-11-19 20:10:53','2024-11-19 21:12:19','MANUAL',3600,120.00,0,NULL,2,'2024-11-19 12:10:53','2024-11-27 15:14:58'),(1647,7,'Start',0,'2024-11-19 21:12:32','2024-11-19 22:13:46','MANUAL',3600,120.00,0,NULL,2,'2024-11-19 13:12:39','2024-11-27 15:14:58'),(1648,8,'Start',0,'2024-11-19 21:34:53','2024-11-19 22:33:55','MANUAL',3600,120.00,0,NULL,2,'2024-11-19 13:34:56','2024-11-27 14:35:47'),(1649,6,'Start',0,'2024-11-19 22:11:28','2024-11-19 23:50:18','MANUAL',3600,120.00,0,NULL,2,'2024-11-19 14:11:31','2024-11-27 13:07:26'),(1650,6,'Extend',0,'2024-11-19 22:11:36',NULL,NULL,3600,120.00,0,NULL,2,'2024-11-19 14:11:37','2024-11-27 13:07:26'),(1651,7,'Start',0,'2024-11-19 22:14:14','2024-11-19 23:14:20','MANUAL',3600,120.00,0,NULL,2,'2024-11-19 14:14:15','2024-11-27 15:14:58'),(1652,8,'Start',0,'2024-11-19 22:35:07','2024-11-20 01:44:58','MANUAL',3600,120.00,0,NULL,2,'2024-11-19 14:35:07','2024-11-27 14:35:47'),(1653,8,'Extend',0,'2024-11-19 22:35:12',NULL,NULL,3600,120.00,0,NULL,2,'2024-11-19 14:35:12','2024-11-27 14:35:47'),(1654,7,'Start',0,'2024-11-19 23:14:37','2024-11-20 00:14:51','MANUAL',3600,120.00,0,NULL,2,'2024-11-19 15:14:37','2024-11-27 15:14:58'),(1655,6,'Start',0,'2024-11-19 23:51:09','2024-11-20 15:30:19','MANUAL',3600,120.00,0,NULL,2,'2024-11-19 15:51:10','2024-11-27 13:07:26'),(1656,5,'Start',0,'2024-11-20 00:11:15','2024-11-20 15:30:36','MANUAL',3600,120.00,0,NULL,2,'2024-11-19 16:11:15','2024-11-27 15:21:26'),(1657,8,'Extend',0,'2024-11-20 00:13:16',NULL,NULL,3600,120.00,0,NULL,2,'2024-11-19 16:13:16','2024-11-27 14:35:47'),(1658,7,'Start',0,'2024-11-20 00:19:30','2024-11-20 01:32:42','MANUAL',3600,120.00,0,NULL,2,'2024-11-19 16:19:30','2024-11-27 15:14:58'),(1659,6,'Extend',0,'2024-11-20 00:33:43',NULL,NULL,3600,120.00,0,NULL,2,'2024-11-19 16:33:44','2024-11-27 13:07:26'),(1660,7,'Start',0,'2024-11-20 01:33:05','2024-11-20 15:30:41','MANUAL',3600,120.00,0,NULL,2,'2024-11-19 17:33:06','2024-11-27 15:14:58'),(1661,7,'Start',1,'2024-11-20 15:31:24','2024-11-20 15:31:29','MANUAL',5,2.00,0,NULL,2,'2024-11-20 07:31:24','2024-11-27 15:14:58'),(1662,7,'Start',0,'2024-11-20 16:55:25','2024-11-20 17:56:29','MANUAL',3600,120.00,0,NULL,2,'2024-11-20 08:55:28','2024-11-27 15:14:58'),(1663,6,'Start',0,'2024-11-20 17:43:01','2024-11-20 18:50:10','MANUAL',3600,120.00,0,NULL,2,'2024-11-20 09:43:01','2024-11-27 13:07:26'),(1664,5,'Start',0,'2024-11-20 17:48:53','2024-11-20 18:50:16','MANUAL',3600,120.00,0,NULL,2,'2024-11-20 09:48:53','2024-11-27 15:21:26'),(1665,7,'Start',0,'2024-11-20 18:07:42','2024-11-20 19:08:49','MANUAL',3600,120.00,0,NULL,2,'2024-11-20 10:07:43','2024-11-27 15:14:58'),(1666,8,'Start',0,'2024-11-20 18:26:01','2024-11-20 19:25:32','MANUAL',3600,120.00,0,NULL,2,'2024-11-20 10:26:03','2024-11-27 14:35:47'),(1667,5,'Start',0,'2024-11-20 18:50:36','2024-11-20 19:53:50','MANUAL',3600,120.00,0,NULL,2,'2024-11-20 10:50:36','2024-11-27 15:21:26'),(1668,6,'Start',0,'2024-11-20 18:58:41','2024-11-20 19:59:53','MANUAL',3600,120.00,0,NULL,2,'2024-11-20 10:58:42','2024-11-27 13:07:26'),(1669,7,'Start',0,'2024-11-20 19:12:37','2024-11-20 20:13:41','MANUAL',3600,120.00,0,NULL,2,'2024-11-20 11:12:38','2024-11-27 15:14:58'),(1670,8,'Start',0,'2024-11-20 19:28:23','2024-11-20 20:33:47','MANUAL',3600,120.00,0,NULL,2,'2024-11-20 11:28:24','2024-11-27 14:35:47'),(1671,5,'Start',0,'2024-11-20 19:59:45','2024-11-20 21:00:01','MANUAL',3600,120.00,0,NULL,2,'2024-11-20 11:59:49','2024-11-27 15:21:26'),(1672,6,'Start',0,'2024-11-20 20:02:50','2024-11-20 21:05:02','MANUAL',3600,120.00,0,NULL,2,'2024-11-20 12:02:53','2024-11-27 13:07:26'),(1673,7,'Start',0,'2024-11-20 20:15:19','2024-11-20 22:08:28','MANUAL',3600,120.00,0,NULL,2,'2024-11-20 12:15:20','2024-11-27 15:14:58'),(1674,7,'Extend',0,'2024-11-20 20:15:32',NULL,NULL,3600,120.00,0,NULL,2,'2024-11-20 12:15:33','2024-11-27 15:14:58'),(1675,8,'Start',0,'2024-11-20 20:34:11','2024-11-20 21:35:06','MANUAL',3600,120.00,0,NULL,2,'2024-11-20 12:34:11','2024-11-27 14:35:47'),(1676,5,'Start',1,'2024-11-20 21:01:03','2024-11-20 23:49:38','MANUAL',9969,2.00,0,NULL,2,'2024-11-20 13:01:03','2024-11-27 15:21:26'),(1677,6,'Start',0,'2024-11-20 21:05:10','2024-11-20 22:06:16','MANUAL',3600,120.00,0,NULL,2,'2024-11-20 13:05:10','2024-11-27 13:07:26'),(1678,8,'Start',1,'2024-11-20 21:36:58','2024-11-20 22:38:28','MANUAL',3645,2.00,0,NULL,2,'2024-11-20 13:36:59','2024-11-27 14:35:47'),(1679,6,'Start',1,'2024-11-20 22:07:31','2024-11-21 00:22:20','MANUAL',7968,2.00,0,NULL,2,'2024-11-20 14:07:32','2024-11-27 13:07:26'),(1680,7,'Start',1,'2024-11-20 22:08:37','2024-11-21 00:22:15','MANUAL',7893,2.00,0,NULL,2,'2024-11-20 14:08:37','2024-11-27 15:14:58'),(1681,8,'Start',0,'2024-11-20 22:58:27','2024-11-21 00:00:02','MANUAL',3600,120.00,0,NULL,2,'2024-11-20 14:58:27','2024-11-27 14:35:47'),(1682,5,'Start',0,'2024-11-20 23:51:30','2024-11-21 00:24:02','MANUAL',3600,120.00,0,NULL,2,'2024-11-20 15:51:30','2024-11-27 15:21:26'),(1683,8,'Start',0,'2024-11-21 00:00:08','2024-11-21 01:02:13','MANUAL',3600,120.00,0,NULL,2,'2024-11-20 16:00:11','2024-11-27 14:35:47'),(1684,7,'Start',0,'2024-11-21 00:24:51','2024-11-21 01:25:22','MANUAL',3600,120.00,0,NULL,2,'2024-11-20 16:24:52','2024-11-27 15:14:58'),(1685,6,'Start',0,'2024-11-21 00:57:22','2024-11-21 15:04:25','MANUAL',3600,120.00,0,NULL,2,'2024-11-20 16:57:24','2024-11-27 13:07:26'),(1686,8,'Start',0,'2024-11-21 01:02:17','2024-11-21 15:04:20','MANUAL',3600,120.00,0,NULL,2,'2024-11-20 17:02:20','2024-11-27 14:35:47'),(1687,5,'Start',0,'2024-11-21 01:05:32','2024-11-21 15:20:33','MANUAL',3600,120.00,0,NULL,2,'2024-11-20 17:05:33','2024-11-27 15:21:26'),(1688,7,'Start Free',0,'2024-11-21 01:25:54','2024-11-21 15:20:28','MANUAL',0,0.00,0,'waiter',2,'2024-11-20 17:25:55','2024-11-27 15:14:58'),(1689,8,'Start',1,'2024-11-21 15:04:56','2024-11-21 16:41:28','MANUAL',5721,2.00,0,NULL,2,'2024-11-21 07:04:56','2024-11-27 14:35:47'),(1690,7,'Start',0,'2024-11-21 16:40:38','2024-11-21 17:41:53','MANUAL',3600,120.00,0,NULL,2,'2024-11-21 08:40:39','2024-11-27 15:14:58'),(1691,5,'Start',0,'2024-11-21 17:42:35','2024-11-21 18:50:55','MANUAL',3600,120.00,0,NULL,2,'2024-11-21 09:42:36','2024-11-27 15:21:26'),(1692,6,'Start',0,'2024-11-21 17:46:30','2024-11-21 19:47:01','MANUAL',3600,120.00,0,NULL,2,'2024-11-21 09:46:31','2024-11-27 13:07:26'),(1693,7,'Start',0,'2024-11-21 17:48:07','2024-11-21 19:47:44','MANUAL',3600,120.00,0,NULL,2,'2024-11-21 09:48:08','2024-11-27 15:14:58'),(1694,8,'Start',0,'2024-11-21 17:49:07','2024-11-21 18:50:50','MANUAL',3600,120.00,0,NULL,2,'2024-11-21 09:49:08','2024-11-27 14:35:47'),(1695,7,'Extend',0,'2024-11-21 18:49:50',NULL,NULL,3600,120.00,0,NULL,2,'2024-11-21 10:49:51','2024-11-27 15:14:58'),(1696,6,'Extend',0,'2024-11-21 18:50:27',NULL,NULL,3600,120.00,0,NULL,2,'2024-11-21 10:50:27','2024-11-27 13:07:26'),(1697,8,'Start',0,'2024-11-21 18:51:16','2024-11-21 20:52:37','MANUAL',3600,120.00,0,NULL,2,'2024-11-21 10:51:17','2024-11-27 14:35:47'),(1698,5,'Start',0,'2024-11-21 19:12:58','2024-11-21 20:16:02','MANUAL',3600,120.00,0,NULL,2,'2024-11-21 11:12:58','2024-11-27 15:21:26'),(1699,7,'Start',0,'2024-11-21 19:48:47','2024-11-21 20:48:54','MANUAL',3600,120.00,0,NULL,2,'2024-11-21 11:48:47','2024-11-27 15:14:58'),(1700,6,'Start',0,'2024-11-21 19:50:06','2024-11-21 20:50:47','MANUAL',3600,120.00,0,NULL,2,'2024-11-21 11:50:06','2024-11-27 13:07:26'),(1701,8,'Extend',0,'2024-11-21 19:52:43',NULL,NULL,3600,120.00,0,NULL,2,'2024-11-21 11:52:44','2024-11-27 14:35:47'),(1702,5,'Start',0,'2024-11-21 20:16:18','2024-11-21 21:24:28','MANUAL',3600,120.00,0,NULL,2,'2024-11-21 12:16:19','2024-11-27 15:21:26'),(1703,7,'Start',0,'2024-11-21 20:49:26','2024-11-21 21:49:56','MANUAL',3600,120.00,0,NULL,2,'2024-11-21 12:49:27','2024-11-27 15:14:58'),(1704,6,'Start',0,'2024-11-21 20:51:45','2024-11-21 21:52:14','MANUAL',3600,120.00,0,NULL,2,'2024-11-21 12:51:47','2024-11-27 13:07:26'),(1705,8,'Start',1,'2024-11-21 20:53:55','2024-11-21 22:21:29','MANUAL',5190,2.00,0,NULL,2,'2024-11-21 12:53:56','2024-11-27 14:35:47'),(1706,5,'Start',0,'2024-11-21 21:45:06','2024-11-21 22:46:58','MANUAL',3600,120.00,0,NULL,2,'2024-11-21 13:45:06','2024-11-27 15:21:26'),(1707,6,'Start',0,'2024-11-21 21:52:44','2024-11-21 22:54:15','MANUAL',3600,120.00,0,NULL,2,'2024-11-21 13:52:45','2024-11-27 13:07:26'),(1708,7,'Start',1,'2024-11-21 21:56:56','2024-11-22 00:56:32','MANUAL',10607,2.00,0,NULL,2,'2024-11-21 13:56:59','2024-11-27 15:14:58'),(1709,8,'Start',0,'2024-11-21 22:33:52','2024-11-21 23:34:14','MANUAL',3600,120.00,0,NULL,2,'2024-11-21 14:33:52','2024-11-27 14:35:47'),(1710,5,'Start',0,'2024-11-21 22:47:04','2024-11-21 23:47:15','MANUAL',3600,120.00,0,NULL,2,'2024-11-21 14:47:04','2024-11-27 15:21:26'),(1711,6,'Start',0,'2024-11-21 22:54:29','2024-11-21 23:57:04','MANUAL',3600,120.00,0,NULL,2,'2024-11-21 14:54:29','2024-11-27 13:07:26'),(1712,8,'Start',0,'2024-11-21 23:35:27','2024-11-22 01:12:02','MANUAL',3600,120.00,0,NULL,2,'2024-11-21 15:35:27','2024-11-27 14:35:47'),(1713,5,'Start',0,'2024-11-21 23:51:08','2024-11-22 00:51:26','MANUAL',3600,120.00,0,NULL,2,'2024-11-21 15:51:08','2024-11-27 15:21:26'),(1714,6,'Start',0,'2024-11-21 23:57:19','2024-11-22 01:03:04','MANUAL',3600,120.00,0,NULL,2,'2024-11-21 15:57:19','2024-11-27 13:07:26'),(1715,8,'Extend',0,'2024-11-22 00:28:55',NULL,NULL,1800,60.00,0,NULL,2,'2024-11-21 16:28:57','2024-11-27 14:35:47'),(1716,7,'Start Free',0,'2024-11-22 01:12:18','2024-11-22 15:18:09','MANUAL',0,0.00,0,'Employee free play',2,'2024-11-21 17:12:18','2024-11-27 15:14:58'),(1717,7,'Start',0,'2024-11-22 17:08:37','2024-11-22 18:08:47','MANUAL',3600,120.00,0,NULL,2,'2024-11-22 09:08:38','2024-11-27 15:14:58'),(1718,6,'Start',0,'2024-11-22 17:22:06','2024-11-22 18:23:09','MANUAL',3600,120.00,0,NULL,2,'2024-11-22 09:22:06','2024-11-27 13:07:26'),(1719,8,'Start',1,'2024-11-22 17:23:46','2024-11-22 18:30:50','MANUAL',3974,2.00,0,NULL,2,'2024-11-22 09:23:47','2024-11-27 14:35:47'),(1720,5,'Start',0,'2024-11-22 17:27:42','2024-11-22 18:30:42','MANUAL',3600,120.00,0,NULL,2,'2024-11-22 09:27:42','2024-11-27 15:21:26'),(1721,7,'Start',0,'2024-11-22 18:11:02','2024-11-22 19:11:33','MANUAL',3600,120.00,0,NULL,2,'2024-11-22 10:11:02','2024-11-27 15:14:58'),(1722,6,'Start',0,'2024-11-22 18:33:10','2024-11-22 20:35:06','MANUAL',3600,120.00,0,NULL,2,'2024-11-22 10:33:10','2024-11-27 13:07:26'),(1723,7,'Start',0,'2024-11-22 19:12:17','2024-11-22 20:15:29','MANUAL',3600,120.00,0,NULL,2,'2024-11-22 11:12:17','2024-11-27 15:14:58'),(1724,6,'Extend',0,'2024-11-22 19:34:57',NULL,NULL,3600,120.00,0,NULL,2,'2024-11-22 11:34:58','2024-11-27 13:07:26'),(1725,8,'Start',0,'2024-11-22 19:51:50','2024-11-22 20:53:06','MANUAL',3600,120.00,0,NULL,2,'2024-11-22 11:51:50','2024-11-27 14:35:47'),(1726,5,'Start',0,'2024-11-22 19:59:23','2024-11-22 20:59:56','MANUAL',3600,120.00,0,NULL,2,'2024-11-22 11:59:24','2024-11-27 15:21:26'),(1727,7,'Start',0,'2024-11-22 20:20:10','2024-11-22 21:21:15','MANUAL',3600,120.00,0,NULL,2,'2024-11-22 12:20:10','2024-11-27 15:14:58'),(1728,6,'Start',0,'2024-11-22 20:36:31','2024-11-22 22:35:38','MANUAL',3600,120.00,0,NULL,2,'2024-11-22 12:36:34','2024-11-27 13:07:26'),(1729,8,'Start',0,'2024-11-22 20:53:10','2024-11-22 20:53:08','MANUAL',3600,120.00,0,NULL,2,'2024-11-22 12:53:13','2024-11-27 14:35:47'),(1730,8,'Start',0,'2024-11-22 21:00:25','2024-11-22 22:02:06','MANUAL',3600,120.00,0,NULL,2,'2024-11-22 13:00:26','2024-11-27 14:35:47'),(1731,5,'Start',0,'2024-11-22 21:00:45','2024-11-22 22:02:13','MANUAL',3600,120.00,0,NULL,2,'2024-11-22 13:00:46','2024-11-27 15:21:26'),(1732,7,'Start',1,'2024-11-22 21:22:37','2024-11-22 21:51:11','MANUAL',1687,2.00,0,NULL,2,'2024-11-22 13:22:38','2024-11-27 15:14:58'),(1733,6,'Extend',0,'2024-11-22 21:38:11',NULL,NULL,3600,120.00,0,NULL,2,'2024-11-22 13:38:12','2024-11-27 13:07:26'),(1734,7,'Start',0,'2024-11-22 21:51:43','2024-11-22 22:52:59','MANUAL',3600,120.00,0,NULL,2,'2024-11-22 13:51:43','2024-11-27 15:14:58'),(1735,5,'Start',1,'2024-11-22 22:02:29','2024-11-22 23:29:49','MANUAL',5165,2.00,0,NULL,2,'2024-11-22 14:02:29','2024-11-27 15:21:26'),(1736,8,'Start',0,'2024-11-22 22:05:54','2024-11-22 23:07:27','MANUAL',3600,120.00,0,NULL,2,'2024-11-22 14:05:54','2024-11-27 14:35:47'),(1737,6,'Start',0,'2024-11-22 22:36:07','2024-11-22 23:34:14','MANUAL',3600,120.00,0,NULL,2,'2024-11-22 14:36:08','2024-11-27 13:07:26'),(1738,7,'Start',1,'2024-11-22 22:53:10','2024-11-23 01:24:17','MANUAL',8925,2.00,0,NULL,2,'2024-11-22 14:53:10','2024-11-27 15:14:58'),(1739,8,'Start',0,'2024-11-22 23:08:32','2024-11-23 00:18:34','MANUAL',3600,120.00,0,NULL,2,'2024-11-22 15:08:35','2024-11-27 14:35:47'),(1740,5,'Start',0,'2024-11-22 23:31:54','2024-11-23 00:33:39','MANUAL',3600,120.00,0,NULL,2,'2024-11-22 15:31:55','2024-11-27 15:21:26'),(1741,6,'Start',0,'2024-11-22 23:34:48','2024-11-23 00:36:45','MANUAL',3600,120.00,0,NULL,2,'2024-11-22 15:34:49','2024-11-27 13:07:26'),(1742,8,'Start',0,'2024-11-23 00:19:24','2024-11-23 01:24:13','MANUAL',3600,120.00,0,NULL,2,'2024-11-22 16:19:25','2024-11-27 14:35:47'),(1743,5,'Start',0,'2024-11-23 00:34:26','2024-11-23 01:29:41','MANUAL',3600,120.00,0,NULL,2,'2024-11-22 16:34:26','2024-11-27 15:21:26'),(1744,6,'Start',0,'2024-11-23 00:37:41','2024-11-23 01:37:50','MANUAL',3600,120.00,0,NULL,2,'2024-11-22 16:37:48','2024-11-27 13:07:26'),(1745,8,'Start',0,'2024-11-23 01:24:36','2024-11-23 15:05:23','MANUAL',3600,120.00,0,NULL,2,'2024-11-22 17:24:36','2024-11-27 14:35:47'),(1746,7,'Start',0,'2024-11-23 01:24:56','2024-11-23 15:05:20','MANUAL',3600,120.00,0,NULL,2,'2024-11-22 17:25:03','2024-11-27 15:14:58'),(1747,5,'Extend',0,'2024-11-23 01:25:17',NULL,NULL,3600,120.00,0,NULL,2,'2024-11-22 17:25:18','2024-11-27 15:21:26'),(1748,7,'Start',1,'2024-11-23 15:05:30','2024-11-23 16:21:51','MANUAL',4510,2.00,0,NULL,2,'2024-11-23 07:05:30','2024-11-27 15:14:58'),(1749,8,'Start',1,'2024-11-23 15:47:30','2024-11-23 17:17:12','MANUAL',5316,2.00,0,NULL,2,'2024-11-23 07:47:30','2024-11-27 14:35:47'),(1750,6,'Start',0,'2024-11-23 16:42:28','2024-11-23 17:48:01','MANUAL',3600,120.00,0,NULL,2,'2024-11-23 08:42:28','2024-11-27 13:07:26'),(1751,8,'Start',0,'2024-11-23 17:29:00','2024-11-23 18:48:34','MANUAL',3600,120.00,0,NULL,2,'2024-11-23 09:29:05','2024-11-27 14:35:47'),(1752,6,'Start',0,'2024-11-23 18:02:18','2024-11-23 19:03:15','MANUAL',3600,120.00,0,NULL,2,'2024-11-23 10:02:18','2024-11-27 13:07:26'),(1753,7,'Start',0,'2024-11-23 18:19:50','2024-11-23 19:26:08','MANUAL',3600,120.00,0,NULL,2,'2024-11-23 10:19:51','2024-11-27 15:14:58'),(1754,5,'Start',1,'2024-11-23 18:23:21','2024-11-23 19:28:35','MANUAL',3857,2.00,0,NULL,2,'2024-11-23 10:23:21','2024-11-27 15:21:26'),(1755,6,'Start',1,'2024-11-23 19:08:33','2024-11-23 21:57:31','MANUAL',9985,2.00,0,NULL,2,'2024-11-23 11:08:34','2024-11-27 13:07:26'),(1756,8,'Start',0,'2024-11-23 19:17:40','2024-11-23 20:20:15','MANUAL',3600,120.00,0,NULL,2,'2024-11-23 11:17:41','2024-11-27 14:35:47'),(1757,7,'Start',0,'2024-11-23 19:41:57','2024-11-23 20:43:36','MANUAL',3600,120.00,0,NULL,2,'2024-11-23 11:41:57','2024-11-27 15:14:58'),(1758,5,'Start',0,'2024-11-23 20:00:00','2024-11-23 23:02:59','MANUAL',3600,120.00,0,NULL,2,'2024-11-23 12:00:00','2024-11-27 15:21:26'),(1759,8,'Start',0,'2024-11-23 20:20:19','2024-11-23 21:24:48','MANUAL',3600,120.00,0,NULL,2,'2024-11-23 12:20:22','2024-11-27 14:35:47'),(1760,7,'Start',0,'2024-11-23 20:43:49','2024-11-23 21:46:25','MANUAL',3600,120.00,0,NULL,2,'2024-11-23 12:43:50','2024-11-27 15:14:58'),(1761,5,'Extend',0,'2024-11-23 20:47:15',NULL,NULL,3600,120.00,0,NULL,2,'2024-11-23 12:47:16','2024-11-27 15:21:26'),(1762,8,'Start',0,'2024-11-23 21:25:06','2024-11-23 22:27:06','MANUAL',3600,120.00,0,NULL,2,'2024-11-23 13:25:06','2024-11-27 14:35:47'),(1763,7,'Start',1,'2024-11-23 21:46:30','2024-11-24 00:44:49','MANUAL',10531,2.00,0,NULL,2,'2024-11-23 13:46:30','2024-11-27 15:14:58'),(1764,5,'Extend',0,'2024-11-23 22:02:49',NULL,NULL,3600,120.00,0,NULL,2,'2024-11-23 14:02:49','2024-11-27 15:21:26'),(1765,6,'Start',0,'2024-11-23 22:05:41','2024-11-23 23:07:13','MANUAL',3600,120.00,0,NULL,2,'2024-11-23 14:05:41','2024-11-27 13:07:26'),(1766,8,'Start',1,'2024-11-23 22:27:12','2024-11-23 22:31:36','MANUAL',259,2.00,0,NULL,2,'2024-11-23 14:27:14','2024-11-27 14:35:47'),(1767,8,'Start',1,'2024-11-23 22:31:57','2024-11-24 00:24:54','MANUAL',6694,2.00,0,NULL,2,'2024-11-23 14:31:57','2024-11-27 14:35:47'),(1768,5,'Start',1,'2024-11-23 23:04:05','2024-11-24 00:58:53','MANUAL',6787,2.00,0,NULL,2,'2024-11-23 15:04:05','2024-11-27 15:21:26'),(1769,6,'Start',0,'2024-11-23 23:08:23','2024-11-24 00:08:32','MANUAL',3600,120.00,0,NULL,2,'2024-11-23 15:08:24','2024-11-27 13:07:26'),(1770,6,'Start',0,'2024-11-24 00:09:45','2024-11-24 01:10:14','MANUAL',3600,120.00,0,NULL,2,'2024-11-23 16:09:46','2024-11-27 13:07:26'),(1771,8,'Start',0,'2024-11-24 00:25:54','2024-11-24 01:26:33','MANUAL',3600,120.00,0,NULL,2,'2024-11-23 16:25:54','2024-11-27 14:35:47'),(1772,7,'Start',0,'2024-11-24 00:46:11','2024-11-24 00:46:14','MANUAL',3600,120.00,0,NULL,2,'2024-11-23 16:46:12','2024-11-27 15:14:58'),(1773,7,'Start',0,'2024-11-24 00:46:18','2024-11-24 01:48:36','MANUAL',3600,120.00,0,NULL,2,'2024-11-23 16:46:25','2024-11-27 15:14:58'),(1774,6,'Start',0,'2024-11-24 01:11:30','2024-11-24 02:13:48','MANUAL',3600,120.00,0,NULL,2,'2024-11-23 17:11:30','2024-11-27 13:07:26'),(1775,5,'Start',0,'2024-11-24 01:26:27','2024-11-24 02:26:00','MANUAL',3600,120.00,0,NULL,2,'2024-11-23 17:26:28','2024-11-27 15:21:26'),(1776,8,'Start',0,'2024-11-24 01:28:32','2024-11-24 17:06:44','MANUAL',3600,120.00,0,NULL,2,'2024-11-23 17:28:32','2024-11-27 14:35:47'),(1777,7,'Start',0,'2024-11-24 01:57:54','2024-11-24 17:06:31','MANUAL',3600,120.00,0,NULL,2,'2024-11-23 17:57:55','2024-11-27 15:14:58'),(1778,6,'Start Free',0,'2024-11-24 02:22:27','2024-11-24 17:06:35','MANUAL',0,0.00,0,'Employee free play',2,'2024-11-23 18:22:27','2024-11-27 13:07:26'),(1779,8,'Start',0,'2024-11-24 18:21:37','2024-11-24 23:21:41','MANUAL',3600,120.00,0,NULL,2,'2024-11-24 10:21:38','2024-11-27 14:35:47'),(1780,7,'Start',0,'2024-11-24 18:22:29','2024-11-24 19:23:19','MANUAL',3600,120.00,0,NULL,2,'2024-11-24 10:22:29','2024-11-27 15:14:58'),(1781,6,'Start',0,'2024-11-24 18:22:35','2024-11-24 19:23:07','MANUAL',3600,120.00,0,NULL,2,'2024-11-24 10:22:35','2024-11-27 13:07:26'),(1782,5,'Start',0,'2024-11-24 18:45:06','2024-11-24 19:48:08','MANUAL',3600,120.00,0,NULL,2,'2024-11-24 10:45:06','2024-11-27 15:21:26'),(1783,8,'Extend',0,'2024-11-24 19:22:56',NULL,NULL,3600,120.00,0,NULL,2,'2024-11-24 11:22:57','2024-11-27 14:35:47'),(1784,7,'Start',0,'2024-11-24 19:53:10','2024-11-24 21:54:07','MANUAL',3600,120.00,0,NULL,2,'2024-11-24 11:53:10','2024-11-27 15:14:58'),(1785,6,'Start',0,'2024-11-24 20:05:57','2024-11-25 00:09:56','MANUAL',3600,120.00,0,NULL,2,'2024-11-24 12:05:57','2024-11-27 13:07:26'),(1786,5,'Start',0,'2024-11-24 20:06:29','2024-11-24 21:07:08','MANUAL',3600,120.00,0,NULL,2,'2024-11-24 12:06:30','2024-11-27 15:21:26'),(1787,8,'Extend',0,'2024-11-24 20:12:09',NULL,NULL,3600,120.00,0,NULL,2,'2024-11-24 12:12:10','2024-11-27 14:35:47'),(1788,7,'Extend',0,'2024-11-24 20:54:47',NULL,NULL,3600,120.00,0,NULL,2,'2024-11-24 12:54:47','2024-11-27 15:14:58'),(1789,6,'Extend',0,'2024-11-24 21:06:17',NULL,NULL,3600,120.00,0,NULL,2,'2024-11-24 13:06:20','2024-11-27 13:07:26'),(1790,5,'Start',1,'2024-11-24 21:07:55','2024-11-24 22:05:40','MANUAL',3414,2.00,0,NULL,2,'2024-11-24 13:07:56','2024-11-27 15:21:26'),(1791,8,'Extend',0,'2024-11-24 21:18:51',NULL,NULL,3600,120.00,0,NULL,2,'2024-11-24 13:18:52','2024-11-27 14:35:47'),(1792,7,'Start',1,'2024-11-24 21:55:36','2024-11-25 00:26:05','MANUAL',8887,2.00,0,NULL,2,'2024-11-24 13:55:37','2024-11-27 15:14:58'),(1793,6,'Extend',0,'2024-11-24 22:06:59',NULL,NULL,3600,120.00,0,NULL,2,'2024-11-24 14:07:00','2024-11-27 13:07:26'),(1794,8,'Extend',0,'2024-11-24 22:10:05',NULL,NULL,3600,120.00,0,NULL,2,'2024-11-24 14:10:05','2024-11-27 14:35:47'),(1795,5,'Start',0,'2024-11-24 22:10:22','2024-11-24 23:13:46','MANUAL',3600,120.00,0,NULL,2,'2024-11-24 14:10:22','2024-11-27 15:21:26'),(1796,6,'Extend',0,'2024-11-24 23:05:08',NULL,NULL,3600,120.00,0,NULL,2,'2024-11-24 15:05:09','2024-11-27 13:07:26'),(1797,5,'Start',1,'2024-11-24 23:14:48','2024-11-25 00:32:03','MANUAL',4568,2.00,0,NULL,2,'2024-11-24 15:14:48','2024-11-27 15:21:26'),(1798,8,'Start',0,'2024-11-24 23:30:12','2024-11-25 00:30:23','MANUAL',3600,120.00,0,NULL,2,'2024-11-24 15:30:13','2024-11-27 14:35:47'),(1799,6,'Start',0,'2024-11-25 00:10:44','2024-11-25 15:10:11','MANUAL',3600,120.00,0,NULL,2,'2024-11-24 16:10:44','2024-11-27 13:07:26'),(1800,8,'Start',0,'2024-11-25 00:31:30','2024-11-25 15:10:14','MANUAL',3600,120.00,0,NULL,2,'2024-11-24 16:31:31','2024-11-27 14:35:47'),(1801,7,'Start Free',0,'2024-11-25 01:02:17','2024-11-25 15:10:02','MANUAL',0,0.00,0,'waiter',2,'2024-11-24 17:02:21','2024-11-27 15:14:58'),(1802,7,'Start',0,'2024-11-25 15:53:28','2024-11-25 17:53:41','MANUAL',3600,120.00,0,NULL,2,'2024-11-25 07:53:28','2024-11-27 15:14:58'),(1803,8,'Start',0,'2024-11-25 15:55:06','2024-11-25 16:55:04','MANUAL',3600,120.00,0,NULL,2,'2024-11-25 07:55:06','2024-11-27 14:35:47'),(1804,6,'Start',0,'2024-11-25 16:10:09','2024-11-25 17:07:08','MANUAL',3600,120.00,0,NULL,2,'2024-11-25 08:10:09','2024-11-27 13:07:26'),(1805,5,'Start',0,'2024-11-25 16:15:48','2024-11-25 17:06:56','MANUAL',3600,120.00,0,NULL,2,'2024-11-25 08:15:49','2024-11-27 15:21:26'),(1806,7,'Extend',0,'2024-11-25 16:47:41',NULL,NULL,3600,120.00,0,NULL,2,'2024-11-25 08:47:42','2024-11-27 15:14:58'),(1807,6,'Start',0,'2024-11-25 17:07:55','2024-11-25 17:44:31','MANUAL',3600,120.00,0,NULL,2,'2024-11-25 09:07:56','2024-11-27 13:07:26'),(1808,5,'Start',0,'2024-11-25 17:28:08','2024-11-25 17:30:19','MANUAL',3600,120.00,0,NULL,2,'2024-11-25 09:28:08','2024-11-27 15:21:26'),(1809,8,'Start',0,'2024-11-25 17:30:24','2024-11-25 18:31:19','MANUAL',3600,120.00,0,NULL,2,'2024-11-25 09:30:24','2024-11-27 14:35:47'),(1810,6,'Start',0,'2024-11-25 17:55:02','2024-11-25 18:56:27','MANUAL',3600,120.00,0,NULL,2,'2024-11-25 09:55:02','2024-11-27 13:07:26'),(1811,7,'Start',1,'2024-11-25 17:57:30','2024-11-25 21:30:12','MANUAL',12561,2.00,0,NULL,2,'2024-11-25 09:57:30','2024-11-27 15:14:58'),(1812,5,'Start',0,'2024-11-25 18:26:45','2024-11-25 19:27:18','MANUAL',3600,120.00,0,NULL,2,'2024-11-25 10:26:45','2024-11-27 15:21:26'),(1813,8,'Start',0,'2024-11-25 18:36:58','2024-11-25 19:35:49','MANUAL',3600,120.00,0,NULL,2,'2024-11-25 10:36:58','2024-11-27 14:35:47'),(1814,6,'Start',0,'2024-11-25 18:59:19','2024-11-25 21:01:56','MANUAL',3600,120.00,0,NULL,2,'2024-11-25 10:59:19','2024-11-27 13:07:26'),(1815,5,'Start',0,'2024-11-25 19:31:17','2024-11-25 20:28:28','MANUAL',3600,120.00,0,NULL,2,'2024-11-25 11:31:24','2024-11-27 15:21:26'),(1816,8,'Start',1,'2024-11-25 19:35:54','2024-11-25 20:50:44','MANUAL',4431,2.00,0,NULL,2,'2024-11-25 11:35:57','2024-11-27 14:35:47'),(1817,6,'Extend',0,'2024-11-25 19:51:21',NULL,NULL,3600,120.00,0,NULL,2,'2024-11-25 11:51:22','2024-11-27 13:07:26'),(1818,5,'Start',1,'2024-11-25 20:28:35','2024-11-25 21:23:29','MANUAL',3247,2.00,0,NULL,2,'2024-11-25 12:28:35','2024-11-27 15:21:26'),(1819,8,'Start',0,'2024-11-25 20:52:33','2024-11-25 22:18:33','MANUAL',3600,120.00,0,NULL,2,'2024-11-25 12:52:33','2024-11-27 14:35:47'),(1820,8,'Extend',0,'2024-11-25 20:52:36',NULL,NULL,3600,120.00,0,NULL,2,'2024-11-25 12:52:37','2024-11-27 14:35:47'),(1821,6,'Start',0,'2024-11-25 21:04:01','2024-11-25 23:04:49','MANUAL',3600,120.00,0,NULL,2,'2024-11-25 13:04:01','2024-11-27 13:07:26'),(1822,5,'Start',0,'2024-11-25 21:30:25','2024-11-25 22:30:33','MANUAL',3600,120.00,0,NULL,2,'2024-11-25 13:30:25','2024-11-27 15:21:26'),(1823,7,'Start',1,'2024-11-25 21:32:33','2024-11-25 21:33:00','MANUAL',26,2.00,0,NULL,2,'2024-11-25 13:32:34','2024-11-27 15:14:58'),(1824,7,'Start',1,'2024-11-25 21:34:11','2024-11-25 22:34:33','MANUAL',3566,2.00,0,NULL,2,'2024-11-25 13:34:11','2024-11-27 15:14:58'),(1825,6,'Extend',0,'2024-11-25 22:01:43',NULL,NULL,3600,120.00,0,NULL,2,'2024-11-25 14:01:43','2024-11-27 13:07:26'),(1826,8,'Start',0,'2024-11-25 22:21:38','2024-11-25 23:22:31','MANUAL',3600,120.00,0,NULL,2,'2024-11-25 14:21:38','2024-11-27 14:35:47'),(1827,5,'Start',0,'2024-11-25 22:32:36','2024-11-25 23:33:08','MANUAL',3600,120.00,0,NULL,2,'2024-11-25 14:32:36','2024-11-27 15:21:26'),(1828,7,'Start',0,'2024-11-25 22:36:31','2024-11-26 00:38:51','MANUAL',3600,120.00,0,NULL,2,'2024-11-25 14:36:31','2024-11-27 15:14:58'),(1829,6,'Start',0,'2024-11-25 23:04:52','2024-11-26 00:04:55','MANUAL',3600,120.00,0,NULL,2,'2024-11-25 15:05:01','2024-11-27 13:07:26'),(1830,8,'Start',0,'2024-11-25 23:27:22','2024-11-26 00:27:25','MANUAL',3600,120.00,0,NULL,2,'2024-11-25 15:27:22','2024-11-27 14:35:47'),(1831,7,'Extend',0,'2024-11-25 23:34:36',NULL,NULL,3600,120.00,0,NULL,2,'2024-11-25 15:34:37','2024-11-27 15:14:58'),(1832,5,'Start',0,'2024-11-25 23:36:16','2024-11-26 00:39:21','MANUAL',3600,120.00,0,NULL,2,'2024-11-25 15:36:17','2024-11-27 15:21:26'),(1833,6,'Start',0,'2024-11-26 00:06:54','2024-11-26 01:08:46','MANUAL',3600,120.00,0,NULL,2,'2024-11-25 16:06:54','2024-11-27 13:07:26'),(1834,7,'Start',0,'2024-11-26 00:40:01','2024-11-26 01:45:49','MANUAL',3600,120.00,0,NULL,2,'2024-11-25 16:40:01','2024-11-27 15:14:58'),(1835,8,'Start',0,'2024-11-26 01:08:51','2024-11-26 15:35:24','MANUAL',3600,120.00,0,NULL,2,'2024-11-25 17:08:51','2024-11-27 14:35:47'),(1836,7,'Start',0,'2024-11-26 15:35:30','2024-11-26 16:39:44','MANUAL',3600,120.00,0,NULL,2,'2024-11-26 07:35:30','2024-11-27 15:14:58'),(1837,8,'Start',0,'2024-11-26 15:36:42','2024-11-26 18:11:24','MANUAL',3600,120.00,0,NULL,2,'2024-11-26 07:36:42','2024-11-27 14:35:47'),(1838,6,'Start',0,'2024-11-26 15:41:25','2024-11-26 18:41:45','MANUAL',3600,120.00,0,NULL,2,'2024-11-26 07:41:25','2024-11-27 13:07:26'),(1839,6,'Extend',0,'2024-11-26 15:41:29',NULL,NULL,3600,120.00,0,NULL,2,'2024-11-26 07:41:29','2024-11-27 13:07:26'),(1840,6,'Pause',0,'2024-11-26 15:43:19',NULL,NULL,7090,0.00,0,NULL,2,'2024-11-26 07:43:19','2024-11-27 13:07:26'),(1841,6,'Resume',0,'2024-11-26 15:43:21',NULL,NULL,0,0.00,0,NULL,2,'2024-11-26 07:43:22','2024-11-27 13:07:26'),(1842,5,'Start',1,'2024-11-26 15:51:50','2024-11-26 17:45:26','MANUAL',6717,2.00,0,NULL,2,'2024-11-26 07:51:51','2024-11-27 15:21:26'),(1843,8,'Extend',0,'2024-11-26 16:38:10',NULL,NULL,3600,120.00,0,NULL,2,'2024-11-26 08:38:10','2024-11-27 14:35:47'),(1844,7,'Start',0,'2024-11-26 17:11:57','2024-11-26 18:14:27','MANUAL',3600,120.00,0,NULL,2,'2024-11-26 09:11:57','2024-11-27 15:14:58'),(1845,8,'Extend',0,'2024-11-26 17:42:59',NULL,NULL,3600,120.00,0,NULL,2,'2024-11-26 09:43:00','2024-11-27 14:35:47'),(1846,8,'Start',1,'2024-11-26 18:51:19','2024-11-26 21:42:10','MANUAL',10124,2.00,0,NULL,2,'2024-11-26 10:51:20','2024-11-27 14:35:47'),(1847,6,'Start',0,'2024-11-26 19:05:14','2024-11-26 20:05:44','MANUAL',3600,120.00,0,NULL,2,'2024-11-26 11:05:14','2024-11-27 13:07:26'),(1848,7,'Start',0,'2024-11-26 19:11:38','2024-11-26 20:16:53','MANUAL',3600,120.00,0,NULL,2,'2024-11-26 11:11:38','2024-11-27 15:14:58'),(1849,5,'Start',0,'2024-11-26 19:22:18','2024-11-26 20:24:57','MANUAL',3600,120.00,0,NULL,2,'2024-11-26 11:22:18','2024-11-27 15:21:26'),(1850,6,'Start',1,'2024-11-26 20:06:56','2024-11-26 22:15:57','MANUAL',7626,2.00,0,NULL,2,'2024-11-26 12:06:56','2024-11-27 13:07:26'),(1851,7,'Start',0,'2024-11-26 21:35:58','2024-11-26 22:35:09','MANUAL',3600,120.00,0,NULL,2,'2024-11-26 13:35:59','2024-11-27 15:14:58'),(1852,5,'Start',0,'2024-11-26 21:37:36','2024-11-26 22:36:45','MANUAL',3600,120.00,0,NULL,2,'2024-11-26 13:37:37','2024-11-27 15:21:26'),(1853,8,'Start',0,'2024-11-26 21:48:41','2024-11-26 22:49:40','MANUAL',3600,120.00,0,NULL,2,'2024-11-26 13:48:44','2024-11-27 14:35:47'),(1854,6,'Start',0,'2024-11-26 22:21:04','2024-11-26 23:25:20','MANUAL',3600,120.00,0,NULL,2,'2024-11-26 14:21:05','2024-11-27 13:07:26'),(1855,7,'Start',0,'2024-11-26 22:35:54','2024-11-27 16:17:00','MANUAL',3600,120.00,0,NULL,2,'2024-11-26 14:35:55','2024-11-27 15:14:58'),(1856,7,'Extend',0,'2024-11-26 22:35:58',NULL,NULL,3600,120.00,0,NULL,2,'2024-11-26 14:35:59','2024-11-27 15:14:58'),(1857,5,'Start',1,'2024-11-26 22:38:05','2024-11-26 22:50:27','MANUAL',731,2.00,0,NULL,2,'2024-11-26 14:38:06','2024-11-27 15:21:26'),(1858,8,'Start',1,'2024-11-26 22:50:32','2024-11-27 00:00:56','MANUAL',4172,2.00,0,NULL,2,'2024-11-26 14:50:32','2024-11-27 14:35:47'),(1859,6,'Start',0,'2024-11-26 23:25:38','2024-11-27 00:31:40','MANUAL',3600,120.00,0,NULL,2,'2024-11-26 15:25:39','2024-11-27 13:07:26'),(1860,5,'Start',0,'2024-11-26 23:57:30','2024-11-27 00:57:35','MANUAL',3600,120.00,0,NULL,2,'2024-11-26 15:57:31','2024-11-27 15:21:26'),(1861,7,'Extend',0,'2024-11-27 00:29:46',NULL,NULL,3600,120.00,0,NULL,2,'2024-11-26 16:29:47','2024-11-27 15:14:58'),(1862,6,'Start',0,'2024-11-27 00:32:33','2024-11-27 01:36:57','MANUAL',3600,120.00,0,NULL,2,'2024-11-26 16:32:33','2024-11-27 13:07:26'),(1863,8,'Start Free',0,'2024-11-27 01:14:51','2024-11-27 15:37:44','MANUAL',0,0.00,0,'waiter',2,'2024-11-26 17:14:52','2024-11-27 14:35:47'),(1864,7,'Extend',0,'2024-11-27 01:17:01',NULL,NULL,3600,120.00,0,NULL,2,'2024-11-26 17:17:01','2024-11-27 15:14:58'),(1865,7,'Pause',0,'2024-11-27 01:46:28',NULL,NULL,12633,0.00,0,NULL,2,'2024-11-26 17:46:29','2024-11-27 15:14:58'),(1866,7,'Resume',0,'2024-11-27 01:47:46',NULL,NULL,0,0.00,0,NULL,2,'2024-11-26 17:47:46','2024-11-27 15:14:58'),(1867,7,'Start',1,'2024-11-27 16:44:25','2024-11-27 18:34:32','MANUAL',6503,2.00,0,NULL,2,'2024-11-27 08:44:26','2024-11-27 15:14:58'),(1868,6,'Start',0,'2024-11-27 16:54:42','2024-11-27 17:56:08','MANUAL',3600,120.00,0,NULL,2,'2024-11-27 08:54:43','2024-11-27 13:07:26'),(1869,8,'Start',0,'2024-11-27 16:55:55','2024-11-27 17:56:21','MANUAL',3600,120.00,0,NULL,2,'2024-11-27 08:55:55','2024-11-27 14:35:47'),(1870,6,'Start',0,'2024-11-27 17:56:17','2024-11-27 18:56:46','MANUAL',3600,120.00,0,NULL,2,'2024-11-27 09:56:17','2024-11-27 13:07:26'),(1871,8,'Start',0,'2024-11-27 18:13:05','2024-11-27 19:16:39','MANUAL',3600,120.00,0,NULL,2,'2024-11-27 10:13:08','2024-11-27 14:35:47'),(1872,7,'Start',0,'2024-11-27 18:52:20','2024-11-27 19:53:16','MANUAL',3600,120.00,0,NULL,2,'2024-11-27 10:52:20','2024-11-27 15:14:58'),(1873,6,'Start',0,'2024-11-27 19:03:05','2024-11-27 20:05:29','MANUAL',3600,120.00,0,NULL,2,'2024-11-27 11:03:05','2024-11-27 13:07:26'),(1874,8,'Start',1,'2024-11-27 19:16:49','2024-11-27 22:35:46','MANUAL',11790,2.00,0,NULL,2,'2024-11-27 11:16:49','2024-11-27 14:35:47'),(1875,5,'Start',0,'2024-11-27 19:23:14','2024-11-27 20:27:32','MANUAL',3600,120.00,0,NULL,2,'2024-11-27 11:23:15','2024-11-27 15:21:26'),(1876,5,'Pause',0,'2024-11-27 19:24:00',NULL,NULL,3554,0.00,0,NULL,2,'2024-11-27 11:24:00','2024-11-27 15:21:26'),(1877,5,'Resume',0,'2024-11-27 19:24:07',NULL,NULL,0,0.00,0,NULL,2,'2024-11-27 11:24:08','2024-11-27 15:21:26'),(1878,7,'Start',0,'2024-11-27 19:55:27','2024-11-27 20:57:28','MANUAL',3600,120.00,0,NULL,2,'2024-11-27 11:55:28','2024-11-27 15:14:58'),(1879,6,'Start',0,'2024-11-27 20:07:11','2024-11-27 21:07:25','MANUAL',3600,120.00,0,NULL,2,'2024-11-27 12:07:12','2024-11-27 13:07:26'),(1880,5,'Start',1,'2024-11-27 20:28:03','2024-11-27 23:16:02','MANUAL',0,2.00,0,NULL,2,'2024-11-27 12:28:03','2024-11-27 15:21:26'),(1881,7,'Start',0,'2024-11-27 20:57:35','2024-11-27 23:14:54','MANUAL',3600,120.00,0,NULL,2,'2024-11-27 12:57:35','2024-11-27 15:14:58'),(1882,6,'Start',1,'2024-11-27 21:07:31',NULL,NULL,0,2.00,1,NULL,2,'2024-11-27 13:07:33','2024-11-27 13:07:33'),(1883,7,'Extend',0,'2024-11-27 21:58:49',NULL,NULL,3600,120.00,0,NULL,2,'2024-11-27 13:58:50','2024-11-27 15:14:58'),(1884,8,'Start',1,'2024-11-27 22:43:57',NULL,NULL,0,2.00,1,NULL,2,'2024-11-27 14:43:58','2024-11-27 14:43:58'),(1885,7,'Pause',0,'2024-11-27 22:56:01',NULL,NULL,3768,0.00,0,NULL,2,'2024-11-27 14:56:04','2024-11-27 15:14:58'),(1886,7,'Resume',0,'2024-11-27 22:56:13',NULL,NULL,0,0.00,0,NULL,2,'2024-11-27 14:56:13','2024-11-27 15:14:58'),(1887,7,'Pause',0,'2024-11-27 22:59:55',NULL,NULL,3534,0.00,0,NULL,2,'2024-11-27 14:59:58','2024-11-27 15:14:58'),(1888,7,'Resume',0,'2024-11-27 23:12:16',NULL,NULL,0,0.00,0,NULL,2,'2024-11-27 15:12:17','2024-11-27 15:14:58'),(1889,7,'Pause',0,'2024-11-27 23:12:28',NULL,NULL,2781,0.00,0,NULL,2,'2024-11-27 15:12:28','2024-11-27 15:14:58'),(1890,7,'Resume',0,'2024-11-27 23:12:31',NULL,NULL,0,0.00,0,NULL,2,'2024-11-27 15:12:32','2024-11-27 15:14:58'),(1891,7,'Pause',0,'2024-11-27 23:12:56',NULL,NULL,2753,0.00,0,NULL,2,'2024-11-27 15:12:56','2024-11-27 15:14:58'),(1892,7,'Resume',0,'2024-11-27 23:12:57',NULL,NULL,0,0.00,0,NULL,2,'2024-11-27 15:12:58','2024-11-27 15:14:58'),(1893,7,'Resume',0,'2024-11-27 23:13:05',NULL,NULL,0,0.00,0,NULL,2,'2024-11-27 15:13:06','2024-11-27 15:14:58'),(1894,7,'Pause',0,'2024-11-27 23:13:09',NULL,NULL,2740,0.00,0,NULL,2,'2024-11-27 15:13:11','2024-11-27 15:14:58'),(1895,7,'Resume',0,'2024-11-27 23:13:12',NULL,NULL,0,0.00,0,NULL,2,'2024-11-27 15:13:13','2024-11-27 15:14:58'),(1896,7,'Pause',0,'2024-11-27 23:13:16',NULL,NULL,2733,0.00,0,NULL,2,'2024-11-27 15:13:18','2024-11-27 15:14:58'),(1897,7,'Resume',0,'2024-11-27 23:13:38',NULL,NULL,0,0.00,0,NULL,2,'2024-11-27 15:13:38','2024-11-27 15:14:58'),(1898,7,'Extend',0,'2024-11-27 23:14:31',NULL,NULL,3600,120.00,0,NULL,2,'2024-11-27 15:14:32','2024-11-27 15:14:58'),(1899,7,'Start',0,'2024-11-27 23:15:03',NULL,NULL,3600,120.00,1,NULL,2,'2024-11-27 15:15:04','2024-11-27 15:15:04'),(1900,5,'Start',0,'2024-11-27 23:20:15','2024-11-27 23:21:11','MANUAL',3600,120.00,0,NULL,2,'2024-11-27 15:20:18','2024-11-27 15:21:26'),(1901,5,'Start',0,'2024-11-27 23:21:17','2024-11-27 23:21:24','MANUAL',3600,120.00,0,NULL,2,'2024-11-27 15:21:17','2024-11-27 15:21:26');
/*!40000 ALTER TABLE `devicetimetransactions` ENABLE KEYS */;
UNLOCK TABLES;

--
-- Table structure for table `failed_jobs`
--

DROP TABLE IF EXISTS `failed_jobs`;
/*!40101 SET @saved_cs_client     = @@character_set_client */;
/*!40101 SET character_set_client = utf8 */;
CREATE TABLE `failed_jobs` (
  `id` bigint(20) unsigned NOT NULL AUTO_INCREMENT,
  `uuid` varchar(255) NOT NULL,
  `connection` text NOT NULL,
  `queue` text NOT NULL,
  `payload` longtext NOT NULL,
  `exception` longtext NOT NULL,
  `failed_at` timestamp NOT NULL DEFAULT current_timestamp(),
  PRIMARY KEY (`id`),
  UNIQUE KEY `failed_jobs_uuid_unique` (`uuid`)
) ENGINE=InnoDB DEFAULT CHARSET=utf8mb4 COLLATE=utf8mb4_unicode_ci;
/*!40101 SET character_set_client = @saved_cs_client */;

--
-- Dumping data for table `failed_jobs`
--

LOCK TABLES `failed_jobs` WRITE;
/*!40000 ALTER TABLE `failed_jobs` DISABLE KEYS */;
/*!40000 ALTER TABLE `failed_jobs` ENABLE KEYS */;
UNLOCK TABLES;

--
-- Table structure for table `migrations`
--

DROP TABLE IF EXISTS `migrations`;
/*!40101 SET @saved_cs_client     = @@character_set_client */;
/*!40101 SET character_set_client = utf8 */;
CREATE TABLE `migrations` (
  `id` int(10) unsigned NOT NULL AUTO_INCREMENT,
  `migration` varchar(255) NOT NULL,
  `batch` int(11) NOT NULL,
  PRIMARY KEY (`id`)
) ENGINE=InnoDB AUTO_INCREMENT=16 DEFAULT CHARSET=utf8mb4 COLLATE=utf8mb4_unicode_ci;
/*!40101 SET character_set_client = @saved_cs_client */;

--
-- Dumping data for table `migrations`
--

LOCK TABLES `migrations` WRITE;
/*!40000 ALTER TABLE `migrations` DISABLE KEYS */;
INSERT INTO `migrations` VALUES (1,'2014_10_12_100000_create_password_resets_table',1),(2,'2019_08_19_000000_create_failed_jobs_table',1),(3,'2019_12_14_000001_create_personal_access_tokens_table',1),(4,'2024_07_28_114907_create_devices',1),(5,'2024_07_28_121010_create_devicestatus',1),(6,'2024_07_30_104726_create_devicetime',1),(7,'2024_07_30_105109_create_timetype',1),(8,'2024_07_30_172836_create_activity_log',1),(9,'2024_07_31_065331_create_device_time_transactions_table',1),(10,'2024_08_05_000958_create_rptdevicetimetransactions_table',1),(11,'2024_08_05_034649_create_permissions_table',1),(12,'2024_08_05_162616_create_role_table',1),(13,'2024_08_05_163516_create_rolepermissions_table',1),(14,'2024_08_06_031854_create_users_table',1),(15,'2024_08_06_032859_create_userroles_table',1);
/*!40000 ALTER TABLE `migrations` ENABLE KEYS */;
UNLOCK TABLES;

--
-- Table structure for table `password_resets`
--

DROP TABLE IF EXISTS `password_resets`;
/*!40101 SET @saved_cs_client     = @@character_set_client */;
/*!40101 SET character_set_client = utf8 */;
CREATE TABLE `password_resets` (
  `email` varchar(255) NOT NULL,
  `token` varchar(255) NOT NULL,
  `created_at` timestamp NULL DEFAULT NULL,
  PRIMARY KEY (`email`)
) ENGINE=InnoDB DEFAULT CHARSET=utf8mb4 COLLATE=utf8mb4_unicode_ci;
/*!40101 SET character_set_client = @saved_cs_client */;

--
-- Dumping data for table `password_resets`
--

LOCK TABLES `password_resets` WRITE;
/*!40000 ALTER TABLE `password_resets` DISABLE KEYS */;
/*!40000 ALTER TABLE `password_resets` ENABLE KEYS */;
UNLOCK TABLES;

--
-- Table structure for table `permissions`
--

DROP TABLE IF EXISTS `permissions`;
/*!40101 SET @saved_cs_client     = @@character_set_client */;
/*!40101 SET character_set_client = utf8 */;
CREATE TABLE `permissions` (
  `PermissionId` bigint(20) unsigned NOT NULL AUTO_INCREMENT,
  `PermissionName` varchar(100) NOT NULL,
  `Description` varchar(255) NOT NULL,
  PRIMARY KEY (`PermissionId`)
) ENGINE=InnoDB AUTO_INCREMENT=22 DEFAULT CHARSET=utf8mb4 COLLATE=utf8mb4_unicode_ci;
/*!40101 SET character_set_client = @saved_cs_client */;

--
-- Dumping data for table `permissions`
--

LOCK TABLES `permissions` WRITE;
/*!40000 ALTER TABLE `permissions` DISABLE KEYS */;
INSERT INTO `permissions` VALUES (1,'all_access_to_device','Full access permission to devices'),(2,'all_access_to_reports','Full access permission to all reports'),(3,'all_access_to_users','Full access permission to manage user'),(4,'can_view_devices','Access to device management tab'),(5,'can_view_device_details','Can view device details'),(6,'can_control_device_time','Can start, extend, and end time for a device'),(7,'can_trigger_free_light','Can trigger free light function'),(8,'can_delete_device','Can delete device'),(9,'can_disable_device','Can disable device'),(10,'can_edit_device_base_time','Can edit/update device base time'),(11,'can_add_device_increments','Can add/create device increments'),(12,'can_disable_device_increments','Can disable device increments'),(13,'can_delete_device_increments','Can delete device increments'),(14,'can_view_device_specific_rate_usage_report','Can view specific device rate and usage report'),(15,'can_view_device_specific_time_transaction_report','Can view specific device time transaction report'),(16,'can_deploy_device','Can deploy device'),(17,'can_edit_device_name','Can edit device name'),(18,'can_edit_watchdog_interval','Can edit watchdog interval'),(19,'can_edit_remaining_time_interval','Can edit remaining time interval'),(20,'can_view_financial_reports','Can view financial reports'),(21,'can_view_activity_logs_reports','Can view activity logs reports');
/*!40000 ALTER TABLE `permissions` ENABLE KEYS */;
UNLOCK TABLES;

--
-- Table structure for table `personal_access_tokens`
--

DROP TABLE IF EXISTS `personal_access_tokens`;
/*!40101 SET @saved_cs_client     = @@character_set_client */;
/*!40101 SET character_set_client = utf8 */;
CREATE TABLE `personal_access_tokens` (
  `id` bigint(20) unsigned NOT NULL AUTO_INCREMENT,
  `tokenable_type` varchar(255) NOT NULL,
  `tokenable_id` bigint(20) unsigned NOT NULL,
  `name` varchar(255) NOT NULL,
  `token` varchar(64) NOT NULL,
  `abilities` text DEFAULT NULL,
  `last_used_at` timestamp NULL DEFAULT NULL,
  `expires_at` timestamp NULL DEFAULT NULL,
  `created_at` timestamp NULL DEFAULT NULL,
  `updated_at` timestamp NULL DEFAULT NULL,
  PRIMARY KEY (`id`),
  UNIQUE KEY `personal_access_tokens_token_unique` (`token`),
  KEY `personal_access_tokens_tokenable_type_tokenable_id_index` (`tokenable_type`,`tokenable_id`)
) ENGINE=InnoDB DEFAULT CHARSET=utf8mb4 COLLATE=utf8mb4_unicode_ci;
/*!40101 SET character_set_client = @saved_cs_client */;

--
-- Dumping data for table `personal_access_tokens`
--

LOCK TABLES `personal_access_tokens` WRITE;
/*!40000 ALTER TABLE `personal_access_tokens` DISABLE KEYS */;
/*!40000 ALTER TABLE `personal_access_tokens` ENABLE KEYS */;
UNLOCK TABLES;

--
-- Table structure for table `rolepermissions`
--

DROP TABLE IF EXISTS `rolepermissions`;
/*!40101 SET @saved_cs_client     = @@character_set_client */;
/*!40101 SET character_set_client = utf8 */;
CREATE TABLE `rolepermissions` (
  `RolePermissionsID` bigint(20) unsigned NOT NULL AUTO_INCREMENT,
  `RoleID` bigint(20) unsigned NOT NULL,
  `PermissionID` bigint(20) unsigned NOT NULL,
  `CreatedByUserID` varchar(255) DEFAULT NULL,
  `created_at` timestamp NULL DEFAULT NULL,
  `updated_at` timestamp NULL DEFAULT NULL,
  PRIMARY KEY (`RolePermissionsID`)
) ENGINE=InnoDB AUTO_INCREMENT=24 DEFAULT CHARSET=utf8mb4 COLLATE=utf8mb4_unicode_ci;
/*!40101 SET character_set_client = @saved_cs_client */;

--
-- Dumping data for table `rolepermissions`
--

LOCK TABLES `rolepermissions` WRITE;
/*!40000 ALTER TABLE `rolepermissions` DISABLE KEYS */;
INSERT INTO `rolepermissions` VALUES (1,1,1,NULL,NULL,NULL),(2,1,2,NULL,NULL,NULL),(3,1,3,NULL,NULL,NULL),(4,1,4,NULL,NULL,NULL),(12,2,14,'1','2024-09-18 08:05:05','2024-09-18 08:05:05'),(13,2,15,'1','2024-09-18 08:05:05','2024-09-18 08:05:05'),(14,2,7,'1','2024-09-18 08:05:05','2024-09-18 08:05:05'),(15,2,4,'1','2024-09-18 08:05:05','2024-09-18 08:05:05'),(16,2,5,'1','2024-09-18 08:05:05','2024-09-18 08:05:05'),(17,2,6,'1','2024-09-18 08:05:05','2024-09-18 08:05:05'),(18,3,4,'1','2024-09-20 11:51:26','2024-09-20 11:51:26'),(19,3,5,'1','2024-09-20 11:51:26','2024-09-20 11:51:26'),(20,3,14,'1','2024-09-20 11:51:26','2024-09-20 11:51:26'),(21,3,15,'1','2024-09-20 11:51:26','2024-09-20 11:51:26'),(22,3,20,'1','2024-09-20 11:51:26','2024-09-20 11:51:26'),(23,3,21,'1','2024-09-20 11:51:26','2024-09-20 11:51:26');
/*!40000 ALTER TABLE `rolepermissions` ENABLE KEYS */;
UNLOCK TABLES;

--
-- Table structure for table `roles`
--

DROP TABLE IF EXISTS `roles`;
/*!40101 SET @saved_cs_client     = @@character_set_client */;
/*!40101 SET character_set_client = utf8 */;
CREATE TABLE `roles` (
  `RoleID` bigint(20) unsigned NOT NULL AUTO_INCREMENT,
  `RoleName` varchar(255) NOT NULL,
  `Description` varchar(255) DEFAULT NULL,
  `CreatedByUserID` varchar(255) DEFAULT NULL,
  `created_at` timestamp NULL DEFAULT NULL,
  `updated_at` timestamp NULL DEFAULT NULL,
  PRIMARY KEY (`RoleID`)
) ENGINE=InnoDB AUTO_INCREMENT=4 DEFAULT CHARSET=utf8mb4 COLLATE=utf8mb4_unicode_ci;
/*!40101 SET character_set_client = @saved_cs_client */;

--
-- Dumping data for table `roles`
--

LOCK TABLES `roles` WRITE;
/*!40000 ALTER TABLE `roles` DISABLE KEYS */;
INSERT INTO `roles` VALUES (1,'Admin',NULL,NULL,NULL,NULL),(2,'Shared Cashier',NULL,NULL,'2024-09-16 14:05:19','2024-09-16 14:05:19'),(3,'Audit','For auditing',NULL,'2024-09-20 11:51:26','2024-09-20 11:51:26');
/*!40000 ALTER TABLE `roles` ENABLE KEYS */;
UNLOCK TABLES;

--
-- Table structure for table `rptdevicetimetransactions`
--

DROP TABLE IF EXISTS `rptdevicetimetransactions`;
/*!40101 SET @saved_cs_client     = @@character_set_client */;
/*!40101 SET character_set_client = utf8 */;
CREATE TABLE `rptdevicetimetransactions` (
  `TransactionID` bigint(20) unsigned NOT NULL AUTO_INCREMENT,
  `DeviceTimeTransactionsID` bigint(20) unsigned NOT NULL,
  `DeviceID` bigint(20) unsigned NOT NULL,
  `TransactionType` varchar(11) NOT NULL,
  `IsOpenTime` tinyint(1) DEFAULT 0,
  `Time` datetime NOT NULL,
  `StoppageType` enum('AUTO','MANUAL') DEFAULT NULL,
  `Duration` int(11) NOT NULL,
  `Rate` decimal(8,2) NOT NULL,
  `Reason` varchar(255) DEFAULT NULL,
  `CreatedByUserId` bigint(20) unsigned DEFAULT NULL,
  PRIMARY KEY (`TransactionID`),
  KEY `rptdevicetimetransactions_deviceid_index` (`DeviceID`)
) ENGINE=InnoDB AUTO_INCREMENT=3480 DEFAULT CHARSET=utf8mb4 COLLATE=utf8mb4_unicode_ci;
/*!40101 SET character_set_client = @saved_cs_client */;

--
-- Dumping data for table `rptdevicetimetransactions`
--

LOCK TABLES `rptdevicetimetransactions` WRITE;
/*!40000 ALTER TABLE `rptdevicetimetransactions` DISABLE KEYS */;
INSERT INTO `rptdevicetimetransactions` VALUES (1,1,7,'Start',0,'2024-09-18 15:37:11',NULL,600,20.00,NULL,1),(2,1,7,'End',0,'2024-09-18 15:37:33','MANUAL',600,20.00,NULL,1),(3,2,7,'Start',0,'2024-09-18 15:39:06',NULL,3600,100.00,NULL,1),(4,3,6,'Start',1,'2024-09-18 15:46:11',NULL,10,2.00,NULL,1),(5,3,6,'End',0,'2024-09-18 15:46:21','MANUAL',10,2.00,NULL,1),(6,4,5,'Start',0,'2024-09-18 15:57:36',NULL,3600,120.00,NULL,1),(7,5,8,'Start',0,'2024-09-18 15:57:48',NULL,3600,120.00,NULL,1),(8,6,8,'Pause',0,'2024-09-18 15:57:57',NULL,3591,0.00,NULL,1),(9,7,8,'Resume',0,'2024-09-18 15:58:12',NULL,0,0.00,NULL,1),(10,5,8,'End',0,'2024-09-18 15:58:21','MANUAL',7191,120.00,NULL,1),(11,4,5,'End',0,'2024-09-18 15:58:27','MANUAL',3600,120.00,NULL,1),(12,8,6,'Start',0,'2024-09-18 16:33:51',NULL,3600,120.00,NULL,2),(13,8,6,'End',0,'2024-09-18 16:34:06','MANUAL',3600,120.00,NULL,2),(14,9,6,'Start',0,'2024-09-18 16:34:15',NULL,3600,120.00,NULL,2),(15,10,6,'Extend',0,'2024-09-18 16:34:21',NULL,3600,120.00,NULL,2),(16,9,6,'End',0,'2024-09-18 16:34:52','MANUAL',7200,240.00,NULL,2),(17,11,5,'Start',1,'2024-09-18 16:36:02',NULL,2615,87.00,NULL,2),(18,12,6,'Start',1,'2024-09-18 16:36:29',NULL,32,2.00,NULL,2),(19,12,6,'End',0,'2024-09-18 16:37:02','MANUAL',32,2.00,NULL,2),(20,2,7,'End',0,'2024-09-18 16:40:03','AUTO',216000,100.00,NULL,999999),(21,13,6,'Start',0,'2024-09-18 16:40:38',NULL,3600,120.00,NULL,2),(22,14,6,'Extend',0,'2024-09-18 16:40:45',NULL,3600,120.00,NULL,2),(23,15,6,'Extend',0,'2024-09-18 16:40:48',NULL,3600,120.00,NULL,2),(24,13,6,'End',0,'2024-09-18 16:41:10','MANUAL',10800,360.00,NULL,2),(25,16,6,'Start',0,'2024-09-18 16:45:25',NULL,3600,120.00,NULL,2),(26,17,6,'Extend',0,'2024-09-18 16:45:29',NULL,3600,120.00,NULL,2),(27,18,7,'Start',0,'2024-09-18 16:46:38',NULL,3600,100.00,NULL,2),(28,19,7,'Extend',0,'2024-09-18 16:46:44',NULL,3600,100.00,NULL,2),(29,20,8,'Start',0,'2024-09-18 17:18:34',NULL,3600,120.00,NULL,2),(30,11,5,'End',0,'2024-09-18 17:20:17','MANUAL',2615,87.00,NULL,2),(31,21,5,'Start',0,'2024-09-18 17:20:26',NULL,3600,120.00,NULL,2),(32,20,8,'End',0,'2024-09-18 18:19:18','AUTO',216000,120.00,NULL,999999),(33,22,8,'Start',0,'2024-09-18 18:19:47',NULL,3600,120.00,NULL,2),(34,21,5,'End',0,'2024-09-18 18:21:09','MANUAL',3600,120.00,NULL,2),(35,23,5,'Start',1,'2024-09-18 18:22:29',NULL,11514,383.00,NULL,2),(36,16,6,'End',0,'2024-09-18 18:47:18','AUTO',432000,240.00,NULL,999999),(37,18,7,'End',0,'2024-09-18 18:48:32','AUTO',432000,200.00,NULL,999999),(38,24,6,'Start',0,'2024-09-18 18:48:33',NULL,3600,120.00,NULL,2),(39,25,7,'Start',0,'2024-09-18 18:53:57',NULL,3600,100.00,NULL,2),(40,22,8,'End',0,'2024-09-18 19:15:10','MANUAL',3600,120.00,NULL,2),(41,26,8,'Start',0,'2024-09-18 19:17:23',NULL,3600,120.00,NULL,2),(42,24,6,'End',0,'2024-09-18 19:39:33','MANUAL',3600,120.00,NULL,2),(43,27,6,'Start',0,'2024-09-18 19:40:54',NULL,3600,120.00,NULL,2),(44,25,7,'End',0,'2024-09-18 19:54:25','MANUAL',3600,100.00,NULL,2),(45,28,7,'Start',1,'2024-09-18 20:14:55',NULL,5068,141.00,NULL,2),(46,26,8,'End',0,'2024-09-18 20:18:08','AUTO',216000,120.00,NULL,999999),(47,29,8,'Start',0,'2024-09-18 20:20:44',NULL,3600,120.00,NULL,2),(48,27,6,'End',0,'2024-09-18 20:41:51','AUTO',216000,120.00,NULL,999999),(49,30,6,'Start',0,'2024-09-18 20:59:14',NULL,3600,120.00,NULL,2),(50,29,8,'End',0,'2024-09-18 21:21:29','AUTO',216000,120.00,NULL,999999),(51,31,8,'Start',0,'2024-09-18 21:23:02',NULL,3600,120.00,NULL,2),(52,23,5,'End',0,'2024-09-18 21:37:16','MANUAL',11514,383.00,NULL,2),(53,32,5,'Start',0,'2024-09-18 21:40:24',NULL,3600,120.00,NULL,2),(54,28,7,'End',0,'2024-09-18 21:40:41','MANUAL',5068,141.00,NULL,2),(55,33,7,'Start',0,'2024-09-18 21:43:08',NULL,3600,100.00,NULL,2),(56,32,5,'End',0,'2024-09-18 21:45:42','MANUAL',3600,120.00,NULL,2),(57,30,6,'End',0,'2024-09-18 22:00:10','AUTO',216000,120.00,NULL,999999),(58,34,6,'Start',1,'2024-09-18 22:03:37',NULL,2527,84.00,NULL,2),(59,31,8,'End',0,'2024-09-18 22:23:47','AUTO',216000,120.00,NULL,999999),(60,35,8,'Start',0,'2024-09-18 22:35:34',NULL,3600,120.00,NULL,2),(61,36,5,'Start',0,'2024-09-18 22:36:54',NULL,3600,120.00,NULL,2),(62,33,7,'End',0,'2024-09-18 22:44:05','AUTO',216000,100.00,NULL,999999),(63,37,7,'Start',0,'2024-09-18 22:45:15',NULL,3600,100.00,NULL,2),(64,34,6,'End',0,'2024-09-18 22:46:22','MANUAL',2527,84.00,NULL,2),(65,38,6,'Start',0,'2024-09-18 22:50:29',NULL,3600,120.00,NULL,2),(66,35,8,'End',0,'2024-09-18 23:36:18','AUTO',216000,120.00,NULL,999999),(67,36,5,'End',0,'2024-09-18 23:37:49','AUTO',216000,120.00,NULL,999999),(68,39,5,'Start',1,'2024-09-18 23:38:24',NULL,7054,235.00,NULL,2),(69,40,8,'Start',0,'2024-09-18 23:38:33',NULL,3600,120.00,NULL,2),(70,37,7,'End',0,'2024-09-18 23:46:12','AUTO',216000,100.00,NULL,999999),(71,41,7,'Start',0,'2024-09-18 23:46:33',NULL,3600,100.00,NULL,2),(72,38,6,'End',0,'2024-09-18 23:51:26','AUTO',216000,120.00,NULL,999999),(73,42,6,'Start',1,'2024-09-18 23:53:44',NULL,119,3.00,NULL,2),(74,42,6,'End',0,'2024-09-18 23:55:45','MANUAL',119,3.00,NULL,2),(75,40,8,'End',0,'2024-09-19 00:39:20','AUTO',216000,120.00,NULL,999999),(76,41,7,'End',0,'2024-09-19 00:47:32','AUTO',216000,100.00,NULL,999999),(77,43,6,'Start',0,'2024-09-19 01:32:20',NULL,3600,120.00,NULL,2),(78,44,6,'Extend',0,'2024-09-19 01:32:27',NULL,3600,120.00,NULL,2),(79,39,5,'End',0,'2024-09-19 01:37:46','MANUAL',7054,235.00,NULL,2),(80,45,5,'Start',0,'2024-09-19 01:37:57',NULL,3600,120.00,NULL,2),(81,46,5,'Pause',0,'2024-09-19 02:09:39',NULL,1735,0.00,'Power interrupted',999999),(82,43,6,'End',0,'2024-09-19 03:34:13','AUTO',432000,240.00,NULL,999999),(83,47,5,'Pause',0,'2024-09-19 14:51:08',NULL,1735,0.00,'Power interrupted',999999),(84,48,6,'Start',0,'2024-09-19 14:52:12',NULL,3600,120.00,NULL,2),(85,45,5,'End',0,'2024-09-19 15:07:44','MANUAL',7070,120.00,NULL,2),(86,49,5,'Start',0,'2024-09-19 15:07:58',NULL,3600,120.00,NULL,2),(87,50,7,'Start',0,'2024-09-19 15:33:34',NULL,3600,100.00,NULL,2),(88,51,8,'Start',0,'2024-09-19 15:35:19',NULL,3600,120.00,NULL,2),(89,48,6,'End',0,'2024-09-19 15:53:08','AUTO',216000,120.00,NULL,999999),(90,52,6,'Start',1,'2024-09-19 15:55:22',NULL,14043,468.00,NULL,2),(91,49,5,'End',0,'2024-09-19 16:08:53','AUTO',216000,120.00,NULL,999999),(92,53,5,'Start',0,'2024-09-19 16:10:16',NULL,3600,120.00,NULL,2),(93,50,7,'End',0,'2024-09-19 16:32:22','MANUAL',3600,100.00,NULL,2),(94,54,7,'Start',1,'2024-09-19 16:32:52',NULL,10466,291.00,NULL,2),(95,51,8,'End',0,'2024-09-19 16:36:04','AUTO',216000,120.00,NULL,999999),(96,55,8,'Start',0,'2024-09-19 16:37:12',NULL,3600,120.00,NULL,2),(97,56,8,'Pause',0,'2024-09-19 17:02:38',NULL,2131,0.00,'Power interrupted',999999),(98,57,6,'Pause',0,'2024-09-19 17:02:56',NULL,3948,0.00,'Power interrupted',999999),(99,58,8,'Pause',0,'2024-09-19 17:02:56',NULL,2131,0.00,'Power interrupted',999999),(100,59,7,'Pause',0,'2024-09-19 17:04:55',NULL,1848,0.00,'Power interrupted',999999),(101,60,7,'Resume',0,'2024-09-19 17:05:10',NULL,0,0.00,NULL,2),(102,61,6,'Resume',0,'2024-09-19 17:05:13',NULL,0,0.00,NULL,2),(103,62,8,'Resume',0,'2024-09-19 17:05:18',NULL,0,0.00,NULL,2),(104,53,5,'End',0,'2024-09-19 17:06:13','MANUAL',3600,120.00,NULL,2),(105,63,5,'Start',0,'2024-09-19 17:06:39',NULL,3600,120.00,NULL,2),(106,64,7,'Pause',0,'2024-09-19 17:11:34',NULL,2107,0.00,'Power interrupted',999999),(107,65,6,'Pause',0,'2024-09-19 17:11:40',NULL,4331,0.00,'Power interrupted',999999),(108,66,8,'Pause',0,'2024-09-19 17:11:40',NULL,1954,0.00,'Power interrupted',999999),(109,67,5,'Pause',0,'2024-09-19 17:11:49',NULL,3503,0.00,'Power interrupted',999999),(110,68,7,'Resume',0,'2024-09-19 17:11:51',NULL,0,0.00,NULL,2),(111,69,6,'Resume',0,'2024-09-19 17:11:53',NULL,0,0.00,NULL,2),(112,70,8,'Resume',0,'2024-09-19 17:11:58',NULL,0,0.00,NULL,2),(113,71,5,'Resume',0,'2024-09-19 17:12:03',NULL,0,0.00,NULL,2),(114,55,8,'End',0,'2024-09-19 17:44:56','AUTO',588960,120.00,NULL,999999),(115,72,8,'Start',1,'2024-09-19 17:45:59',NULL,3849,128.00,NULL,2),(116,73,5,'Extend',0,'2024-09-19 18:06:56',NULL,3600,120.00,NULL,2),(117,72,8,'End',0,'2024-09-19 18:50:50','MANUAL',3849,128.00,NULL,2),(118,74,8,'Start',0,'2024-09-19 18:51:03',NULL,3600,120.00,NULL,2),(119,75,5,'Extend',0,'2024-09-19 19:03:43',NULL,3600,120.00,NULL,2),(120,74,8,'End',0,'2024-09-19 19:28:35','MANUAL',3600,120.00,NULL,2),(121,76,8,'Start',0,'2024-09-19 19:30:14',NULL,3600,120.00,NULL,2),(122,54,7,'End',0,'2024-09-19 19:33:03','MANUAL',10466,291.00,NULL,1),(123,77,7,'Start',0,'2024-09-19 19:33:12',NULL,3600,100.00,NULL,1),(124,77,7,'End',0,'2024-09-19 19:33:24','MANUAL',3600,100.00,NULL,1),(125,78,7,'Start',1,'2024-09-19 19:33:29',NULL,9989,278.00,NULL,1),(126,52,6,'End',0,'2024-09-19 19:56:02','MANUAL',14043,468.00,NULL,2),(127,63,5,'End',0,'2024-09-19 20:12:14','MANUAL',14303,360.00,NULL,2),(128,79,6,'Start',0,'2024-09-19 20:19:46',NULL,3600,120.00,NULL,2),(129,80,5,'Start',0,'2024-09-19 20:21:47',NULL,3600,120.00,NULL,2),(130,76,8,'End',0,'2024-09-19 20:30:59','AUTO',216000,120.00,NULL,999999),(131,81,8,'Start',0,'2024-09-19 20:38:21',NULL,3600,120.00,NULL,2),(132,79,6,'End',0,'2024-09-19 21:20:36','MANUAL',3600,120.00,NULL,2),(133,82,6,'Start',1,'2024-09-19 21:21:00',NULL,3957,131.00,NULL,2),(134,80,5,'End',0,'2024-09-19 21:21:48','MANUAL',3600,120.00,NULL,2),(135,83,5,'Start',1,'2024-09-19 21:38:21',NULL,3959,131.00,NULL,2),(136,81,8,'End',0,'2024-09-19 21:39:06','AUTO',216000,120.00,NULL,999999),(137,78,7,'End',0,'2024-09-19 22:22:34','MANUAL',9989,278.00,NULL,2),(138,82,6,'End',0,'2024-09-19 22:27:57','MANUAL',3957,131.00,NULL,2),(139,84,6,'Start',0,'2024-09-19 22:44:20',NULL,3600,120.00,NULL,2),(140,83,5,'End',0,'2024-09-19 22:45:20','MANUAL',3959,131.00,NULL,2),(141,85,7,'Start',0,'2024-09-19 23:36:32',NULL,3600,100.00,NULL,2),(142,86,5,'Start',0,'2024-09-19 23:42:36',NULL,3600,120.00,NULL,2),(143,87,8,'Start',0,'2024-09-19 23:42:45',NULL,3600,120.00,NULL,2),(144,84,6,'End',0,'2024-09-19 23:45:17','AUTO',216000,120.00,NULL,999999),(145,88,6,'Start',0,'2024-09-19 23:45:36',NULL,3600,120.00,NULL,2),(146,88,6,'End',0,'2024-09-19 23:47:01','MANUAL',3600,120.00,NULL,2),(147,89,6,'Start',1,'2024-09-20 00:33:48',NULL,4,2.00,NULL,2),(148,89,6,'End',0,'2024-09-20 00:33:52','MANUAL',4,2.00,NULL,2),(149,90,6,'Start',0,'2024-09-20 00:33:57',NULL,3600,120.00,NULL,2),(150,85,7,'End',0,'2024-09-20 00:37:30','AUTO',216000,100.00,NULL,999999),(151,87,8,'End',0,'2024-09-20 00:43:30','AUTO',216000,120.00,NULL,999999),(152,86,5,'End',0,'2024-09-20 00:43:31','AUTO',216000,120.00,NULL,999999),(153,91,5,'Start',0,'2024-09-20 00:46:59',NULL,3600,120.00,NULL,2),(154,90,6,'End',0,'2024-09-20 01:34:56','AUTO',216000,120.00,NULL,999999),(155,91,5,'End',0,'2024-09-20 01:47:54','AUTO',216000,120.00,NULL,999999),(156,92,5,'Start',0,'2024-09-20 15:27:56',NULL,3600,120.00,NULL,2),(157,93,6,'Start',0,'2024-09-20 15:28:05',NULL,3600,120.00,NULL,2),(158,94,8,'Start',1,'2024-09-20 15:52:52',NULL,8900,296.00,NULL,2),(159,95,7,'Start',1,'2024-09-20 16:03:00',NULL,5275,146.00,NULL,2),(160,93,6,'End',0,'2024-09-20 16:28:41','MANUAL',3600,120.00,NULL,2),(161,92,5,'End',0,'2024-09-20 16:28:51','MANUAL',3600,120.00,NULL,2),(162,96,5,'Start',0,'2024-09-20 16:29:52',NULL,3600,120.00,NULL,2),(163,97,6,'Start',0,'2024-09-20 17:19:32',NULL,3600,120.00,NULL,2),(164,96,5,'End',0,'2024-09-20 17:30:47','AUTO',216000,120.00,NULL,999999),(165,98,5,'Start',0,'2024-09-20 17:31:32',NULL,3600,120.00,NULL,2),(166,95,7,'End',0,'2024-09-20 17:32:18','MANUAL',5275,146.00,NULL,2),(167,99,7,'Start',0,'2024-09-20 17:35:20',NULL,3600,100.00,NULL,2),(168,97,6,'End',0,'2024-09-20 18:20:01','MANUAL',3600,120.00,NULL,2),(169,100,6,'Start',0,'2024-09-20 18:21:32',NULL,3600,120.00,NULL,2),(170,94,8,'End',0,'2024-09-20 18:23:00','MANUAL',8900,296.00,NULL,2),(171,101,8,'Start',0,'2024-09-20 18:23:44',NULL,3600,120.00,NULL,2),(172,98,5,'End',0,'2024-09-20 18:32:27','AUTO',216000,120.00,NULL,999999),(173,102,5,'Start',0,'2024-09-20 18:32:40',NULL,3600,120.00,NULL,2),(174,99,7,'End',0,'2024-09-20 18:36:18','AUTO',216000,100.00,NULL,999999),(175,103,7,'Start',0,'2024-09-20 18:38:10',NULL,3600,100.00,NULL,2),(176,100,6,'End',0,'2024-09-20 19:16:18','MANUAL',3600,120.00,NULL,2),(177,104,6,'Start',1,'2024-09-20 19:17:01',NULL,3550,118.00,NULL,2),(178,101,8,'End',0,'2024-09-20 19:19:04','MANUAL',3600,120.00,NULL,2),(179,105,8,'Start',1,'2024-09-20 19:21:01',NULL,3504,116.00,NULL,2),(180,106,5,'Extend',0,'2024-09-20 19:24:49',NULL,3600,120.00,NULL,2),(181,103,7,'End',0,'2024-09-20 19:30:25','MANUAL',3600,100.00,NULL,2),(182,107,7,'Start',1,'2024-09-20 19:31:02',NULL,16834,468.00,NULL,2),(183,104,6,'End',0,'2024-09-20 20:17:05','MANUAL',3550,118.00,NULL,2),(184,108,6,'Start',0,'2024-09-20 20:18:32',NULL,3600,120.00,NULL,2),(185,105,8,'End',0,'2024-09-20 20:20:07','MANUAL',3504,116.00,NULL,2),(186,109,8,'Start',0,'2024-09-20 20:21:47',NULL,3600,120.00,NULL,2),(187,102,5,'End',0,'2024-09-20 20:28:55','MANUAL',7200,240.00,NULL,2),(188,110,5,'Start',0,'2024-09-20 20:30:58',NULL,3600,120.00,NULL,2),(189,111,5,'Pause',0,'2024-09-20 20:33:39',NULL,3439,0.00,NULL,2),(190,112,5,'Resume',0,'2024-09-20 20:45:58',NULL,0,0.00,NULL,2),(191,108,6,'End',0,'2024-09-20 21:11:33','MANUAL',3600,120.00,NULL,2),(192,113,6,'Start',1,'2024-09-20 21:12:28',NULL,6446,214.00,NULL,2),(193,109,8,'End',0,'2024-09-20 21:14:15','MANUAL',3600,120.00,NULL,2),(194,114,8,'Start',0,'2024-09-20 21:17:44',NULL,3600,120.00,NULL,2),(195,110,5,'End',0,'2024-09-20 21:35:45','MANUAL',7039,120.00,NULL,2),(196,115,5,'Start',0,'2024-09-20 21:37:11',NULL,3600,120.00,NULL,2),(197,114,8,'End',0,'2024-09-20 21:58:34','MANUAL',3600,120.00,NULL,2),(198,116,8,'Start',0,'2024-09-20 22:00:04',NULL,3600,120.00,NULL,2),(199,117,5,'Extend',0,'2024-09-20 22:22:19',NULL,3600,120.00,NULL,2),(200,116,8,'End',0,'2024-09-20 22:54:32','MANUAL',3600,120.00,NULL,2),(201,118,8,'Start',0,'2024-09-20 22:58:43',NULL,3600,120.00,NULL,2),(202,113,6,'End',0,'2024-09-20 23:01:45','MANUAL',6446,214.00,NULL,2),(203,119,6,'Start',1,'2024-09-20 23:03:27',NULL,14881,496.00,NULL,2),(204,115,5,'End',0,'2024-09-20 23:27:27','MANUAL',7200,240.00,NULL,2),(205,120,5,'Start',1,'2024-09-20 23:28:14',NULL,606,20.00,NULL,2),(206,120,5,'End',0,'2024-09-20 23:38:28','MANUAL',606,20.00,NULL,2),(207,121,5,'Start',0,'2024-09-20 23:40:30',NULL,3600,120.00,NULL,2),(208,118,8,'End',0,'2024-09-20 23:49:42','MANUAL',3600,120.00,NULL,2),(209,122,8,'Start',0,'2024-09-20 23:54:52',NULL,3600,120.00,NULL,2),(210,107,7,'End',0,'2024-09-21 00:16:00','MANUAL',16834,468.00,NULL,2),(211,123,7,'Start',1,'2024-09-21 00:16:07',NULL,18870,525.00,NULL,2),(212,121,5,'End',0,'2024-09-21 00:38:17','MANUAL',3600,120.00,NULL,2),(213,124,5,'Start',0,'2024-09-21 00:49:50',NULL,3600,120.00,NULL,2),(214,122,8,'End',0,'2024-09-21 00:55:39','AUTO',216000,120.00,NULL,999999),(215,125,8,'Start',0,'2024-09-21 00:56:12',NULL,3600,120.00,NULL,2),(216,124,5,'End',0,'2024-09-21 01:50:49','AUTO',216000,120.00,NULL,999999),(217,126,5,'Start',0,'2024-09-21 01:51:37',NULL,3600,120.00,NULL,2),(218,125,8,'End',0,'2024-09-21 01:57:00','AUTO',216000,120.00,NULL,999999),(219,127,8,'Start',1,'2024-09-21 02:20:47',NULL,13673,455.00,NULL,2),(220,126,5,'End',0,'2024-09-21 02:52:31','AUTO',216000,120.00,NULL,999999),(221,119,6,'End',0,'2024-09-21 03:15:18','MANUAL',14881,496.00,NULL,2),(222,128,8,'Pause',0,'2024-09-21 15:37:45',NULL,13673,0.00,'Power interrupted',999999),(223,127,8,'End',0,'2024-09-21 15:37:42','MANUAL',13673,455.00,NULL,2),(224,129,7,'Pause',0,'2024-09-21 15:37:53',NULL,18867,0.00,'Power interrupted',999999),(225,123,7,'End',0,'2024-09-21 15:37:55','MANUAL',18870,525.00,NULL,2),(226,130,8,'Start',1,'2024-09-21 15:38:34',NULL,3036,101.00,NULL,2),(227,131,6,'Start',1,'2024-09-21 15:38:40',NULL,2992,99.00,NULL,2),(228,132,5,'Start',1,'2024-09-21 15:38:49',NULL,2994,99.00,NULL,2),(229,133,7,'Start',1,'2024-09-21 15:39:04',NULL,9,1.67,NULL,2),(230,133,7,'End',0,'2024-09-21 15:39:13','MANUAL',9,1.67,NULL,2),(231,134,7,'Start',1,'2024-09-21 16:13:14',NULL,48,1.67,NULL,2),(232,134,7,'End',0,'2024-09-21 16:14:02','MANUAL',48,1.67,NULL,2),(233,135,7,'Start',1,'2024-09-21 16:16:08',NULL,4482,124.00,NULL,2),(234,131,6,'End',0,'2024-09-21 16:29:19','MANUAL',2992,99.00,NULL,2),(235,132,5,'End',0,'2024-09-21 16:29:27','MANUAL',2994,99.00,NULL,2),(236,136,6,'Start',1,'2024-09-21 16:29:35',NULL,2233,74.00,NULL,2),(237,130,8,'End',0,'2024-09-21 16:29:47','MANUAL',3036,101.00,NULL,2),(238,137,8,'Start',0,'2024-09-21 16:31:17',NULL,3600,120.00,NULL,2),(239,138,8,'Extend',0,'2024-09-21 16:31:24',NULL,3600,120.00,NULL,2),(240,139,5,'Start',1,'2024-09-21 16:37:16',NULL,7302,243.00,NULL,2),(241,136,6,'End',0,'2024-09-21 17:07:22','MANUAL',2233,74.00,NULL,2),(242,140,6,'Start',0,'2024-09-21 17:08:27',NULL,3600,120.00,NULL,2),(243,141,7,'Pause',0,'2024-09-21 17:29:02',NULL,4285,0.00,'Power interrupted',999999),(244,142,6,'Pause',0,'2024-09-21 17:29:02',NULL,2405,0.00,'Power interrupted',999999),(245,143,8,'Pause',0,'2024-09-21 17:29:02',NULL,3799,0.00,'Power interrupted',999999),(246,144,5,'Pause',0,'2024-09-21 17:29:02',NULL,3039,0.00,'Power interrupted',999999),(247,145,7,'Resume',0,'2024-09-21 17:29:58',NULL,0,0.00,NULL,2),(248,146,6,'Resume',0,'2024-09-21 17:30:02',NULL,0,0.00,NULL,2),(249,147,8,'Resume',0,'2024-09-21 17:30:09',NULL,0,0.00,NULL,2),(250,148,5,'Resume',0,'2024-09-21 17:30:16',NULL,0,0.00,NULL,2),(251,149,8,'Extend',0,'2024-09-21 17:30:56',NULL,3600,120.00,NULL,2),(252,135,7,'End',0,'2024-09-21 17:32:22','MANUAL',4482,124.00,NULL,2),(253,150,7,'Start',0,'2024-09-21 17:33:02',NULL,3600,100.00,NULL,2),(254,140,6,'End',0,'2024-09-21 18:06:25','MANUAL',6005,120.00,NULL,2),(255,151,6,'Start',0,'2024-09-21 18:07:28',NULL,3600,120.00,NULL,2),(256,150,7,'End',0,'2024-09-21 18:23:11','MANUAL',3600,100.00,NULL,2),(257,152,7,'Start',1,'2024-09-21 18:23:46',NULL,3965,110.00,NULL,2),(258,139,5,'End',0,'2024-09-21 18:41:08','MANUAL',7302,243.00,NULL,2),(259,153,5,'Start',1,'2024-09-21 18:41:45',NULL,2951,98.00,NULL,2),(260,151,6,'End',0,'2024-09-21 18:58:03','MANUAL',3600,120.00,NULL,2),(261,154,6,'Start',0,'2024-09-21 18:58:58',NULL,3600,120.00,NULL,2),(262,155,8,'Extend',0,'2024-09-21 19:07:47',NULL,3600,120.00,NULL,2),(263,152,7,'End',0,'2024-09-21 19:30:53','MANUAL',3965,110.00,NULL,2),(264,156,7,'Start',1,'2024-09-21 19:31:28',NULL,3538,98.00,NULL,2),(265,153,5,'End',0,'2024-09-21 19:31:40','MANUAL',2951,98.00,NULL,2),(266,157,5,'Start',0,'2024-09-21 19:31:59',NULL,3600,120.00,NULL,2),(267,154,6,'End',0,'2024-09-21 19:52:31','MANUAL',3600,120.00,NULL,2),(268,158,6,'Start',0,'2024-09-21 19:59:06',NULL,3600,120.00,NULL,2),(269,157,5,'End',0,'2024-09-21 20:23:33','MANUAL',3600,120.00,NULL,2),(270,159,5,'Start',1,'2024-09-21 20:24:06',NULL,11525,384.00,NULL,2),(271,156,7,'End',0,'2024-09-21 20:31:20','MANUAL',3538,98.00,NULL,2),(272,160,7,'Start',1,'2024-09-21 20:32:07',NULL,4237,117.00,NULL,2),(273,137,8,'End',0,'2024-09-21 20:35:43','AUTO',1091940,480.00,NULL,999999),(274,161,8,'Start',0,'2024-09-21 20:42:51',NULL,3600,120.00,NULL,2),(275,158,6,'End',0,'2024-09-21 20:52:00','MANUAL',3600,120.00,NULL,2),(276,162,6,'Start',0,'2024-09-21 20:55:10',NULL,3600,120.00,NULL,2),(277,161,8,'End',0,'2024-09-21 21:33:22','MANUAL',3600,120.00,NULL,2),(278,163,8,'Start',1,'2024-09-21 21:34:35',NULL,8434,281.00,NULL,2),(279,160,7,'End',0,'2024-09-21 21:43:52','MANUAL',4237,117.00,NULL,2),(280,162,6,'End',0,'2024-09-21 21:45:30','MANUAL',3600,120.00,NULL,2),(281,164,7,'Start',1,'2024-09-21 21:46:10',NULL,4200,116.00,NULL,2),(282,165,6,'Start',0,'2024-09-21 21:47:07',NULL,3600,120.00,NULL,2),(283,165,6,'End',0,'2024-09-21 22:41:30','MANUAL',3600,120.00,NULL,2),(284,166,6,'Start',1,'2024-09-21 22:45:26',NULL,3549,118.00,NULL,2),(285,164,7,'End',0,'2024-09-21 22:57:15','MANUAL',4200,116.00,NULL,2),(286,167,7,'Start',0,'2024-09-21 22:59:43',NULL,3600,100.00,NULL,2),(287,159,5,'End',0,'2024-09-21 23:39:04','MANUAL',11525,384.00,NULL,2),(288,168,5,'Start',0,'2024-09-21 23:41:50',NULL,3600,120.00,NULL,2),(289,166,6,'End',0,'2024-09-21 23:45:30','MANUAL',3549,118.00,NULL,2),(290,169,6,'Start',0,'2024-09-21 23:46:53',NULL,3600,120.00,NULL,2),(291,167,7,'End',0,'2024-09-21 23:50:06','MANUAL',3600,100.00,NULL,2),(292,170,7,'Start',0,'2024-09-21 23:51:49',NULL,3600,100.00,NULL,2),(293,163,8,'End',0,'2024-09-21 23:56:52','MANUAL',8434,281.00,NULL,2),(294,171,8,'Start',0,'2024-09-21 23:59:59',NULL,3600,120.00,NULL,2),(295,168,5,'End',0,'2024-09-22 00:33:14','MANUAL',3600,120.00,NULL,2),(296,169,6,'End',0,'2024-09-22 00:47:50','AUTO',216000,120.00,NULL,999999),(297,170,7,'End',0,'2024-09-22 00:52:46','AUTO',216000,100.00,NULL,999999),(298,171,8,'End',0,'2024-09-22 00:55:21','MANUAL',3600,120.00,NULL,2),(299,172,8,'Start Free',0,'2024-09-22 00:55:54',NULL,0,0.00,'madam',2),(300,173,6,'Start',0,'2024-09-22 01:16:39',NULL,3600,120.00,NULL,2),(301,173,6,'End',0,'2024-09-22 02:17:36','AUTO',216000,120.00,NULL,999999),(302,172,8,'End Free',0,'2024-09-22 17:14:29',NULL,58715,0.00,NULL,2),(303,174,8,'Start',0,'2024-09-22 17:14:46',NULL,3600,120.00,NULL,2),(304,175,6,'Start',1,'2024-09-22 17:26:47',NULL,4900,163.00,NULL,2),(305,176,7,'Start',0,'2024-09-22 17:44:04',NULL,3600,100.00,NULL,2),(306,177,5,'Start',0,'2024-09-22 17:46:06',NULL,3600,120.00,NULL,2),(307,174,8,'End',0,'2024-09-22 18:15:30','AUTO',216000,120.00,NULL,999999),(308,178,8,'Start',1,'2024-09-22 18:39:39',NULL,8283,276.00,NULL,2),(309,176,7,'End',0,'2024-09-22 18:45:01','AUTO',216000,100.00,NULL,999999),(310,177,5,'End',0,'2024-09-22 18:47:01','AUTO',216000,120.00,NULL,999999),(311,175,6,'End',0,'2024-09-22 18:49:42','MANUAL',4900,163.00,NULL,2),(312,179,5,'Start',0,'2024-09-22 18:50:09',NULL,3600,120.00,NULL,2),(313,180,7,'Start',0,'2024-09-22 18:50:51',NULL,3600,100.00,NULL,2),(314,181,6,'Start',0,'2024-09-22 18:55:34',NULL,3600,120.00,NULL,2),(315,179,5,'End',0,'2024-09-22 19:51:11','AUTO',216000,120.00,NULL,999999),(316,180,7,'End',0,'2024-09-22 19:51:49','AUTO',216000,100.00,NULL,999999),(317,182,5,'Start',0,'2024-09-22 19:52:34',NULL,3600,120.00,NULL,2),(318,183,7,'Start',0,'2024-09-22 19:52:39',NULL,3600,100.00,NULL,2),(319,181,6,'End',0,'2024-09-22 19:56:30','AUTO',216000,120.00,NULL,999999),(320,184,6,'Start',0,'2024-09-22 19:57:03',NULL,3600,120.00,NULL,2),(321,185,5,'Extend',0,'2024-09-22 20:27:22',NULL,3600,120.00,NULL,2),(322,183,7,'End',0,'2024-09-22 20:53:36','AUTO',216000,100.00,NULL,999999),(323,184,6,'End',0,'2024-09-22 20:57:59','AUTO',216000,120.00,NULL,999999),(324,178,8,'End',0,'2024-09-22 20:59:23','MANUAL',8283,276.00,NULL,2),(325,186,6,'Start',1,'2024-09-22 20:59:28',NULL,9994,333.00,NULL,2),(326,187,7,'Start',1,'2024-09-22 21:01:48',NULL,12723,354.00,NULL,2),(327,188,8,'Start',1,'2024-09-22 21:35:56',NULL,4015,133.00,NULL,2),(328,182,5,'End',0,'2024-09-22 21:54:24','AUTO',432000,240.00,NULL,999999),(329,188,8,'End',0,'2024-09-22 22:43:40','MANUAL',4015,133.00,NULL,2),(330,189,8,'Start',0,'2024-09-22 22:56:29',NULL,3600,120.00,NULL,2),(331,190,5,'Start',0,'2024-09-22 23:24:57',NULL,3600,120.00,NULL,2),(332,186,6,'End',0,'2024-09-22 23:48:34','MANUAL',9994,333.00,NULL,2),(333,191,6,'Start',1,'2024-09-22 23:49:33',NULL,2794,93.00,NULL,2),(334,189,8,'End',0,'2024-09-22 23:57:14','AUTO',216000,120.00,NULL,999999),(335,192,8,'Start',0,'2024-09-23 00:06:36',NULL,3600,120.00,NULL,2),(336,190,5,'End',0,'2024-09-23 00:20:59','MANUAL',3600,120.00,NULL,2),(337,193,5,'Start',0,'2024-09-23 00:21:44',NULL,3600,120.00,NULL,2),(338,191,6,'End',0,'2024-09-23 00:36:49','MANUAL',2794,93.00,NULL,2),(339,194,6,'Start',0,'2024-09-23 00:36:55',NULL,3600,120.00,NULL,2),(340,187,7,'End',0,'2024-09-23 00:37:11','MANUAL',12723,354.00,NULL,2),(341,195,7,'Start',0,'2024-09-23 00:37:18',NULL,3600,100.00,NULL,2),(342,195,7,'End',0,'2024-09-23 00:59:41','MANUAL',3600,100.00,NULL,2),(343,192,8,'End',0,'2024-09-23 01:07:28','AUTO',216000,120.00,NULL,999999),(344,196,8,'Start',0,'2024-09-23 01:08:43',NULL,3600,120.00,NULL,2),(345,197,8,'Extend',0,'2024-09-23 01:08:48',NULL,3600,120.00,NULL,2),(346,193,5,'End',0,'2024-09-23 01:22:39','AUTO',216000,120.00,NULL,999999),(347,194,6,'End',0,'2024-09-23 01:37:54','AUTO',216000,120.00,NULL,999999),(348,196,8,'End',0,'2024-09-23 03:10:12','AUTO',432000,240.00,NULL,999999),(349,198,6,'Start',0,'2024-09-23 18:03:57',NULL,3600,120.00,NULL,2),(350,199,8,'Start',0,'2024-09-23 18:04:02',NULL,3600,120.00,NULL,2),(351,200,7,'Start',0,'2024-09-23 18:54:52',NULL,3600,100.00,NULL,2),(352,201,8,'Extend',0,'2024-09-23 19:03:45',NULL,3600,120.00,NULL,2),(353,198,6,'End',0,'2024-09-23 19:04:53','AUTO',216000,120.00,NULL,999999),(354,202,5,'Start',0,'2024-09-23 19:20:08',NULL,3600,120.00,NULL,2),(355,200,7,'End',0,'2024-09-23 19:55:07','MANUAL',3600,100.00,NULL,2),(356,199,8,'End',0,'2024-09-23 20:04:24','MANUAL',7200,240.00,NULL,2),(357,203,7,'Start',0,'2024-09-23 20:06:30',NULL,3600,100.00,NULL,2),(358,204,6,'Start',0,'2024-09-23 20:07:35',NULL,3600,120.00,NULL,2),(359,202,5,'End',0,'2024-09-23 20:20:13','MANUAL',3600,120.00,NULL,2),(360,205,8,'Start',1,'2024-09-23 20:52:11',NULL,4813,160.00,NULL,2),(361,203,7,'End',0,'2024-09-23 21:06:35','MANUAL',3600,100.00,NULL,2),(362,204,6,'End',0,'2024-09-23 21:07:04','MANUAL',3600,120.00,NULL,2),(363,206,5,'Start Free',0,'2024-09-23 21:12:16',NULL,0,0.00,'ysa',2),(364,207,6,'Start',1,'2024-09-23 21:13:30',NULL,2272,75.00,NULL,2),(365,208,7,'Start',0,'2024-09-23 21:15:02',NULL,3600,100.00,NULL,2),(366,207,6,'End',0,'2024-09-23 21:51:57','MANUAL',2272,75.00,NULL,2),(367,209,6,'Start',1,'2024-09-23 21:52:17',NULL,11826,394.00,NULL,2),(368,205,8,'End',0,'2024-09-23 22:13:21','MANUAL',4813,160.00,NULL,2),(369,210,8,'Start',0,'2024-09-23 22:13:49',NULL,3600,120.00,NULL,2),(370,210,8,'End',0,'2024-09-23 22:13:53','MANUAL',3600,120.00,NULL,2),(371,211,8,'Start',1,'2024-09-23 22:13:58',NULL,11439,381.00,NULL,2),(372,208,7,'End',0,'2024-09-23 22:15:12','MANUAL',3600,100.00,NULL,2),(373,212,7,'Start',0,'2024-09-23 22:17:14',NULL,3600,100.00,NULL,2),(374,212,7,'End',0,'2024-09-24 00:16:05','MANUAL',3600,100.00,NULL,2),(375,213,7,'Start',0,'2024-09-24 00:16:11',NULL,3600,100.00,NULL,2),(376,213,7,'End',0,'2024-09-24 00:50:32','MANUAL',3600,100.00,NULL,2),(377,214,7,'Start',1,'2024-09-24 00:54:04',NULL,4,1.67,NULL,2),(378,214,7,'End',0,'2024-09-24 00:54:08','MANUAL',4,1.67,NULL,2),(379,215,7,'Start',0,'2024-09-24 00:54:11',NULL,3600,100.00,NULL,2),(380,209,6,'End',0,'2024-09-24 01:12:26','MANUAL',11826,394.00,NULL,2),(381,206,5,'End Free',0,'2024-09-24 01:21:22',NULL,14946,0.00,NULL,2),(382,211,8,'End',0,'2024-09-24 01:27:01','MANUAL',11439,381.00,NULL,2),(383,216,8,'Start',0,'2024-09-24 01:27:30',NULL,3600,120.00,NULL,2),(384,216,8,'End',0,'2024-09-24 01:27:42','MANUAL',3600,120.00,NULL,2),(385,217,8,'Start Free',0,'2024-09-24 01:29:14',NULL,0,0.00,'chino',2),(386,215,7,'End',0,'2024-09-24 01:55:09','AUTO',216000,100.00,NULL,999999),(387,217,8,'End Free',0,'2024-09-24 02:01:56',NULL,1962,0.00,NULL,2),(388,218,8,'Start',0,'2024-09-24 02:02:10',NULL,3600,120.00,NULL,2),(389,219,8,'Extend',0,'2024-09-24 02:14:55',NULL,3600,120.00,NULL,2),(390,220,7,'Start',0,'2024-09-24 14:54:13',NULL,3600,100.00,NULL,2),(391,220,7,'End',0,'2024-09-24 14:54:20','MANUAL',3600,100.00,NULL,2),(392,221,5,'Start',0,'2024-09-24 14:59:26',NULL,3600,120.00,NULL,2),(393,222,5,'Start',0,'2024-09-24 14:59:37',NULL,3600,120.00,NULL,2),(394,223,6,'Start',1,'2024-09-24 15:01:11',NULL,6721,224.00,NULL,2),(395,224,7,'Start',0,'2024-09-24 15:10:30',NULL,3600,100.00,NULL,2),(396,225,8,'Pause',0,'2024-09-24 15:12:59',NULL,2074,0.00,'Power interrupted',999999),(397,218,8,'End',0,'2024-09-24 15:13:20','MANUAL',9274,240.00,NULL,2),(398,221,5,'End',0,'2024-09-24 15:55:28','MANUAL',7200,240.00,NULL,2),(399,224,7,'End',0,'2024-09-24 16:11:27','AUTO',216000,100.00,NULL,999999),(400,226,7,'Start',0,'2024-09-24 16:20:00',NULL,3600,100.00,NULL,2),(401,227,8,'Start',0,'2024-09-24 16:28:33',NULL,3600,120.00,NULL,2),(402,228,5,'Start',0,'2024-09-24 16:36:31',NULL,3600,120.00,NULL,2),(403,229,5,'Extend',0,'2024-09-24 16:36:44',NULL,3600,120.00,NULL,2),(404,223,6,'End',0,'2024-09-24 16:54:55','MANUAL',6721,224.00,NULL,2),(405,230,6,'Start',1,'2024-09-24 16:56:37',NULL,6204,206.00,NULL,2),(406,226,7,'End',0,'2024-09-24 17:20:58','AUTO',216000,100.00,NULL,999999),(407,227,8,'End',0,'2024-09-24 17:29:17','AUTO',216000,120.00,NULL,999999),(408,231,7,'Start',1,'2024-09-24 17:39:07',NULL,21141,588.00,NULL,2),(409,228,5,'End',0,'2024-09-24 18:38:20','AUTO',432000,240.00,NULL,999999),(410,230,6,'End',0,'2024-09-24 18:41:36','MANUAL',6204,206.00,NULL,2),(411,232,5,'Start',0,'2024-09-24 18:53:23',NULL,3600,120.00,NULL,2),(412,233,5,'Pause',0,'2024-09-24 19:03:50',NULL,2973,0.00,NULL,2),(413,234,6,'Start',0,'2024-09-24 19:10:44',NULL,3600,120.00,NULL,2),(414,234,6,'End',0,'2024-09-24 20:11:01','MANUAL',3600,120.00,NULL,2),(415,235,8,'Start',0,'2024-09-24 20:23:50',NULL,3600,120.00,NULL,2),(416,236,5,'Resume',0,'2024-09-24 20:24:00',NULL,0,0.00,NULL,2),(417,237,6,'Start',1,'2024-09-24 20:25:01',NULL,17863,595.00,NULL,2),(418,232,5,'End',0,'2024-09-24 21:14:03','MANUAL',6573,120.00,NULL,2),(419,235,8,'End',0,'2024-09-24 21:16:37','MANUAL',3600,120.00,NULL,2),(420,238,8,'Start',1,'2024-09-24 21:17:06',NULL,4663,155.00,NULL,2),(421,239,5,'Start',1,'2024-09-24 21:17:36',NULL,13,2.00,NULL,2),(422,239,5,'End',0,'2024-09-24 21:17:49','MANUAL',13,2.00,NULL,2),(423,240,5,'Start',0,'2024-09-24 21:17:58',NULL,3600,120.00,NULL,2),(424,240,5,'End',0,'2024-09-24 22:17:39','MANUAL',3600,120.00,NULL,2),(425,241,5,'Start',0,'2024-09-24 22:19:11',NULL,3600,120.00,NULL,2),(426,238,8,'End',0,'2024-09-24 22:35:46','MANUAL',4663,155.00,NULL,2),(427,242,8,'Start',0,'2024-09-24 22:42:48',NULL,3600,120.00,NULL,2),(428,241,5,'End',0,'2024-09-24 23:17:21','MANUAL',3600,120.00,NULL,2),(429,243,5,'Start',0,'2024-09-24 23:23:32',NULL,3600,120.00,NULL,2),(430,231,7,'End',0,'2024-09-24 23:37:01','MANUAL',21141,588.00,NULL,2),(431,244,7,'Start',0,'2024-09-24 23:40:58',NULL,3600,100.00,NULL,2),(432,245,7,'Extend',0,'2024-09-24 23:42:19',NULL,3600,100.00,NULL,2),(433,242,8,'End',0,'2024-09-24 23:43:34','AUTO',216000,120.00,NULL,999999),(434,246,8,'Start',0,'2024-09-24 23:46:22',NULL,3600,120.00,NULL,2),(435,243,5,'End',0,'2024-09-25 00:24:27','AUTO',216000,120.00,NULL,999999),(436,247,5,'Start',0,'2024-09-25 00:24:38',NULL,3600,120.00,NULL,2),(437,246,8,'End',0,'2024-09-25 00:47:06','AUTO',216000,120.00,NULL,999999),(438,248,8,'Start Free',0,'2024-09-25 01:08:47',NULL,0,0.00,',',2),(439,247,5,'End',0,'2024-09-25 01:25:33','AUTO',216000,120.00,NULL,999999),(440,237,6,'End',0,'2024-09-25 01:27:18','MANUAL',17863,595.00,NULL,2),(441,244,7,'End',0,'2024-09-25 01:28:03','MANUAL',7200,200.00,NULL,2),(442,248,8,'End Free',0,'2024-09-25 14:40:49',NULL,48722,0.00,NULL,2),(443,249,8,'Start',0,'2024-09-25 15:25:59',NULL,3600,120.00,NULL,2),(444,250,6,'Start',0,'2024-09-25 15:27:14',NULL,3600,120.00,NULL,2),(445,251,7,'Start',0,'2024-09-25 15:39:37',NULL,3600,100.00,NULL,2),(446,252,5,'Start',1,'2024-09-25 15:51:14',NULL,6715,223.00,NULL,2),(447,249,8,'End',0,'2024-09-25 16:23:39','MANUAL',3600,120.00,NULL,2),(448,250,6,'End',0,'2024-09-25 16:23:59','MANUAL',3600,120.00,NULL,2),(449,253,8,'Start',0,'2024-09-25 16:24:15',NULL,3600,120.00,NULL,2),(450,254,6,'Start',0,'2024-09-25 16:24:42',NULL,3600,120.00,NULL,2),(451,251,7,'End',0,'2024-09-25 16:40:35','AUTO',216000,100.00,NULL,999999),(452,255,7,'Start',0,'2024-09-25 17:07:31',NULL,3600,100.00,NULL,2),(453,256,8,'Extend',0,'2024-09-25 17:19:30',NULL,3600,120.00,NULL,2),(454,254,6,'End',0,'2024-09-25 17:25:38','AUTO',216000,120.00,NULL,999999),(455,252,5,'End',0,'2024-09-25 17:44:50','MANUAL',6715,223.00,NULL,2),(456,257,6,'Start',0,'2024-09-25 17:46:31',NULL,3600,120.00,NULL,2),(457,258,7,'Extend',0,'2024-09-25 18:00:19',NULL,3600,100.00,NULL,2),(458,259,5,'Start',1,'2024-09-25 18:16:56',NULL,18576,619.00,NULL,2),(459,253,8,'End',0,'2024-09-25 18:25:22','MANUAL',7200,240.00,NULL,2),(460,260,8,'Start',0,'2024-09-25 18:34:19',NULL,3600,120.00,NULL,2),(461,261,6,'Extend',0,'2024-09-25 18:42:02',NULL,3600,120.00,NULL,2),(462,255,7,'End',0,'2024-09-25 19:04:43','MANUAL',7200,200.00,NULL,2),(463,262,7,'Start',1,'2024-09-25 19:06:27',NULL,3557,99.00,NULL,2),(464,260,8,'End',0,'2024-09-25 19:28:48','MANUAL',3600,120.00,NULL,2),(465,263,6,'Extend',0,'2024-09-25 19:39:01',NULL,3600,120.00,NULL,2),(466,264,8,'Start',0,'2024-09-25 19:44:16',NULL,3600,120.00,NULL,2),(467,262,7,'End',0,'2024-09-25 20:06:39','MANUAL',3557,99.00,NULL,2),(468,265,7,'Start',0,'2024-09-25 20:07:35',NULL,3600,100.00,NULL,2),(469,264,8,'End',0,'2024-09-25 20:45:01','AUTO',216000,120.00,NULL,999999),(470,257,6,'End',0,'2024-09-25 20:49:18','AUTO',648000,360.00,NULL,999999),(471,266,6,'Start',0,'2024-09-25 20:50:03',NULL,3600,120.00,NULL,2),(472,267,8,'Start',0,'2024-09-25 20:56:50',NULL,3600,120.00,NULL,2),(473,265,7,'End',0,'2024-09-25 21:08:32','AUTO',216000,100.00,NULL,999999),(474,268,7,'Start',0,'2024-09-25 21:16:13',NULL,3600,100.00,NULL,2),(475,266,6,'End',0,'2024-09-25 21:51:00','AUTO',216000,120.00,NULL,999999),(476,269,6,'Start',0,'2024-09-25 21:53:52',NULL,3600,120.00,NULL,2),(477,267,8,'End',0,'2024-09-25 21:57:34','AUTO',216000,120.00,NULL,999999),(478,268,7,'End',0,'2024-09-25 22:17:10','AUTO',216000,100.00,NULL,999999),(479,270,7,'Start',0,'2024-09-25 22:18:33',NULL,3600,100.00,NULL,2),(480,269,6,'End',0,'2024-09-25 22:54:48','AUTO',216000,120.00,NULL,999999),(481,271,6,'Start',0,'2024-09-25 23:11:39',NULL,3600,120.00,NULL,2),(482,270,7,'End',0,'2024-09-25 23:13:02','MANUAL',3600,100.00,NULL,2),(483,272,8,'Start',0,'2024-09-25 23:15:42',NULL,3600,120.00,NULL,2),(484,259,5,'End',0,'2024-09-25 23:31:10','MANUAL',18576,619.00,NULL,2),(485,273,5,'Start',0,'2024-09-26 00:12:25',NULL,3600,120.00,NULL,2),(486,271,6,'End',0,'2024-09-26 00:12:35','AUTO',216000,120.00,NULL,999999),(487,272,8,'End',0,'2024-09-26 00:16:30','AUTO',216000,120.00,NULL,999999),(488,273,5,'End',0,'2024-09-26 01:13:20','AUTO',216000,120.00,NULL,999999),(489,274,5,'Start Free',0,'2024-09-26 01:14:38',NULL,0,0.00,'c',2),(490,275,7,'Start',0,'2024-09-26 15:16:53',NULL,3600,100.00,NULL,2),(491,276,6,'Start',1,'2024-09-26 15:17:07',NULL,6178,205.00,NULL,2),(492,274,5,'End Free',0,'2024-09-26 15:17:16',NULL,50558,0.00,NULL,2),(493,277,5,'Start',0,'2024-09-26 15:17:27',NULL,3600,120.00,NULL,2),(494,275,7,'End',0,'2024-09-26 16:17:58','AUTO',216000,100.00,NULL,999999),(495,277,5,'End',0,'2024-09-26 16:18:22','AUTO',216000,120.00,NULL,999999),(496,278,7,'Start',0,'2024-09-26 16:35:29',NULL,3600,100.00,NULL,2),(497,276,6,'End',0,'2024-09-26 17:01:39','MANUAL',6178,205.00,NULL,2),(498,279,6,'Start',0,'2024-09-26 17:01:51',NULL,3600,120.00,NULL,2),(499,280,5,'Start',1,'2024-09-26 17:25:04',NULL,73,2.00,NULL,2),(500,280,5,'End',0,'2024-09-26 17:26:18','MANUAL',73,2.00,NULL,2),(501,281,8,'Start',1,'2024-09-26 17:26:23',NULL,7488,249.00,NULL,2),(502,278,7,'End',0,'2024-09-26 17:36:26','AUTO',216000,100.00,NULL,999999),(503,282,6,'Extend',0,'2024-09-26 17:47:14',NULL,3600,120.00,NULL,2),(504,279,6,'End',0,'2024-09-26 18:27:38','MANUAL',7200,240.00,NULL,2),(505,283,7,'Start',0,'2024-09-26 18:29:29',NULL,3600,100.00,NULL,2),(506,284,6,'Start',0,'2024-09-26 19:04:06',NULL,3600,120.00,NULL,2),(507,283,7,'End',0,'2024-09-26 19:30:27','AUTO',216000,100.00,NULL,999999),(508,281,8,'End',0,'2024-09-26 19:32:42','MANUAL',7488,249.00,NULL,2),(509,285,8,'Start',0,'2024-09-26 19:44:07',NULL,3600,120.00,NULL,2),(510,286,7,'Start',0,'2024-09-26 19:53:13',NULL,3600,100.00,NULL,2),(511,284,6,'End',0,'2024-09-26 20:05:02','AUTO',216000,120.00,NULL,999999),(512,287,6,'Start',0,'2024-09-26 20:17:35',NULL,3600,120.00,NULL,2),(513,285,8,'End',0,'2024-09-26 20:46:56','MANUAL',3600,120.00,NULL,2),(514,286,7,'End',0,'2024-09-26 20:54:11','AUTO',216000,100.00,NULL,999999),(515,287,6,'End',0,'2024-09-26 21:18:30','AUTO',216000,120.00,NULL,999999),(516,288,8,'Start',0,'2024-09-26 21:22:25',NULL,3600,120.00,NULL,2),(517,289,7,'Start',1,'2024-09-26 22:21:59',NULL,7118,198.00,NULL,2),(518,288,8,'End',0,'2024-09-26 22:23:10','AUTO',216000,120.00,NULL,999999),(519,290,8,'Start',0,'2024-09-26 22:38:04',NULL,3600,120.00,NULL,2),(520,291,6,'Start',0,'2024-09-26 22:42:34',NULL,3600,120.00,NULL,2),(521,290,8,'End',0,'2024-09-26 23:38:49','AUTO',216000,120.00,NULL,999999),(522,291,6,'End',0,'2024-09-26 23:41:07','MANUAL',3600,120.00,NULL,2),(523,292,6,'Start',1,'2024-09-26 23:41:20',NULL,3908,130.00,NULL,2),(524,293,8,'Start',0,'2024-09-26 23:45:51',NULL,3600,120.00,NULL,2),(525,289,7,'End',0,'2024-09-27 00:22:28','MANUAL',7118,198.00,NULL,2),(526,293,8,'End',0,'2024-09-27 00:46:37','AUTO',216000,120.00,NULL,999999),(527,292,6,'End',0,'2024-09-27 00:47:28','MANUAL',3908,130.00,NULL,2),(528,294,8,'Start Free',0,'2024-09-27 00:47:38',NULL,0,0.00,'g',2),(529,294,8,'End Free',0,'2024-09-27 15:01:51',NULL,51253,0.00,NULL,2),(530,295,8,'Start',1,'2024-09-27 15:01:56',NULL,2894,96.00,NULL,2),(531,296,7,'Start',0,'2024-09-27 15:05:03',NULL,3600,100.00,NULL,2),(532,297,6,'Start',1,'2024-09-27 15:05:16',NULL,6912,230.00,NULL,2),(533,295,8,'End',0,'2024-09-27 15:50:45','MANUAL',2894,96.00,NULL,2),(534,298,8,'Start',0,'2024-09-27 15:58:47',NULL,3600,120.00,NULL,2),(535,296,7,'End',0,'2024-09-27 16:02:57','MANUAL',3600,100.00,NULL,2),(536,299,7,'Start',0,'2024-09-27 16:04:59',NULL,3600,100.00,NULL,2),(537,298,8,'End',0,'2024-09-27 16:59:32','AUTO',216000,120.00,NULL,999999),(538,297,6,'End',0,'2024-09-27 17:02:14','MANUAL',6912,230.00,NULL,2),(539,299,7,'End',0,'2024-09-27 17:06:04','AUTO',216000,100.00,NULL,999999),(540,300,5,'Start',0,'2024-09-27 17:53:03',NULL,3600,120.00,NULL,2),(541,301,6,'Start',0,'2024-09-27 17:54:00',NULL,3600,120.00,NULL,2),(542,302,8,'Start',0,'2024-09-27 18:02:36',NULL,3600,120.00,NULL,2),(543,303,7,'Start',0,'2024-09-27 18:14:14',NULL,3600,100.00,NULL,2),(544,300,5,'End',0,'2024-09-27 18:53:58','AUTO',216000,120.00,NULL,999999),(545,301,6,'End',0,'2024-09-27 18:54:56','AUTO',216000,120.00,NULL,999999),(546,304,6,'Start',0,'2024-09-27 19:02:48',NULL,3600,120.00,NULL,2),(547,302,8,'End',0,'2024-09-27 19:03:21','AUTO',216000,120.00,NULL,999999),(548,303,7,'End',0,'2024-09-27 19:15:11','AUTO',216000,100.00,NULL,999999),(549,305,7,'Start',0,'2024-09-27 19:18:02',NULL,3600,100.00,NULL,2),(550,306,8,'Start',1,'2024-09-27 19:20:55',NULL,16436,547.00,NULL,2),(551,307,5,'Start',0,'2024-09-27 19:24:17',NULL,3600,120.00,NULL,2),(552,304,6,'End',0,'2024-09-27 20:03:44','AUTO',216000,120.00,NULL,999999),(553,308,6,'Start',0,'2024-09-27 20:10:02',NULL,3600,120.00,NULL,2),(554,305,7,'End',0,'2024-09-27 20:18:39','MANUAL',3600,100.00,NULL,2),(555,309,7,'Start',0,'2024-09-27 20:19:37',NULL,3600,100.00,NULL,2),(556,307,5,'End',0,'2024-09-27 20:25:12','AUTO',216000,120.00,NULL,999999),(557,310,5,'Start',1,'2024-09-27 20:31:42',NULL,6873,229.00,NULL,2),(558,308,6,'End',0,'2024-09-27 21:05:44','MANUAL',3600,120.00,NULL,2),(559,311,6,'Start',1,'2024-09-27 21:07:57',NULL,15717,523.00,NULL,2),(560,309,7,'End',0,'2024-09-27 21:19:44','MANUAL',3600,100.00,NULL,2),(561,312,7,'Start',1,'2024-09-27 21:22:22',NULL,7748,215.00,NULL,2),(562,310,5,'End',0,'2024-09-27 22:27:58','MANUAL',6873,229.00,NULL,2),(563,313,5,'Start',0,'2024-09-27 22:30:38',NULL,3600,120.00,NULL,2),(564,313,5,'End',0,'2024-09-27 23:26:00','MANUAL',3600,120.00,NULL,2),(565,314,5,'Start',1,'2024-09-27 23:27:05',NULL,4057,135.00,NULL,2),(566,312,7,'End',0,'2024-09-27 23:33:32','MANUAL',7748,215.00,NULL,2),(567,315,7,'Start',1,'2024-09-27 23:33:51',NULL,3524,98.00,NULL,2),(568,306,8,'End',0,'2024-09-27 23:58:12','MANUAL',16436,547.00,NULL,2),(569,316,8,'Start',1,'2024-09-28 00:00:55',NULL,3814,127.00,NULL,2),(570,315,7,'End',0,'2024-09-28 00:33:30','MANUAL',3524,98.00,NULL,2),(571,314,5,'End',0,'2024-09-28 00:35:42','MANUAL',4057,135.00,NULL,2),(572,317,7,'Start',0,'2024-09-28 00:36:26',NULL,3600,100.00,NULL,2),(573,318,5,'Start',1,'2024-09-28 00:37:19',NULL,128,4.00,NULL,2),(574,318,5,'End',0,'2024-09-28 00:39:28','MANUAL',128,4.00,NULL,2),(575,319,5,'Start',0,'2024-09-28 00:39:36',NULL,3600,120.00,NULL,2),(576,316,8,'End',0,'2024-09-28 01:05:15','MANUAL',3814,127.00,NULL,2),(577,320,8,'Start',0,'2024-09-28 01:06:24',NULL,3600,120.00,NULL,2),(578,319,5,'End',0,'2024-09-28 01:29:30','MANUAL',3600,120.00,NULL,2),(579,321,5,'Start',0,'2024-09-28 01:33:06',NULL,3600,120.00,NULL,2),(580,311,6,'End',0,'2024-09-28 01:33:55','MANUAL',15717,523.00,NULL,2),(581,322,6,'Start',0,'2024-09-28 01:34:17',NULL,3600,120.00,NULL,2),(582,317,7,'End',0,'2024-09-28 01:37:28','AUTO',216000,100.00,NULL,999999),(583,323,7,'Start Free',0,'2024-09-28 01:49:07',NULL,0,0.00,'Waiter Lloyd and Melchor.',2),(584,320,8,'End',0,'2024-09-28 02:07:09','AUTO',216000,120.00,NULL,999999),(585,322,6,'End',0,'2024-09-28 02:10:27','MANUAL',3600,120.00,NULL,2),(586,323,7,'End Free',0,'2024-09-28 14:39:57',NULL,46250,0.00,NULL,2),(587,321,5,'End',0,'2024-09-28 14:40:55','MANUAL',3600,120.00,NULL,2),(588,324,8,'Start',0,'2024-09-28 15:07:58',NULL,3600,120.00,NULL,2),(589,325,5,'Start',0,'2024-09-28 15:11:05',NULL,3600,120.00,NULL,2),(590,326,7,'Start Free',0,'2024-09-28 16:01:13',NULL,0,0.00,'sir garry naga ayos nang bago',2),(591,324,8,'End',0,'2024-09-28 16:08:38','MANUAL',3600,120.00,NULL,2),(592,327,8,'Start',0,'2024-09-28 16:10:09',NULL,3600,120.00,NULL,2),(593,325,5,'End',0,'2024-09-28 16:11:15','MANUAL',3600,120.00,NULL,2),(594,328,6,'Start',0,'2024-09-28 17:07:05',NULL,3600,120.00,NULL,2),(595,329,5,'Start',0,'2024-09-28 17:07:39',NULL,3600,120.00,NULL,2),(596,327,8,'End',0,'2024-09-28 17:10:55','AUTO',216000,120.00,NULL,999999),(597,330,8,'Start Free',0,'2024-09-28 17:33:46',NULL,0,0.00,'nag ayos billiards table',2),(598,330,8,'End Free',0,'2024-09-28 17:35:49',NULL,123,0.00,NULL,2),(599,331,8,'Start',0,'2024-09-28 17:35:55',NULL,3600,120.00,NULL,2),(600,328,6,'End',0,'2024-09-28 18:08:01','AUTO',216000,120.00,NULL,999999),(601,329,5,'End',0,'2024-09-28 18:08:34','AUTO',216000,120.00,NULL,999999),(602,331,8,'End',0,'2024-09-28 18:36:40','AUTO',216000,120.00,NULL,999999),(603,332,8,'Start',1,'2024-09-28 19:43:58',NULL,18704,623.00,NULL,2),(604,333,5,'Start',0,'2024-09-28 20:24:15',NULL,3600,120.00,NULL,2),(605,334,6,'Start',0,'2024-09-28 20:26:02',NULL,3600,120.00,NULL,2),(606,333,5,'End',0,'2024-09-28 20:26:16','MANUAL',3600,120.00,NULL,2),(607,335,5,'Start Free',0,'2024-09-28 20:29:48',NULL,0,0.00,'nagaayos kang table',2),(608,326,7,'End Free',0,'2024-09-28 20:53:14',NULL,17521,0.00,NULL,2),(609,336,7,'Start',0,'2024-09-28 20:59:27',NULL,3600,100.00,NULL,2),(610,334,6,'End',0,'2024-09-28 21:26:58','AUTO',216000,120.00,NULL,999999),(611,337,6,'Start',0,'2024-09-28 21:28:57',NULL,3600,120.00,NULL,2),(612,336,7,'End',0,'2024-09-28 21:47:03','MANUAL',3600,100.00,NULL,2),(613,338,7,'Start',1,'2024-09-28 21:47:09',NULL,17556,488.00,NULL,2),(614,339,6,'Extend',0,'2024-09-28 21:55:26',NULL,3600,120.00,NULL,2),(615,335,5,'End Free',0,'2024-09-28 22:13:10',NULL,6202,0.00,NULL,2),(616,340,5,'Start',0,'2024-09-28 22:15:13',NULL,3600,120.00,NULL,2),(617,340,5,'End',0,'2024-09-28 23:06:27','MANUAL',3600,120.00,NULL,2),(618,341,5,'Start',1,'2024-09-28 23:06:36',NULL,9265,308.00,NULL,2),(619,337,6,'End',0,'2024-09-28 23:24:25','MANUAL',7200,240.00,NULL,2),(620,342,6,'Start',0,'2024-09-28 23:25:32',NULL,3600,120.00,NULL,2),(621,342,6,'End',0,'2024-09-29 00:26:29','AUTO',216000,120.00,NULL,999999),(622,343,6,'Start',0,'2024-09-29 00:28:15',NULL,3600,120.00,NULL,2),(623,332,8,'End',0,'2024-09-29 00:59:32','MANUAL',18704,623.00,NULL,2),(624,343,6,'End',0,'2024-09-29 01:29:12','AUTO',216000,120.00,NULL,999999),(625,341,5,'End',0,'2024-09-29 01:43:19','MANUAL',9265,308.00,NULL,2),(626,344,6,'Start',0,'2024-09-29 01:57:06',NULL,3600,120.00,NULL,2),(627,345,8,'Start Free',0,'2024-09-29 02:20:21',NULL,0,0.00,'Kuya Mino and Joshua wants to play.',2),(628,346,8,'Start Free',0,'2024-09-29 02:20:24',NULL,0,0.00,'Kuya Mino and Joshua wants to play.',2),(629,347,7,'Pause',0,'2024-09-29 02:41:21',NULL,17364,0.00,'Power interrupted',999999),(630,338,7,'End',0,'2024-09-29 02:44:36','MANUAL',17556,488.00,NULL,2),(631,348,7,'Start Free',0,'2024-09-29 02:44:52',NULL,0,0.00,'janice',2),(632,344,6,'End',0,'2024-09-29 02:58:03','AUTO',216000,120.00,NULL,999999),(633,348,7,'End Free',0,'2024-09-29 17:18:08',NULL,52396,0.00,NULL,2),(634,346,8,'End Free',0,'2024-09-29 17:18:13',NULL,53869,0.00,NULL,2),(635,349,5,'Start',0,'2024-09-29 17:27:57',NULL,3600,120.00,NULL,2),(636,350,8,'Start',1,'2024-09-29 18:02:21',NULL,11810,393.00,NULL,2),(637,351,6,'Start',0,'2024-09-29 18:05:31',NULL,3600,120.00,NULL,2),(638,349,5,'End',0,'2024-09-29 18:28:52','AUTO',216000,120.00,NULL,999999),(639,351,6,'End',0,'2024-09-29 19:06:27','AUTO',216000,120.00,NULL,999999),(640,352,7,'Start',0,'2024-09-29 20:03:49',NULL,3600,100.00,NULL,2),(641,353,6,'Start',0,'2024-09-29 20:03:58',NULL,3600,120.00,NULL,2),(642,352,7,'End',0,'2024-09-29 20:05:05','MANUAL',3600,100.00,NULL,2),(643,354,5,'Start',0,'2024-09-29 20:05:32',NULL,3600,120.00,NULL,2),(644,355,6,'Extend',0,'2024-09-29 20:56:22',NULL,3600,120.00,NULL,2),(645,354,5,'End',0,'2024-09-29 21:05:43','MANUAL',3600,120.00,NULL,2),(646,350,8,'End',0,'2024-09-29 21:21:35','MANUAL',11810,393.00,NULL,2),(647,356,8,'Start',1,'2024-09-29 21:32:16',NULL,3730,124.00,NULL,2),(648,357,5,'Start',0,'2024-09-29 21:34:42',NULL,3600,120.00,NULL,2),(649,358,5,'Extend',0,'2024-09-29 21:34:51',NULL,3600,120.00,NULL,2),(650,359,7,'Start',0,'2024-09-29 21:40:41',NULL,3600,100.00,NULL,2),(651,353,6,'End',0,'2024-09-29 22:05:43','MANUAL',7200,240.00,NULL,2),(652,360,6,'Start',0,'2024-09-29 22:07:03',NULL,3600,120.00,NULL,2),(653,356,8,'End',0,'2024-09-29 22:35:11','MANUAL',3730,124.00,NULL,2),(654,359,7,'End',0,'2024-09-29 22:36:09','MANUAL',3600,100.00,NULL,2),(655,361,7,'Start',0,'2024-09-29 22:36:18',NULL,3600,100.00,NULL,2),(656,362,8,'Start',0,'2024-09-29 22:37:11',NULL,3600,120.00,NULL,2),(657,363,6,'Extend',0,'2024-09-29 22:58:50',NULL,3600,120.00,NULL,2),(658,361,7,'End',0,'2024-09-29 23:36:06','MANUAL',3600,100.00,NULL,2),(659,357,5,'End',0,'2024-09-29 23:36:31','AUTO',432000,240.00,NULL,999999),(660,362,8,'End',0,'2024-09-29 23:37:56','AUTO',216000,120.00,NULL,999999),(661,364,6,'Extend',0,'2024-09-30 00:00:04',NULL,3600,120.00,NULL,2),(662,365,7,'Start Free',0,'2024-09-30 01:04:38',NULL,0,0.00,'waiter',2),(663,366,7,'Start Free',0,'2024-09-30 01:04:41',NULL,0,0.00,'waiter',2),(664,360,6,'End',0,'2024-09-30 01:09:50','AUTO',648000,360.00,NULL,999999),(665,367,6,'Start',0,'2024-09-30 01:11:07',NULL,3600,120.00,NULL,2),(666,366,7,'End Free',0,'2024-09-30 15:20:44',NULL,51363,0.00,NULL,2),(667,368,6,'Pause',0,'2024-09-30 15:21:02',NULL,1750,0.00,'Power interrupted',999999),(668,367,6,'End',0,'2024-09-30 15:20:51','MANUAL',5350,120.00,NULL,2),(669,369,6,'Start',0,'2024-09-30 16:04:11',NULL,3600,120.00,NULL,2),(670,370,7,'Start',0,'2024-09-30 16:12:29',NULL,3600,100.00,NULL,2),(671,371,8,'Start',1,'2024-09-30 16:37:44',NULL,3475,115.00,NULL,2),(672,372,5,'Start',1,'2024-09-30 16:37:51',NULL,3467,115.00,NULL,2),(673,369,6,'End',0,'2024-09-30 17:05:06','AUTO',216000,120.00,NULL,999999),(674,373,6,'Start',0,'2024-09-30 17:06:53',NULL,3600,120.00,NULL,2),(675,370,7,'End',0,'2024-09-30 17:13:27','AUTO',216000,100.00,NULL,999999),(676,374,7,'Start',0,'2024-09-30 17:23:35',NULL,3600,100.00,NULL,2),(677,371,8,'End',0,'2024-09-30 17:36:21','MANUAL',3475,115.00,NULL,2),(678,372,5,'End',0,'2024-09-30 17:36:30','MANUAL',3467,115.00,NULL,2),(679,373,6,'End',0,'2024-09-30 18:07:48','AUTO',216000,120.00,NULL,999999),(680,375,6,'Start',0,'2024-09-30 18:09:24',NULL,3600,120.00,NULL,2),(681,374,7,'End',0,'2024-09-30 18:24:33','AUTO',216000,100.00,NULL,999999),(682,376,7,'Start',0,'2024-09-30 18:27:09',NULL,3600,100.00,NULL,2),(683,377,8,'Start',0,'2024-09-30 18:38:29',NULL,3600,120.00,NULL,2),(684,378,5,'Start',0,'2024-09-30 18:40:15',NULL,3600,120.00,NULL,2),(685,379,5,'Extend',0,'2024-09-30 18:45:46',NULL,3600,120.00,NULL,2),(686,375,6,'End',0,'2024-09-30 19:04:06','MANUAL',3600,120.00,NULL,2),(687,380,6,'Start',0,'2024-09-30 19:04:45',NULL,3600,120.00,NULL,2),(688,376,7,'End',0,'2024-09-30 19:28:06','AUTO',216000,100.00,NULL,999999),(689,381,7,'Start',0,'2024-09-30 19:29:24',NULL,3600,100.00,NULL,2),(690,377,8,'End',0,'2024-09-30 19:39:15','AUTO',216000,120.00,NULL,999999),(691,382,8,'Start',0,'2024-09-30 20:00:49',NULL,3600,120.00,NULL,2),(692,380,6,'End',0,'2024-09-30 20:05:41','AUTO',216000,120.00,NULL,999999),(693,383,6,'Start',0,'2024-09-30 20:06:10',NULL,3600,120.00,NULL,2),(694,381,7,'End',0,'2024-09-30 20:30:22','AUTO',216000,100.00,NULL,999999),(695,384,7,'Start',1,'2024-09-30 20:33:55',NULL,6734,187.00,NULL,2),(696,378,5,'End',0,'2024-09-30 20:42:04','AUTO',432000,240.00,NULL,999999),(697,385,5,'Start',1,'2024-09-30 20:42:37',NULL,12137,404.00,NULL,2),(698,382,8,'End',0,'2024-09-30 21:01:34','AUTO',216000,120.00,NULL,999999),(699,383,6,'End',0,'2024-09-30 21:07:06','AUTO',216000,120.00,NULL,999999),(700,386,8,'Start',1,'2024-09-30 21:07:11',NULL,3677,122.00,NULL,2),(701,387,6,'Start',0,'2024-09-30 21:36:41',NULL,3600,120.00,NULL,2),(702,386,8,'End',0,'2024-09-30 22:09:13','MANUAL',3677,122.00,NULL,2),(703,384,7,'End',0,'2024-09-30 22:27:56','MANUAL',6734,187.00,NULL,2),(704,388,8,'Start',0,'2024-09-30 22:34:46',NULL,3600,120.00,NULL,2),(705,387,6,'End',0,'2024-09-30 22:36:35','MANUAL',3600,120.00,NULL,2),(706,389,6,'Start',0,'2024-09-30 22:40:42',NULL,3600,120.00,NULL,2),(707,390,7,'Start',0,'2024-09-30 23:19:39',NULL,3600,100.00,NULL,2),(708,388,8,'End',0,'2024-09-30 23:35:34','AUTO',216000,120.00,NULL,999999),(709,391,8,'Start',0,'2024-09-30 23:36:05',NULL,3600,120.00,NULL,2),(710,389,6,'End',0,'2024-09-30 23:41:38','AUTO',216000,120.00,NULL,999999),(711,392,6,'Start',0,'2024-09-30 23:43:22',NULL,3600,120.00,NULL,2),(712,385,5,'End',0,'2024-10-01 00:07:55','MANUAL',12137,404.00,NULL,2),(713,393,5,'Start',1,'2024-10-01 00:11:04',NULL,5407,180.00,NULL,2),(714,390,7,'End',0,'2024-10-01 00:20:37','AUTO',216000,100.00,NULL,999999),(715,391,8,'End',0,'2024-10-01 00:36:50','AUTO',216000,120.00,NULL,999999),(716,392,6,'End',0,'2024-10-01 00:44:18','AUTO',216000,120.00,NULL,999999),(717,394,8,'Start',1,'2024-10-01 01:18:38',NULL,5,2.00,NULL,2),(718,394,8,'End',0,'2024-10-01 01:18:42','MANUAL',5,2.00,NULL,2),(719,395,8,'Start Free',0,'2024-10-01 01:19:16',NULL,0,0.00,'Kapuntukan Employees.',2),(720,393,5,'End',0,'2024-10-01 01:42:32','MANUAL',5407,180.00,NULL,2),(721,395,8,'End Free',0,'2024-10-01 15:18:16',NULL,50340,0.00,NULL,2),(722,396,7,'Start',0,'2024-10-01 15:26:37',NULL,3600,100.00,NULL,2),(723,397,6,'Start',0,'2024-10-01 15:30:14',NULL,3600,120.00,NULL,2),(724,398,7,'Pause',0,'2024-10-01 16:11:02',NULL,935,0.00,NULL,2),(725,399,7,'Resume',0,'2024-10-01 16:11:04',NULL,0,0.00,NULL,2),(726,400,6,'Pause',0,'2024-10-01 16:12:06',NULL,1323,0.00,'Power interrupted',999999),(727,401,6,'Resume',0,'2024-10-01 16:14:43',NULL,0,0.00,NULL,2),(728,402,6,'Pause',0,'2024-10-01 16:14:45',NULL,929,0.00,NULL,2),(729,403,6,'Resume',0,'2024-10-01 16:14:51',NULL,0,0.00,NULL,2),(730,404,7,'Pause',0,'2024-10-01 16:15:31',NULL,992,0.00,'Power interrupted',999999),(731,405,7,'Resume',0,'2024-10-01 16:15:44',NULL,0,0.00,NULL,2),(732,406,7,'Pause',0,'2024-10-01 16:23:12',NULL,826,0.00,'Power interrupted',999999),(733,407,7,'Resume',0,'2024-10-01 16:23:16',NULL,0,0.00,NULL,2),(734,408,6,'Pause',0,'2024-10-01 16:25:38',NULL,1101,0.00,'Power interrupted',999999),(735,409,6,'Resume',0,'2024-10-01 16:26:32',NULL,0,0.00,NULL,2),(736,410,6,'Pause',0,'2024-10-01 16:36:39',NULL,527,0.00,'Power interrupted',999999),(737,411,7,'Pause',0,'2024-10-01 16:36:39',NULL,57,0.00,'Power interrupted',999999),(738,412,6,'Pause',0,'2024-10-01 16:48:58',NULL,527,0.00,'Power interrupted',999999),(739,413,6,'Resume',0,'2024-10-01 16:49:00',NULL,0,0.00,NULL,2),(740,414,7,'Resume',0,'2024-10-01 16:49:03',NULL,0,0.00,NULL,2),(741,396,7,'End',0,'2024-10-01 16:50:01','AUTO',384600,100.00,NULL,999999),(742,397,6,'End',0,'2024-10-01 16:57:56','AUTO',480420,120.00,NULL,999999),(743,415,5,'Start',0,'2024-10-01 17:11:59',NULL,3600,120.00,NULL,2),(744,416,8,'Start',1,'2024-10-01 17:23:56',NULL,15128,504.00,NULL,2),(745,417,6,'Start',1,'2024-10-01 17:24:56',NULL,7499,249.00,NULL,2),(746,418,7,'Start',0,'2024-10-01 17:29:12',NULL,3600,100.00,NULL,2),(747,415,5,'End',0,'2024-10-01 18:12:54','AUTO',216000,120.00,NULL,999999),(748,418,7,'End',0,'2024-10-01 18:30:10','AUTO',216000,100.00,NULL,999999),(749,419,5,'Start',0,'2024-10-01 18:57:11',NULL,3600,120.00,NULL,2),(750,420,7,'Start',0,'2024-10-01 19:20:16',NULL,3600,100.00,NULL,2),(751,417,6,'End',0,'2024-10-01 19:31:48','MANUAL',7499,249.00,NULL,2),(752,421,6,'Start',1,'2024-10-01 19:32:58',NULL,1128,37.00,NULL,2),(753,421,6,'End',0,'2024-10-01 19:52:03','MANUAL',1128,37.00,NULL,2),(754,422,6,'Start',0,'2024-10-01 19:53:16',NULL,3600,120.00,NULL,2),(755,423,6,'Pause',0,'2024-10-01 19:55:31',NULL,3465,0.00,NULL,2),(756,424,6,'Resume',0,'2024-10-01 19:57:05',NULL,0,0.00,NULL,2),(757,419,5,'End',0,'2024-10-01 19:58:07','AUTO',216000,120.00,NULL,999999),(758,425,5,'Start',1,'2024-10-01 20:18:36',NULL,5917,197.00,NULL,2),(759,420,7,'End',0,'2024-10-01 20:21:13','AUTO',216000,100.00,NULL,999999),(760,426,7,'Start',0,'2024-10-01 20:29:01',NULL,3600,100.00,NULL,2),(761,422,6,'End',0,'2024-10-01 20:55:42','MANUAL',7065,120.00,NULL,2),(762,427,6,'Start',1,'2024-10-01 20:55:49',NULL,3621,120.00,NULL,2),(763,426,7,'End',0,'2024-10-01 21:29:59','AUTO',216000,100.00,NULL,999999),(764,428,7,'Start',0,'2024-10-01 21:30:22',NULL,3600,100.00,NULL,2),(765,416,8,'End',0,'2024-10-01 21:39:10','MANUAL',15128,504.00,NULL,2),(766,429,8,'Start',1,'2024-10-01 21:51:13',NULL,5823,194.00,NULL,2),(767,427,6,'End',0,'2024-10-01 21:57:05','MANUAL',3621,120.00,NULL,2),(768,425,5,'End',0,'2024-10-01 21:58:40','MANUAL',5917,197.00,NULL,2),(769,428,7,'End',0,'2024-10-01 22:03:07','MANUAL',3600,100.00,NULL,2),(770,430,6,'Start',0,'2024-10-01 22:05:34',NULL,3600,120.00,NULL,2),(771,431,7,'Start',0,'2024-10-01 22:48:13',NULL,3600,100.00,NULL,2),(772,432,5,'Start',0,'2024-10-01 23:04:34',NULL,3600,120.00,NULL,2),(773,430,6,'End',0,'2024-10-01 23:06:30','AUTO',216000,120.00,NULL,999999),(774,429,8,'End',0,'2024-10-01 23:29:28','MANUAL',5823,194.00,NULL,2),(775,431,7,'End',0,'2024-10-01 23:49:12','AUTO',216000,100.00,NULL,999999),(776,433,7,'Start',0,'2024-10-01 23:51:07',NULL,3600,100.00,NULL,2),(777,433,7,'End',0,'2024-10-01 23:51:49','MANUAL',3600,100.00,NULL,2),(778,434,6,'Start',0,'2024-10-01 23:51:53',NULL,3600,120.00,NULL,2),(779,435,7,'Start',0,'2024-10-01 23:55:44',NULL,3600,100.00,NULL,2),(780,436,8,'Start',0,'2024-10-01 23:58:40',NULL,3600,120.00,NULL,2),(781,432,5,'End',0,'2024-10-02 00:05:29','AUTO',216000,120.00,NULL,999999),(782,437,5,'Start',1,'2024-10-02 00:11:19',NULL,13,2.00,NULL,2),(783,437,5,'End',0,'2024-10-02 00:11:32','MANUAL',13,2.00,NULL,2),(784,438,5,'Start',0,'2024-10-02 00:11:42',NULL,3600,120.00,NULL,2),(785,439,6,'Extend',0,'2024-10-02 00:51:10',NULL,3600,120.00,NULL,2),(786,440,5,'Extend',0,'2024-10-02 00:54:25',NULL,3600,120.00,NULL,2),(787,435,7,'End',0,'2024-10-02 00:56:42','AUTO',216000,100.00,NULL,999999),(788,434,6,'End',0,'2024-10-02 00:58:59','MANUAL',7200,240.00,NULL,2),(789,436,8,'End',0,'2024-10-02 00:59:25','AUTO',216000,120.00,NULL,999999),(790,441,6,'Start',0,'2024-10-02 01:00:12',NULL,3600,120.00,NULL,2),(791,442,8,'Start Free',0,'2024-10-02 01:09:32',NULL,0,0.00,'b',2),(792,442,8,'End Free',0,'2024-10-02 01:27:25',NULL,1073,0.00,NULL,2),(793,443,8,'Start',0,'2024-10-02 01:28:52',NULL,3600,120.00,NULL,2),(794,438,5,'End',0,'2024-10-02 01:29:21','MANUAL',7200,240.00,NULL,2),(795,441,6,'End',0,'2024-10-02 02:01:08','AUTO',216000,120.00,NULL,999999),(796,443,8,'End',0,'2024-10-02 02:29:37','AUTO',216000,120.00,NULL,999999),(797,444,7,'Start',0,'2024-10-02 15:06:51',NULL,3600,100.00,NULL,2),(798,445,8,'Start',0,'2024-10-02 16:02:14',NULL,3600,120.00,NULL,2),(799,446,6,'Start',0,'2024-10-02 16:03:01',NULL,3600,120.00,NULL,2),(800,444,7,'End',0,'2024-10-02 16:07:49','AUTO',216000,100.00,NULL,999999),(801,447,7,'Start',0,'2024-10-02 16:35:33',NULL,3600,100.00,NULL,2),(802,448,5,'Start',0,'2024-10-02 16:39:03',NULL,3600,120.00,NULL,2),(803,446,6,'End',0,'2024-10-02 16:53:50','MANUAL',3600,120.00,NULL,2),(804,449,6,'Start',0,'2024-10-02 16:54:15',NULL,3600,120.00,NULL,2),(805,450,7,'Pause',0,'2024-10-02 16:58:41',NULL,2212,0.00,NULL,2),(806,451,7,'Resume',0,'2024-10-02 16:58:45',NULL,0,0.00,NULL,2),(807,452,7,'Pause',0,'2024-10-02 16:58:46',NULL,2207,0.00,NULL,2),(808,453,7,'Pause',0,'2024-10-02 16:58:51',NULL,2202,0.00,NULL,2),(809,454,7,'Resume',0,'2024-10-02 16:58:54',NULL,0,0.00,NULL,2),(810,455,6,'Pause',0,'2024-10-02 16:58:57',NULL,3318,0.00,NULL,2),(811,456,6,'Resume',0,'2024-10-02 16:59:02',NULL,0,0.00,NULL,2),(812,457,8,'Pause',0,'2024-10-02 16:59:08',NULL,186,0.00,NULL,2),(813,458,8,'Resume',0,'2024-10-02 16:59:10',NULL,0,0.00,NULL,2),(814,459,5,'Pause',0,'2024-10-02 16:59:16',NULL,2387,0.00,NULL,2),(815,460,5,'Resume',0,'2024-10-02 16:59:23',NULL,0,0.00,NULL,2),(816,461,7,'Pause',0,'2024-10-02 17:06:59',NULL,2260,0.00,'Power interrupted',999999),(817,462,8,'Pause',0,'2024-10-02 17:06:59',NULL,299,0.00,'Power interrupted',999999),(818,463,6,'Pause',0,'2024-10-02 17:07:02',NULL,2872,0.00,'Power interrupted',999999),(819,464,5,'Pause',0,'2024-10-02 17:07:02',NULL,2496,0.00,'Power interrupted',999999),(820,465,8,'Resume',0,'2024-10-02 17:07:38',NULL,0,0.00,NULL,2),(821,466,6,'Resume',0,'2024-10-02 17:07:41',NULL,0,0.00,NULL,2),(822,467,7,'Resume',0,'2024-10-02 17:07:44',NULL,0,0.00,NULL,2),(823,468,5,'Resume',0,'2024-10-02 17:07:50',NULL,0,0.00,NULL,2),(824,445,8,'End',0,'2024-10-02 17:12:41','AUTO',245100,120.00,NULL,999999),(825,469,8,'Start',0,'2024-10-02 17:16:13',NULL,3600,120.00,NULL,2),(826,447,7,'End',0,'2024-10-02 17:46:00','AUTO',748860,100.00,NULL,999999),(827,470,7,'Start',0,'2024-10-02 17:48:56',NULL,3600,100.00,NULL,2),(828,448,5,'End',0,'2024-10-02 17:50:04','AUTO',508980,120.00,NULL,999999),(829,471,5,'Start',0,'2024-10-02 17:54:12',NULL,3600,120.00,NULL,2),(830,449,6,'End',0,'2024-10-02 17:56:17','AUTO',587400,120.00,NULL,999999),(831,472,6,'Start',0,'2024-10-02 17:59:33',NULL,3600,120.00,NULL,2),(832,469,8,'End',0,'2024-10-02 18:16:58','AUTO',216000,120.00,NULL,999999),(833,473,8,'Start',0,'2024-10-02 18:18:55',NULL,3600,120.00,NULL,2),(834,474,7,'Extend',0,'2024-10-02 18:46:18',NULL,3600,100.00,NULL,2),(835,471,5,'End',0,'2024-10-02 18:48:25','MANUAL',3600,120.00,NULL,2),(836,475,5,'Start',0,'2024-10-02 18:48:47',NULL,3600,120.00,NULL,2),(837,472,6,'End',0,'2024-10-02 18:58:46','MANUAL',3600,120.00,NULL,2),(838,476,6,'Start',0,'2024-10-02 18:59:09',NULL,3600,120.00,NULL,2),(839,477,8,'Extend',0,'2024-10-02 19:12:00',NULL,3600,120.00,NULL,2),(840,475,5,'End',0,'2024-10-02 19:49:41','AUTO',216000,120.00,NULL,999999),(841,470,7,'End',0,'2024-10-02 19:50:51','AUTO',432000,200.00,NULL,999999),(842,478,7,'Start',0,'2024-10-02 19:52:27',NULL,3600,100.00,NULL,2),(843,479,6,'Extend',0,'2024-10-02 19:53:25',NULL,3600,120.00,NULL,2),(844,480,5,'Start',0,'2024-10-02 19:54:29',NULL,3600,120.00,NULL,2),(845,481,8,'Extend',0,'2024-10-02 20:16:39',NULL,3600,120.00,NULL,2),(846,478,7,'End',0,'2024-10-02 20:49:07','MANUAL',3600,100.00,NULL,2),(847,480,5,'End',0,'2024-10-02 20:49:44','MANUAL',3600,120.00,NULL,2),(848,482,5,'Start',1,'2024-10-02 20:49:59',NULL,7801,260.00,NULL,2),(849,483,7,'Start',0,'2024-10-02 20:50:24',NULL,3600,100.00,NULL,2),(850,476,6,'End',0,'2024-10-02 20:51:03','MANUAL',7200,240.00,NULL,2),(851,484,6,'Start',1,'2024-10-02 20:51:09',NULL,13756,458.00,NULL,2),(852,473,8,'End',0,'2024-10-02 21:17:14','MANUAL',10800,360.00,NULL,2),(853,485,8,'Start',0,'2024-10-02 21:17:41',NULL,3600,120.00,NULL,2),(854,486,8,'Extend',0,'2024-10-02 21:17:46',NULL,3600,120.00,NULL,2),(855,483,7,'End',0,'2024-10-02 21:51:21','AUTO',216000,100.00,NULL,999999),(856,487,7,'Start',0,'2024-10-02 21:55:22',NULL,3600,100.00,NULL,2),(857,487,7,'End',0,'2024-10-02 22:52:05','MANUAL',3600,100.00,NULL,2),(858,488,7,'Start',0,'2024-10-02 22:53:52',NULL,3600,100.00,NULL,2),(859,482,5,'End',0,'2024-10-02 23:02:03','MANUAL',7801,260.00,NULL,2),(860,489,5,'Start',1,'2024-10-02 23:05:42',NULL,3603,120.00,NULL,2),(861,485,8,'End',0,'2024-10-02 23:19:12','AUTO',432000,240.00,NULL,999999),(862,490,8,'Start',0,'2024-10-02 23:30:28',NULL,3600,120.00,NULL,2),(863,491,8,'Extend',0,'2024-10-02 23:30:34',NULL,3600,120.00,NULL,2),(864,488,7,'End',0,'2024-10-02 23:54:50','AUTO',216000,100.00,NULL,999999),(865,492,7,'Start',0,'2024-10-03 00:01:32',NULL,3600,100.00,NULL,2),(866,489,5,'End',0,'2024-10-03 00:06:38','MANUAL',3603,120.00,NULL,2),(867,484,6,'End',0,'2024-10-03 00:43:56','MANUAL',13756,458.00,NULL,2),(868,492,7,'End',0,'2024-10-03 00:58:30','MANUAL',3600,100.00,NULL,2),(869,493,7,'Start Free',0,'2024-10-03 01:28:42',NULL,0,0.00,'Employees',2),(870,490,8,'End',0,'2024-10-03 01:31:58','AUTO',432000,240.00,NULL,999999),(871,494,8,'Start',1,'2024-10-03 15:08:32',NULL,9214,307.00,NULL,2),(872,493,7,'End Free',0,'2024-10-03 15:13:02',NULL,49460,0.00,NULL,2),(873,495,5,'Start',0,'2024-10-03 15:52:21',NULL,3600,120.00,NULL,2),(874,496,7,'Start',0,'2024-10-03 15:54:24',NULL,3600,100.00,NULL,2),(875,495,5,'End',0,'2024-10-03 16:53:18','AUTO',216000,120.00,NULL,999999),(876,496,7,'End',0,'2024-10-03 16:55:22','AUTO',216000,100.00,NULL,999999),(877,497,7,'Start',1,'2024-10-03 17:02:03',NULL,5660,157.00,NULL,2),(878,494,8,'End',0,'2024-10-03 17:43:59','MANUAL',9214,307.00,NULL,2),(879,498,6,'Start',0,'2024-10-03 18:12:11',NULL,3600,120.00,NULL,2),(880,497,7,'End',0,'2024-10-03 18:37:53','MANUAL',5660,157.00,NULL,2),(881,499,7,'Start',0,'2024-10-03 18:58:04',NULL,3600,100.00,NULL,2),(882,498,6,'End',0,'2024-10-03 19:13:06','AUTO',216000,120.00,NULL,999999),(883,500,6,'Start',0,'2024-10-03 19:40:11',NULL,3600,120.00,NULL,2),(884,499,7,'End',0,'2024-10-03 19:59:02','AUTO',216000,100.00,NULL,999999),(885,501,7,'Start',0,'2024-10-03 19:59:34',NULL,3600,100.00,NULL,2),(886,502,8,'Start',0,'2024-10-03 20:29:33',NULL,3600,120.00,NULL,2),(887,500,6,'End',0,'2024-10-03 20:41:08','AUTO',216000,120.00,NULL,999999),(888,503,6,'Start',0,'2024-10-03 20:49:21',NULL,3600,120.00,NULL,2),(889,501,7,'End',0,'2024-10-03 21:00:32','AUTO',216000,100.00,NULL,999999),(890,504,7,'Start',0,'2024-10-03 21:10:48',NULL,3600,100.00,NULL,2),(891,505,5,'Start',0,'2024-10-03 21:26:16',NULL,3600,120.00,NULL,2),(892,502,8,'End',0,'2024-10-03 21:30:18','AUTO',216000,120.00,NULL,999999),(893,506,8,'Start',1,'2024-10-03 21:32:30',NULL,7553,251.00,NULL,2),(894,503,6,'End',0,'2024-10-03 21:50:16','AUTO',216000,120.00,NULL,999999),(895,504,7,'End',0,'2024-10-03 22:11:45','AUTO',216000,100.00,NULL,999999),(896,507,7,'Start',0,'2024-10-03 22:19:42',NULL,3600,100.00,NULL,2),(897,508,7,'Pause',0,'2024-10-03 22:19:51',NULL,3591,0.00,NULL,2),(898,509,7,'Resume',0,'2024-10-03 22:19:58',NULL,0,0.00,NULL,2),(899,505,5,'End',0,'2024-10-03 22:27:10','AUTO',216000,120.00,NULL,999999),(900,510,6,'Start',0,'2024-10-03 22:39:43',NULL,3600,120.00,NULL,2),(901,511,6,'Pause',0,'2024-10-03 22:39:45',NULL,3598,0.00,NULL,2),(902,512,6,'Resume',0,'2024-10-03 22:44:14',NULL,0,0.00,NULL,2),(903,513,5,'Start',0,'2024-10-03 22:55:48',NULL,3600,120.00,NULL,2),(904,507,7,'End',0,'2024-10-03 23:16:14','MANUAL',7191,100.00,NULL,2),(905,514,7,'Start',0,'2024-10-03 23:17:44',NULL,3600,100.00,NULL,2),(906,506,8,'End',0,'2024-10-03 23:39:55','MANUAL',7553,251.00,NULL,2),(907,510,6,'End',0,'2024-10-03 23:45:07','AUTO',431880,120.00,NULL,999999),(908,515,6,'Start',0,'2024-10-03 23:45:50',NULL,3600,120.00,NULL,2),(909,513,5,'End',0,'2024-10-03 23:56:43','AUTO',216000,120.00,NULL,999999),(910,514,7,'End',0,'2024-10-04 00:18:42','AUTO',216000,100.00,NULL,999999),(911,516,7,'Start',0,'2024-10-04 00:38:41',NULL,3600,100.00,NULL,2),(912,515,6,'End',0,'2024-10-04 00:46:46','AUTO',216000,120.00,NULL,999999),(913,517,6,'Start Free',0,'2024-10-04 01:18:03',NULL,0,0.00,'Employees and Maam Janice.',2),(914,516,7,'End',0,'2024-10-04 01:39:38','AUTO',216000,100.00,NULL,999999),(915,517,6,'End Free',0,'2024-10-04 14:59:38',NULL,49295,0.00,NULL,2),(916,518,6,'Start',1,'2024-10-04 15:01:04',NULL,509,16.00,NULL,2),(917,518,6,'End',0,'2024-10-04 15:09:40','MANUAL',509,16.00,NULL,2),(918,519,8,'Start',1,'2024-10-04 15:48:49',NULL,0,2.00,NULL,2),(919,520,7,'Start',0,'2024-10-04 15:53:21',NULL,3600,100.00,NULL,2),(920,521,6,'Start',0,'2024-10-04 15:53:37',NULL,3600,120.00,NULL,2),(921,522,6,'Extend',0,'2024-10-04 15:53:40',NULL,3600,120.00,NULL,2),(922,523,5,'Start',0,'2024-10-04 15:59:56',NULL,3600,120.00,NULL,2),(923,524,7,'Extend',0,'2024-10-04 16:47:48',NULL,3600,100.00,NULL,2),(924,523,5,'End',0,'2024-10-04 17:00:38','MANUAL',3600,120.00,NULL,2),(925,525,5,'Start',0,'2024-10-04 17:01:48',NULL,3600,120.00,NULL,2),(926,521,6,'End',0,'2024-10-04 17:47:53','MANUAL',7200,240.00,NULL,2),(927,526,6,'Start',0,'2024-10-04 17:48:23',NULL,3600,120.00,NULL,2),(928,527,6,'Pause',0,'2024-10-04 17:48:57',NULL,3566,0.00,NULL,2),(929,528,6,'Resume',0,'2024-10-04 17:49:06',NULL,0,0.00,NULL,2),(930,520,7,'End',0,'2024-10-04 17:49:48','MANUAL',7200,200.00,NULL,2),(931,529,7,'Start',0,'2024-10-04 17:51:20',NULL,3600,100.00,NULL,2),(932,525,5,'End',0,'2024-10-04 18:02:42','AUTO',216000,120.00,NULL,999999),(933,530,5,'Start',0,'2024-10-04 18:22:16',NULL,3600,120.00,NULL,2),(934,519,8,'End',0,'2024-10-04 18:23:33','MANUAL',0,2.00,NULL,2),(935,531,8,'Start',0,'2024-10-04 18:27:21',NULL,3600,120.00,NULL,2),(936,532,6,'Extend',0,'2024-10-04 18:48:07',NULL,3600,120.00,NULL,2),(937,529,7,'End',0,'2024-10-04 18:51:02','MANUAL',3600,100.00,NULL,2),(938,533,7,'Start',0,'2024-10-04 18:53:32',NULL,3600,100.00,NULL,2),(939,530,5,'End',0,'2024-10-04 19:23:10','AUTO',216000,120.00,NULL,999999),(940,534,5,'Start',0,'2024-10-04 19:25:02',NULL,3600,120.00,NULL,2),(941,531,8,'End',0,'2024-10-04 19:27:41','MANUAL',3600,120.00,NULL,2),(942,526,6,'End',0,'2024-10-04 19:50:23','AUTO',645960,240.00,NULL,999999),(943,535,6,'Start',0,'2024-10-04 19:50:53',NULL,3600,120.00,NULL,2),(944,533,7,'End',0,'2024-10-04 19:54:29','AUTO',216000,100.00,NULL,999999),(945,536,7,'Start',0,'2024-10-04 19:58:27',NULL,3600,100.00,NULL,2),(946,537,8,'Start',0,'2024-10-04 20:18:30',NULL,3600,120.00,NULL,2),(947,534,5,'End',0,'2024-10-04 20:25:57','AUTO',216000,120.00,NULL,999999),(948,538,5,'Start',0,'2024-10-04 20:42:54',NULL,3600,120.00,NULL,2),(949,535,6,'End',0,'2024-10-04 20:50:09','MANUAL',3600,120.00,NULL,2),(950,539,6,'Start',0,'2024-10-04 20:50:44',NULL,3600,120.00,NULL,2),(951,540,7,'Extend',0,'2024-10-04 20:54:50',NULL,3600,100.00,NULL,2),(952,537,8,'End',0,'2024-10-04 21:19:15','AUTO',216000,120.00,NULL,999999),(953,541,8,'Start',0,'2024-10-04 21:19:52',NULL,3600,120.00,NULL,2),(954,538,5,'End',0,'2024-10-04 21:43:49','AUTO',216000,120.00,NULL,999999),(955,542,5,'Start',0,'2024-10-04 21:46:03',NULL,3600,120.00,NULL,2),(956,539,6,'End',0,'2024-10-04 21:51:40','AUTO',216000,120.00,NULL,999999),(957,543,6,'Start',0,'2024-10-04 21:57:08',NULL,3600,120.00,NULL,2),(958,536,7,'End',0,'2024-10-04 22:00:22','AUTO',432000,200.00,NULL,999999),(959,544,7,'Start',0,'2024-10-04 22:07:51',NULL,3600,100.00,NULL,2),(960,541,8,'End',0,'2024-10-04 22:20:37','AUTO',216000,120.00,NULL,999999),(961,545,8,'Start',0,'2024-10-04 22:21:14',NULL,3600,120.00,NULL,2),(962,542,5,'End',0,'2024-10-04 22:46:58','AUTO',216000,120.00,NULL,999999),(963,544,7,'End',0,'2024-10-04 22:47:49','MANUAL',3600,100.00,NULL,2),(964,546,7,'Start',1,'2024-10-04 22:47:58',NULL,6509,181.00,NULL,2),(965,543,6,'End',0,'2024-10-04 22:58:04','AUTO',216000,120.00,NULL,999999),(966,547,6,'Start',0,'2024-10-04 23:12:41',NULL,3600,120.00,NULL,2),(967,545,8,'End',0,'2024-10-04 23:21:59','AUTO',216000,120.00,NULL,999999),(968,548,8,'Start',0,'2024-10-04 23:22:16',NULL,3600,120.00,NULL,2),(969,547,6,'End',0,'2024-10-05 00:13:37','AUTO',216000,120.00,NULL,999999),(970,548,8,'End',0,'2024-10-05 00:23:02','AUTO',216000,120.00,NULL,999999),(971,549,8,'Start',0,'2024-10-05 00:25:40',NULL,3600,120.00,NULL,2),(972,550,6,'Start',0,'2024-10-05 00:37:18',NULL,3600,120.00,NULL,2),(973,546,7,'End',0,'2024-10-05 00:38:11','MANUAL',6509,181.00,NULL,2),(974,551,7,'Start',1,'2024-10-05 00:47:44',NULL,3619,100.00,NULL,2),(975,552,5,'Start',0,'2024-10-05 00:48:52',NULL,3600,120.00,NULL,2),(976,549,8,'End',0,'2024-10-05 01:26:14','MANUAL',3600,120.00,NULL,2),(977,553,8,'Start',0,'2024-10-05 01:27:01',NULL,3600,120.00,NULL,2),(978,550,6,'End',0,'2024-10-05 01:38:14','AUTO',216000,120.00,NULL,999999),(979,551,7,'End',0,'2024-10-05 01:49:00','MANUAL',3619,100.00,NULL,2),(980,552,5,'End',0,'2024-10-05 01:49:47','AUTO',216000,120.00,NULL,999999),(981,553,8,'End',0,'2024-10-05 02:27:47','AUTO',216000,120.00,NULL,999999),(982,554,5,'Start',1,'2024-10-05 15:29:18',NULL,5971,199.00,NULL,2),(983,555,7,'Start',0,'2024-10-05 15:29:28',NULL,3600,100.00,NULL,2),(984,556,6,'Start',0,'2024-10-05 15:31:54',NULL,3600,120.00,NULL,2),(985,557,8,'Start',0,'2024-10-05 16:09:01',NULL,3600,120.00,NULL,2),(986,555,7,'End',0,'2024-10-05 16:30:20','MANUAL',3600,100.00,NULL,2),(987,556,6,'End',0,'2024-10-05 16:32:50','AUTO',216000,120.00,NULL,999999),(988,558,6,'Start',0,'2024-10-05 17:00:41',NULL,3600,120.00,NULL,2),(989,557,8,'End',0,'2024-10-05 17:07:16','MANUAL',3600,120.00,NULL,2),(990,559,8,'Start',0,'2024-10-05 17:08:17',NULL,3600,120.00,NULL,2),(991,554,5,'End',0,'2024-10-05 17:10:19','MANUAL',5971,199.00,NULL,2),(992,560,7,'Start',0,'2024-10-05 17:45:40',NULL,3600,100.00,NULL,2),(993,558,6,'End',0,'2024-10-05 18:01:36','AUTO',216000,120.00,NULL,999999),(994,561,6,'Start',0,'2024-10-05 18:04:41',NULL,3600,120.00,NULL,2),(995,559,8,'End',0,'2024-10-05 18:09:02','AUTO',216000,120.00,NULL,999999),(996,562,8,'Start',0,'2024-10-05 18:10:17',NULL,3600,120.00,NULL,2),(997,560,7,'End',0,'2024-10-05 18:46:38','AUTO',216000,100.00,NULL,999999),(998,563,7,'Start',0,'2024-10-05 18:51:50',NULL,3600,100.00,NULL,2),(999,561,6,'End',0,'2024-10-05 19:05:36','AUTO',216000,120.00,NULL,999999),(1000,564,6,'Start',0,'2024-10-05 19:08:14',NULL,3600,120.00,NULL,2),(1001,562,8,'End',0,'2024-10-05 19:11:02','AUTO',216000,120.00,NULL,999999),(1002,565,5,'Start',1,'2024-10-05 19:17:58',NULL,7314,243.00,NULL,2),(1003,566,8,'Start',0,'2024-10-05 19:29:30',NULL,3600,120.00,NULL,2),(1004,563,7,'End',0,'2024-10-05 19:48:55','MANUAL',3600,100.00,NULL,2),(1005,567,7,'Start',0,'2024-10-05 19:49:50',NULL,3600,100.00,NULL,2),(1006,564,6,'End',0,'2024-10-05 20:09:10','AUTO',216000,120.00,NULL,999999),(1007,568,6,'Start',0,'2024-10-05 20:10:38',NULL,3600,120.00,NULL,2),(1008,566,8,'End',0,'2024-10-05 20:30:16','AUTO',216000,120.00,NULL,999999),(1009,569,8,'Start',0,'2024-10-05 20:32:10',NULL,3600,120.00,NULL,2),(1010,570,7,'Extend',0,'2024-10-05 20:46:38',NULL,3600,100.00,NULL,2),(1011,568,6,'End',0,'2024-10-05 21:11:33','AUTO',216000,120.00,NULL,999999),(1012,571,6,'Start',0,'2024-10-05 21:14:56',NULL,3600,120.00,NULL,2),(1013,565,5,'End',0,'2024-10-05 21:21:40','MANUAL',7314,243.00,NULL,2),(1014,572,5,'Start',0,'2024-10-05 21:26:03',NULL,3600,120.00,NULL,2),(1015,569,8,'End',0,'2024-10-05 21:32:55','AUTO',216000,120.00,NULL,999999),(1016,573,8,'Start',0,'2024-10-05 21:40:46',NULL,3600,120.00,NULL,2),(1017,567,7,'End',0,'2024-10-05 21:50:09','MANUAL',7200,200.00,NULL,2),(1018,574,7,'Start',0,'2024-10-05 21:53:46',NULL,3600,100.00,NULL,2),(1019,571,6,'End',0,'2024-10-05 22:15:51','AUTO',216000,120.00,NULL,999999),(1020,575,6,'Start',0,'2024-10-05 22:20:48',NULL,3600,120.00,NULL,2),(1021,572,5,'End',0,'2024-10-05 22:26:58','AUTO',216000,120.00,NULL,999999),(1022,573,8,'End',0,'2024-10-05 22:41:31','AUTO',216000,120.00,NULL,999999),(1023,576,8,'Start',0,'2024-10-05 22:48:50',NULL,3600,120.00,NULL,2),(1024,574,7,'End',0,'2024-10-05 22:54:44','AUTO',216000,100.00,NULL,999999),(1025,577,5,'Start',0,'2024-10-05 22:55:55',NULL,3600,120.00,NULL,2),(1026,578,7,'Start',0,'2024-10-05 22:57:17',NULL,3600,100.00,NULL,2),(1027,575,6,'End',0,'2024-10-05 23:21:43','AUTO',216000,120.00,NULL,999999),(1028,579,6,'Start',0,'2024-10-05 23:31:44',NULL,3600,120.00,NULL,2),(1029,576,8,'End',0,'2024-10-05 23:45:28','MANUAL',3600,120.00,NULL,2),(1030,577,5,'End',0,'2024-10-05 23:56:49','AUTO',216000,120.00,NULL,999999),(1031,578,7,'End',0,'2024-10-05 23:58:15','AUTO',216000,100.00,NULL,999999),(1032,580,7,'Start',0,'2024-10-06 00:03:19',NULL,3600,100.00,NULL,2),(1033,581,8,'Start',1,'2024-10-06 00:08:01',NULL,3092,103.00,NULL,2),(1034,579,6,'End',0,'2024-10-06 00:32:40','AUTO',216000,120.00,NULL,999999),(1035,582,6,'Start',0,'2024-10-06 00:43:33',NULL,3600,120.00,NULL,2),(1036,581,8,'End',0,'2024-10-06 01:00:10','MANUAL',3092,103.00,NULL,2),(1037,580,7,'End',0,'2024-10-06 01:04:17','AUTO',216000,100.00,NULL,999999),(1038,583,7,'Start Free',0,'2024-10-06 01:09:52',NULL,0,0.00,'sir',2),(1039,582,6,'End',0,'2024-10-06 01:33:47','MANUAL',3600,120.00,NULL,2),(1040,584,6,'Start',0,'2024-10-06 01:53:45',NULL,3600,120.00,NULL,2),(1041,584,6,'End',0,'2024-10-06 02:54:40','AUTO',216000,120.00,NULL,999999),(1042,583,7,'End Free',0,'2024-10-06 17:01:30',NULL,57098,0.00,NULL,2),(1043,585,7,'Start Free',0,'2024-10-06 18:23:34',NULL,0,0.00,'mam',2),(1044,586,6,'Start Free',0,'2024-10-06 18:23:46',NULL,0,0.00,'mam',2),(1045,587,6,'Start Free',0,'2024-10-06 18:23:46',NULL,0,0.00,'mam',2),(1046,588,8,'Start Free',0,'2024-10-06 18:23:59',NULL,0,0.00,'mam',2),(1047,589,5,'Start Free',0,'2024-10-06 18:24:07',NULL,0,0.00,'mam',2),(1048,589,5,'End Free',0,'2024-10-06 18:26:50',NULL,163,0.00,NULL,2),(1049,588,8,'End Free',0,'2024-10-06 18:26:55',NULL,176,0.00,NULL,2),(1050,587,6,'End Free',0,'2024-10-06 18:27:01',NULL,195,0.00,NULL,2),(1051,585,7,'End Free',0,'2024-10-06 18:27:07',NULL,213,0.00,NULL,2),(1052,590,7,'Start',0,'2024-10-06 18:38:49',NULL,3600,120.00,NULL,2),(1053,590,7,'End',0,'2024-10-06 18:38:58','MANUAL',3600,120.00,NULL,2),(1054,591,7,'Start',0,'2024-10-06 18:39:08',NULL,3600,120.00,NULL,2),(1055,591,7,'End',0,'2024-10-06 18:39:13','MANUAL',3600,120.00,NULL,2),(1056,592,7,'Start Free',0,'2024-10-06 18:42:21',NULL,0,0.00,'mam',2),(1057,593,6,'Start Free',0,'2024-10-06 18:42:31',NULL,0,0.00,'mam',2),(1058,594,8,'Start Free',0,'2024-10-06 18:42:43',NULL,0,0.00,'mam',2),(1059,595,5,'Start Free',0,'2024-10-06 18:42:54',NULL,0,0.00,'mam',2),(1060,592,7,'End Free',0,'2024-10-06 18:45:15',NULL,174,0.00,NULL,2),(1061,596,7,'Start',1,'2024-10-06 18:45:22',NULL,425,14.00,NULL,2),(1062,593,6,'End Free',0,'2024-10-06 18:49:35',NULL,424,0.00,NULL,2),(1063,597,6,'Start',0,'2024-10-06 18:50:11',NULL,3600,120.00,NULL,2),(1064,596,7,'End',0,'2024-10-06 18:52:32','MANUAL',425,14.00,NULL,2),(1065,598,7,'Start',0,'2024-10-06 18:52:37',NULL,3600,120.00,NULL,2),(1066,599,7,'Extend',0,'2024-10-06 18:52:41',NULL,3600,120.00,NULL,2),(1067,598,7,'End',0,'2024-10-06 18:52:55','MANUAL',7200,240.00,NULL,2),(1068,600,7,'Start',1,'2024-10-06 18:55:52',NULL,2102,70.00,NULL,2),(1069,594,8,'End Free',0,'2024-10-06 18:56:04',NULL,801,0.00,NULL,2),(1070,595,5,'End Free',0,'2024-10-06 18:56:14',NULL,800,0.00,NULL,2),(1071,601,5,'Start',0,'2024-10-06 19:06:05',NULL,3600,120.00,NULL,2),(1072,602,8,'Start',1,'2024-10-06 19:09:31',NULL,2756,91.00,NULL,2),(1073,600,7,'End',0,'2024-10-06 19:31:26','MANUAL',2102,70.00,NULL,2),(1074,597,6,'End',0,'2024-10-06 19:51:06','AUTO',216000,120.00,NULL,999999),(1075,602,8,'End',0,'2024-10-06 19:56:01','MANUAL',2756,91.00,NULL,2),(1076,603,7,'Start',1,'2024-10-06 19:56:08',NULL,11316,377.00,NULL,2),(1077,604,5,'Extend',0,'2024-10-06 20:00:34',NULL,3600,120.00,NULL,2),(1078,605,6,'Start',0,'2024-10-06 20:42:57',NULL,3600,120.00,NULL,2),(1079,601,5,'End',0,'2024-10-06 21:07:56','AUTO',432000,240.00,NULL,999999),(1080,606,8,'Start',0,'2024-10-06 21:09:37',NULL,3600,120.00,NULL,2),(1081,607,5,'Start',0,'2024-10-06 21:36:36',NULL,3600,120.00,NULL,2),(1082,605,6,'End',0,'2024-10-06 21:43:53','AUTO',216000,120.00,NULL,999999),(1083,608,6,'Start',0,'2024-10-06 21:45:36',NULL,3600,120.00,NULL,2),(1084,606,8,'End',0,'2024-10-06 22:10:22','AUTO',216000,120.00,NULL,999999),(1085,607,5,'End',0,'2024-10-06 22:31:36','MANUAL',3600,120.00,NULL,2),(1086,608,6,'End',0,'2024-10-06 22:46:31','AUTO',216000,120.00,NULL,999999),(1087,609,6,'Start',0,'2024-10-06 22:47:28',NULL,3600,120.00,NULL,2),(1088,610,8,'Start',0,'2024-10-06 22:59:27',NULL,3600,120.00,NULL,2),(1089,603,7,'End',0,'2024-10-06 23:07:44','MANUAL',11316,377.00,NULL,2),(1090,611,5,'Start',0,'2024-10-06 23:41:13',NULL,3600,120.00,NULL,2),(1091,612,5,'Extend',0,'2024-10-06 23:41:21',NULL,3600,120.00,NULL,2),(1092,613,5,'Extend',0,'2024-10-06 23:41:30',NULL,3600,120.00,NULL,2),(1093,611,5,'End',0,'2024-10-06 23:42:12','MANUAL',10800,360.00,NULL,2),(1094,614,5,'Start',0,'2024-10-06 23:42:26',NULL,3600,120.00,NULL,2),(1095,615,5,'Extend',0,'2024-10-06 23:42:33',NULL,3600,120.00,NULL,2),(1096,609,6,'End',0,'2024-10-06 23:48:24','AUTO',216000,120.00,NULL,999999),(1097,610,8,'End',0,'2024-10-07 00:00:12','AUTO',216000,120.00,NULL,999999),(1098,616,6,'Start',0,'2024-10-07 00:01:42',NULL,3600,120.00,NULL,2),(1099,617,7,'Start Free',0,'2024-10-07 00:55:35',NULL,0,0.00,'xv',2),(1100,616,6,'End',0,'2024-10-07 01:02:38','AUTO',216000,120.00,NULL,999999),(1101,614,5,'End',0,'2024-10-07 01:44:14','AUTO',432000,240.00,NULL,999999),(1102,617,7,'End Free',0,'2024-10-07 14:44:06',NULL,49711,0.00,NULL,2),(1103,618,6,'Start',0,'2024-10-07 15:22:19',NULL,3600,120.00,NULL,2),(1104,619,5,'Start',0,'2024-10-07 16:04:01',NULL,3600,120.00,NULL,2),(1105,618,6,'End',0,'2024-10-07 16:22:29','MANUAL',3600,120.00,NULL,2),(1106,620,7,'Start Free',0,'2024-10-07 16:29:12',NULL,0,0.00,'isa',2),(1107,621,8,'Start',0,'2024-10-07 16:46:55',NULL,3600,120.00,NULL,2),(1108,622,8,'Extend',0,'2024-10-07 16:47:00',NULL,3600,120.00,NULL,2),(1109,619,5,'End',0,'2024-10-07 16:55:22','MANUAL',3600,120.00,NULL,2),(1110,623,5,'Start',0,'2024-10-07 16:55:29',NULL,3600,120.00,NULL,2),(1111,620,7,'End Free',0,'2024-10-07 17:14:18',NULL,2706,0.00,NULL,2),(1112,624,5,'Extend',0,'2024-10-07 17:50:07',NULL,3600,120.00,NULL,2),(1113,625,6,'Start',0,'2024-10-07 18:33:44',NULL,3600,120.00,NULL,2),(1114,621,8,'End',0,'2024-10-07 18:47:33','MANUAL',7200,240.00,NULL,2),(1115,623,5,'End',0,'2024-10-07 18:57:17','AUTO',432000,240.00,NULL,999999),(1116,626,5,'Start',1,'2024-10-07 18:57:41',NULL,5203,173.00,NULL,2),(1117,627,6,'Extend',0,'2024-10-07 19:26:19',NULL,3600,120.00,NULL,2),(1118,628,7,'Start',0,'2024-10-07 19:32:21',NULL,3600,120.00,NULL,2),(1119,626,5,'End',0,'2024-10-07 20:25:41','MANUAL',5203,173.00,NULL,2),(1120,629,6,'Extend',0,'2024-10-07 20:26:56',NULL,3600,120.00,NULL,2),(1121,628,7,'End',0,'2024-10-07 20:32:28','MANUAL',3600,120.00,NULL,2),(1122,630,8,'Start',0,'2024-10-07 20:54:20',NULL,3600,120.00,NULL,2),(1123,625,6,'End',0,'2024-10-07 21:33:48','MANUAL',10800,360.00,NULL,2),(1124,631,7,'Start',0,'2024-10-07 21:35:47',NULL,3600,120.00,NULL,2),(1125,632,6,'Start',0,'2024-10-07 21:52:48',NULL,3600,120.00,NULL,2),(1126,630,8,'End',0,'2024-10-07 21:55:06','AUTO',216000,120.00,NULL,999999),(1127,633,8,'Start',0,'2024-10-07 22:02:31',NULL,3600,120.00,NULL,2),(1128,634,5,'Start',0,'2024-10-07 22:13:32',NULL,3600,120.00,NULL,2),(1129,631,7,'End',0,'2024-10-07 22:31:55','MANUAL',3600,120.00,NULL,2),(1130,635,7,'Start',0,'2024-10-07 22:32:46',NULL,3600,120.00,NULL,2),(1131,632,6,'End',0,'2024-10-07 22:53:25','MANUAL',3600,120.00,NULL,2),(1132,636,6,'Start',1,'2024-10-07 22:55:41',NULL,0,2.00,NULL,2),(1133,633,8,'End',0,'2024-10-07 23:03:16','AUTO',216000,120.00,NULL,999999),(1134,637,8,'Start',0,'2024-10-07 23:03:54',NULL,3600,120.00,NULL,2),(1135,635,7,'End',0,'2024-10-07 23:06:14','MANUAL',3600,120.00,NULL,2),(1136,638,7,'Start',0,'2024-10-07 23:06:24',NULL,3600,120.00,NULL,2),(1137,634,5,'End',0,'2024-10-07 23:14:27','AUTO',216000,120.00,NULL,999999),(1138,639,5,'Start',0,'2024-10-07 23:17:36',NULL,3600,120.00,NULL,2),(1139,637,8,'End',0,'2024-10-08 00:04:39','AUTO',216000,120.00,NULL,999999),(1140,638,7,'End',0,'2024-10-08 00:07:21','AUTO',216000,120.00,NULL,999999),(1141,640,8,'Start',0,'2024-10-08 00:11:10',NULL,3600,120.00,NULL,2),(1142,641,7,'Start',0,'2024-10-08 00:11:27',NULL,3600,120.00,NULL,2),(1143,639,5,'End',0,'2024-10-08 00:18:34','AUTO',216000,120.00,NULL,999999),(1144,642,5,'Start',0,'2024-10-08 00:23:24',NULL,3600,120.00,NULL,2),(1145,636,6,'End',0,'2024-10-08 00:53:59','MANUAL',0,2.00,NULL,2),(1146,640,8,'End',0,'2024-10-08 01:11:56','AUTO',216000,120.00,NULL,999999),(1147,641,7,'End',0,'2024-10-08 01:12:25','AUTO',216000,120.00,NULL,999999),(1148,642,5,'End',0,'2024-10-08 01:24:19','AUTO',216000,120.00,NULL,999999),(1149,643,7,'Start',1,'2024-10-08 15:24:13',NULL,1367,45.00,NULL,2),(1150,644,8,'Start',1,'2024-10-08 15:45:53',NULL,7103,236.00,NULL,2),(1151,643,7,'End',0,'2024-10-08 15:47:21','MANUAL',1367,45.00,NULL,2),(1152,645,7,'Start',0,'2024-10-08 16:43:02',NULL,3600,120.00,NULL,2),(1153,646,5,'Start',0,'2024-10-08 17:06:58',NULL,3600,120.00,NULL,2),(1154,645,7,'End',0,'2024-10-08 17:40:24','MANUAL',3600,120.00,NULL,2),(1155,644,8,'End',0,'2024-10-08 17:45:43','MANUAL',7103,236.00,NULL,2),(1156,646,5,'End',0,'2024-10-08 18:07:53','AUTO',216000,120.00,NULL,999999),(1157,647,6,'Start',1,'2024-10-08 18:08:03',NULL,14192,473.00,NULL,2),(1158,648,7,'Start',0,'2024-10-08 18:13:16',NULL,3600,120.00,NULL,2),(1159,649,5,'Start',0,'2024-10-08 18:36:01',NULL,3600,120.00,NULL,2),(1160,650,8,'Start',0,'2024-10-08 18:36:32',NULL,3600,120.00,NULL,2),(1161,648,7,'End',0,'2024-10-08 19:14:14','AUTO',216000,120.00,NULL,999999),(1162,649,5,'End',0,'2024-10-08 19:36:55','AUTO',216000,120.00,NULL,999999),(1163,650,8,'End',0,'2024-10-08 19:37:17','AUTO',216000,120.00,NULL,999999),(1164,651,8,'Start',0,'2024-10-08 19:37:43',NULL,3600,120.00,NULL,2),(1165,652,7,'Start',1,'2024-10-08 20:17:28',NULL,3363,112.00,NULL,2),(1166,653,5,'Start',0,'2024-10-08 20:37:02',NULL,3600,120.00,NULL,2),(1167,651,8,'End',0,'2024-10-08 20:38:28','AUTO',216000,120.00,NULL,999999),(1168,654,8,'Start',1,'2024-10-08 20:49:06',NULL,14438,481.00,NULL,2),(1169,652,7,'End',0,'2024-10-08 21:14:25','MANUAL',3363,112.00,NULL,2),(1170,655,7,'Start',1,'2024-10-08 21:14:45',NULL,11203,373.00,NULL,2),(1171,653,5,'End',0,'2024-10-08 21:37:57','AUTO',216000,120.00,NULL,999999),(1172,656,5,'Start',1,'2024-10-08 21:40:23',NULL,11387,379.00,NULL,2),(1173,647,6,'End',0,'2024-10-08 22:08:10','MANUAL',14192,473.00,NULL,2),(1174,657,6,'Start',1,'2024-10-08 22:09:35',NULL,4431,147.00,NULL,2),(1175,657,6,'End',0,'2024-10-08 23:24:32','MANUAL',4431,147.00,NULL,2),(1176,658,6,'Start',0,'2024-10-08 23:31:37',NULL,3600,120.00,NULL,2),(1177,655,7,'End',0,'2024-10-09 00:24:25','MANUAL',11203,373.00,NULL,2),(1178,658,6,'End',0,'2024-10-09 00:32:33','AUTO',216000,120.00,NULL,999999),(1179,659,7,'Start',0,'2024-10-09 00:35:47',NULL,3600,120.00,NULL,2),(1180,660,6,'Start',0,'2024-10-09 00:43:37',NULL,3600,120.00,NULL,2),(1181,654,8,'End',0,'2024-10-09 00:52:43','MANUAL',14438,481.00,NULL,2),(1182,656,5,'End',0,'2024-10-09 00:52:59','MANUAL',11387,379.00,NULL,2),(1183,660,6,'End',0,'2024-10-09 01:26:01','MANUAL',3600,120.00,NULL,2),(1184,659,7,'End',0,'2024-10-09 01:34:43','MANUAL',3600,120.00,NULL,2),(1185,661,7,'Start',0,'2024-10-09 15:15:36',NULL,3600,120.00,NULL,2),(1186,661,7,'End',0,'2024-10-09 15:15:39','MANUAL',3600,120.00,NULL,2),(1187,662,6,'Start',0,'2024-10-09 15:50:28',NULL,3600,120.00,NULL,2),(1188,663,7,'Start',0,'2024-10-09 16:16:54',NULL,3600,120.00,NULL,2),(1189,664,8,'Start',0,'2024-10-09 16:24:38',NULL,3600,120.00,NULL,2),(1190,665,5,'Start',0,'2024-10-09 16:35:32',NULL,3600,120.00,NULL,2),(1191,662,6,'End',0,'2024-10-09 16:51:24','AUTO',216000,120.00,NULL,999999),(1192,663,7,'End',0,'2024-10-09 17:17:52','AUTO',216000,120.00,NULL,999999),(1193,666,6,'Start',0,'2024-10-09 17:23:45',NULL,3600,120.00,NULL,2),(1194,664,8,'End',0,'2024-10-09 17:25:23','AUTO',216000,120.00,NULL,999999),(1195,667,7,'Start',0,'2024-10-09 17:26:21',NULL,3600,120.00,NULL,2),(1196,665,5,'End',0,'2024-10-09 17:36:27','AUTO',216000,120.00,NULL,999999),(1197,668,5,'Start',0,'2024-10-09 17:37:47',NULL,3600,120.00,NULL,2),(1198,669,8,'Start',0,'2024-10-09 17:49:04',NULL,3600,120.00,NULL,2),(1199,666,6,'End',0,'2024-10-09 18:24:41','AUTO',216000,120.00,NULL,999999),(1200,670,6,'Start',0,'2024-10-09 18:25:35',NULL,3600,120.00,NULL,2),(1201,667,7,'End',0,'2024-10-09 18:27:22','AUTO',216000,120.00,NULL,999999),(1202,671,7,'Start',0,'2024-10-09 18:27:55',NULL,3600,120.00,NULL,2),(1203,668,5,'End',0,'2024-10-09 18:38:42','AUTO',216000,120.00,NULL,999999),(1204,669,8,'End',0,'2024-10-09 18:47:38','MANUAL',3600,120.00,NULL,2),(1205,672,5,'Start',0,'2024-10-09 18:48:55',NULL,3600,120.00,NULL,2),(1206,673,8,'Start',0,'2024-10-09 18:49:57',NULL,3600,120.00,NULL,2),(1207,674,6,'Extend',0,'2024-10-09 19:20:28',NULL,3600,120.00,NULL,2),(1208,671,7,'End',0,'2024-10-09 19:28:54','AUTO',216000,120.00,NULL,999999),(1209,675,7,'Start',0,'2024-10-09 19:30:00',NULL,3600,120.00,NULL,2),(1210,673,8,'End',0,'2024-10-09 19:49:28','MANUAL',3600,120.00,NULL,2),(1211,672,5,'End',0,'2024-10-09 19:49:49','AUTO',216000,120.00,NULL,999999),(1212,676,8,'Start',1,'2024-10-09 19:50:52',NULL,7191,239.00,NULL,2),(1213,677,5,'Start',0,'2024-10-09 20:07:52',NULL,3600,120.00,NULL,2),(1214,670,6,'End',0,'2024-10-09 20:27:14','MANUAL',7200,240.00,NULL,2),(1215,678,6,'Start',0,'2024-10-09 20:27:47',NULL,3600,120.00,NULL,2),(1216,675,7,'End',0,'2024-10-09 20:30:58','AUTO',216000,120.00,NULL,999999),(1217,679,7,'Start',0,'2024-10-09 20:38:19',NULL,3600,120.00,NULL,2),(1218,677,5,'End',0,'2024-10-09 21:08:47','AUTO',216000,120.00,NULL,999999),(1219,678,6,'End',0,'2024-10-09 21:28:42','AUTO',216000,120.00,NULL,999999),(1220,680,6,'Start',0,'2024-10-09 21:35:14',NULL,3600,120.00,NULL,2),(1221,679,7,'End',0,'2024-10-09 21:39:17','AUTO',216000,120.00,NULL,999999),(1222,681,7,'Start',0,'2024-10-09 21:42:54',NULL,3600,120.00,NULL,2),(1223,682,5,'Start',0,'2024-10-09 21:49:46',NULL,3600,120.00,NULL,2),(1224,676,8,'End',0,'2024-10-09 21:52:12','MANUAL',7191,239.00,NULL,2),(1225,683,8,'Start',0,'2024-10-09 22:09:15',NULL,3600,120.00,NULL,2),(1226,680,6,'End',0,'2024-10-09 22:36:09','AUTO',216000,120.00,NULL,999999),(1227,684,6,'Start',0,'2024-10-09 22:36:50',NULL,3600,120.00,NULL,2),(1228,681,7,'End',0,'2024-10-09 22:43:52','AUTO',216000,120.00,NULL,999999),(1229,682,5,'End',0,'2024-10-09 22:50:41','AUTO',216000,120.00,NULL,999999),(1230,685,7,'Start',0,'2024-10-09 23:06:00',NULL,3600,120.00,NULL,2),(1231,683,8,'End',0,'2024-10-09 23:10:00','AUTO',216000,120.00,NULL,999999),(1232,686,5,'Start',0,'2024-10-09 23:10:26',NULL,3600,120.00,NULL,2),(1233,687,8,'Start',0,'2024-10-09 23:13:43',NULL,3600,120.00,NULL,2),(1234,684,6,'End',0,'2024-10-09 23:37:45','AUTO',216000,120.00,NULL,999999),(1235,688,6,'Start',0,'2024-10-09 23:39:26',NULL,3600,120.00,NULL,2),(1236,689,5,'Extend',0,'2024-10-10 00:01:03',NULL,3600,120.00,NULL,2),(1237,685,7,'End',0,'2024-10-10 00:06:59','AUTO',216000,120.00,NULL,999999),(1238,690,7,'Start',0,'2024-10-10 00:07:21',NULL,3600,120.00,NULL,2),(1239,687,8,'End',0,'2024-10-10 00:14:28','AUTO',216000,120.00,NULL,999999),(1240,691,8,'Start',0,'2024-10-10 00:17:22',NULL,3600,120.00,NULL,2),(1241,688,6,'End',0,'2024-10-10 00:40:22','AUTO',216000,120.00,NULL,999999),(1242,692,6,'Start',0,'2024-10-10 00:43:33',NULL,3600,120.00,NULL,2),(1243,690,7,'End',0,'2024-10-10 01:08:19','AUTO',216000,120.00,NULL,999999),(1244,686,5,'End',0,'2024-10-10 01:12:14','AUTO',432000,240.00,NULL,999999),(1245,691,8,'End',0,'2024-10-10 01:18:08','AUTO',216000,120.00,NULL,999999),(1246,693,8,'Start Free',0,'2024-10-10 01:20:59',NULL,0,0.00,'employee',2),(1247,692,6,'End',0,'2024-10-10 01:44:32','AUTO',216000,120.00,NULL,999999),(1248,694,7,'Start',0,'2024-10-10 15:19:51',NULL,3600,120.00,NULL,2),(1249,694,7,'End',0,'2024-10-10 15:19:55','MANUAL',3600,120.00,NULL,2),(1250,693,8,'End Free',0,'2024-10-10 15:20:01',NULL,50342,0.00,NULL,2),(1251,695,7,'Start Free',0,'2024-10-10 16:16:04',NULL,0,0.00,'yssa',2),(1252,696,8,'Start Free',0,'2024-10-10 16:16:44',NULL,0,0.00,'yssa',2),(1253,696,8,'End Free',0,'2024-10-10 18:13:05',NULL,6981,0.00,NULL,2),(1254,697,6,'Start',0,'2024-10-10 18:25:16',NULL,3600,120.00,NULL,2),(1255,698,6,'Start',0,'2024-10-10 18:25:26',NULL,3600,120.00,NULL,2),(1256,699,8,'Start',0,'2024-10-10 18:47:38',NULL,3600,120.00,NULL,2),(1257,700,5,'Start',1,'2024-10-10 19:13:49',NULL,5465,182.00,NULL,2),(1258,697,6,'End',0,'2024-10-10 19:24:51','MANUAL',7200,240.00,NULL,2),(1259,701,6,'Start',0,'2024-10-10 19:25:21',NULL,3600,120.00,NULL,2),(1260,699,8,'End',0,'2024-10-10 19:48:24','AUTO',216000,120.00,NULL,999999),(1261,701,6,'End',0,'2024-10-10 20:26:17','AUTO',216000,120.00,NULL,999999),(1262,702,6,'Start',0,'2024-10-10 20:29:05',NULL,3600,120.00,NULL,2),(1263,700,5,'End',0,'2024-10-10 20:46:16','MANUAL',5465,182.00,NULL,2),(1264,695,7,'End Free',0,'2024-10-10 20:48:55',NULL,16371,0.00,NULL,2),(1265,702,6,'End',0,'2024-10-10 21:30:00','AUTO',216000,120.00,NULL,999999),(1266,703,7,'Start',0,'2024-10-10 21:41:27',NULL,3600,120.00,NULL,2),(1267,704,6,'Start',0,'2024-10-10 22:33:45',NULL,3600,120.00,NULL,2),(1268,703,7,'End',0,'2024-10-10 22:41:44','MANUAL',3600,120.00,NULL,2),(1269,705,5,'Start',0,'2024-10-10 23:00:47',NULL,3600,120.00,NULL,2),(1270,706,8,'Start',0,'2024-10-10 23:09:26',NULL,3600,120.00,NULL,2),(1271,704,6,'End',0,'2024-10-10 23:34:41','AUTO',216000,120.00,NULL,999999),(1272,705,5,'End',0,'2024-10-11 00:01:41','AUTO',216000,120.00,NULL,999999),(1273,707,6,'Start',0,'2024-10-11 00:09:42',NULL,3600,120.00,NULL,2),(1274,706,8,'End',0,'2024-10-11 00:10:12','AUTO',216000,120.00,NULL,999999),(1275,708,7,'Start',0,'2024-10-11 00:27:36',NULL,3600,120.00,NULL,2),(1276,707,6,'End',0,'2024-10-11 01:10:38','AUTO',216000,120.00,NULL,999999),(1277,709,6,'Start Free',0,'2024-10-11 01:12:13',NULL,0,0.00,'v',2),(1278,708,7,'End',0,'2024-10-11 01:28:33','AUTO',216000,120.00,NULL,999999),(1279,710,7,'Start',0,'2024-10-11 01:31:37',NULL,3600,120.00,NULL,2),(1280,711,7,'Pause',0,'2024-10-11 15:03:19',NULL,369,0.00,'Power interrupted',999999),(1281,710,7,'End',0,'2024-10-11 15:03:24','MANUAL',3969,120.00,NULL,2),(1282,712,7,'Start',1,'2024-10-11 15:03:32',NULL,15638,521.00,NULL,2),(1283,709,6,'End Free',0,'2024-10-11 15:03:38',NULL,49885,0.00,NULL,2),(1284,713,7,'Pause',0,'2024-10-11 16:10:12',NULL,3870,0.00,'Power interrupted',999999),(1285,714,7,'Resume',0,'2024-10-11 16:10:20',NULL,0,0.00,NULL,2),(1286,715,5,'Start',0,'2024-10-11 16:18:10',NULL,3600,120.00,NULL,2),(1287,716,8,'Start',0,'2024-10-11 16:19:40',NULL,3600,120.00,NULL,2),(1288,717,6,'Start',0,'2024-10-11 16:34:49',NULL,3600,120.00,NULL,2),(1289,718,6,'Extend',0,'2024-10-11 16:35:02',NULL,3600,120.00,NULL,2),(1290,719,7,'Pause',0,'2024-10-11 16:40:26',NULL,5633,0.00,'Power interrupted',999999),(1291,720,5,'Pause',0,'2024-10-11 16:40:26',NULL,2306,0.00,'Power interrupted',999999),(1292,721,8,'Pause',0,'2024-10-11 16:40:26',NULL,2392,0.00,'Power interrupted',999999),(1293,722,6,'Pause',0,'2024-10-11 16:40:26',NULL,6890,0.00,'Power interrupted',999999),(1294,723,7,'Pause',0,'2024-10-11 16:40:38',NULL,5639,0.00,'Power interrupted',999999),(1295,724,7,'Resume',0,'2024-10-11 16:40:35',NULL,0,0.00,NULL,2),(1296,725,7,'Resume',0,'2024-10-11 16:41:00',NULL,0,0.00,NULL,2),(1297,726,8,'Resume',0,'2024-10-11 16:41:03',NULL,0,0.00,NULL,2),(1298,727,6,'Resume',0,'2024-10-11 16:41:08',NULL,0,0.00,NULL,2),(1299,728,5,'Resume',0,'2024-10-11 16:41:12',NULL,0,0.00,NULL,2),(1300,715,5,'End',0,'2024-10-11 17:20:13','AUTO',354360,120.00,NULL,999999),(1301,729,5,'Start',0,'2024-10-11 17:20:46',NULL,3600,120.00,NULL,2),(1302,716,8,'End',0,'2024-10-11 17:21:25','AUTO',359520,120.00,NULL,999999),(1303,730,8,'Start',0,'2024-10-11 17:36:18',NULL,3600,120.00,NULL,2),(1304,729,5,'End',0,'2024-10-11 18:21:41','AUTO',216000,120.00,NULL,999999),(1305,731,5,'Start',0,'2024-10-11 18:22:34',NULL,3600,120.00,NULL,2),(1306,730,8,'End',0,'2024-10-11 18:37:03','AUTO',216000,120.00,NULL,999999),(1307,717,6,'End',0,'2024-10-11 18:37:44','AUTO',845400,240.00,NULL,999999),(1308,732,8,'Start',1,'2024-10-11 18:38:37',NULL,5157,171.00,NULL,2),(1309,733,6,'Start',0,'2024-10-11 18:39:47',NULL,3600,120.00,NULL,2),(1310,731,5,'End',0,'2024-10-11 19:23:28','AUTO',216000,120.00,NULL,999999),(1311,734,5,'Start',1,'2024-10-11 19:26:32',NULL,7530,251.00,NULL,2),(1312,712,7,'End',0,'2024-10-11 19:29:56','MANUAL',15638,521.00,NULL,2),(1313,735,7,'Start',1,'2024-10-11 19:30:33',NULL,762,25.00,NULL,2),(1314,733,6,'End',0,'2024-10-11 19:40:43','AUTO',216000,120.00,NULL,999999),(1315,736,6,'Start Free',0,'2024-10-11 19:41:44',NULL,0,0.00,'yssa',2),(1316,735,7,'End',0,'2024-10-11 19:43:26','MANUAL',762,25.00,NULL,2),(1317,737,7,'Start',0,'2024-10-11 19:44:27',NULL,3600,120.00,NULL,2),(1318,732,8,'End',0,'2024-10-11 20:05:37','MANUAL',5157,171.00,NULL,2),(1319,738,8,'Start',0,'2024-10-11 20:15:34',NULL,3600,120.00,NULL,2),(1320,736,6,'End Free',0,'2024-10-11 20:24:27',NULL,2563,0.00,NULL,2),(1321,739,6,'Start',0,'2024-10-11 20:24:33',NULL,3600,120.00,NULL,2),(1322,737,7,'End',0,'2024-10-11 20:47:02','MANUAL',3600,120.00,NULL,2),(1323,740,7,'Start',1,'2024-10-11 20:47:05',NULL,4405,146.00,NULL,2),(1324,738,8,'End',0,'2024-10-11 21:14:35','MANUAL',3600,120.00,NULL,2),(1325,741,8,'Start',0,'2024-10-11 21:17:50',NULL,3600,120.00,NULL,2),(1326,742,6,'Extend',0,'2024-10-11 21:24:26',NULL,3600,120.00,NULL,2),(1327,734,5,'End',0,'2024-10-11 21:33:54','MANUAL',7530,251.00,NULL,2),(1328,743,5,'Start',0,'2024-10-11 21:39:00',NULL,3600,120.00,NULL,2),(1329,740,7,'End',0,'2024-10-11 22:01:40','MANUAL',4405,146.00,NULL,2),(1330,744,7,'Start',0,'2024-10-11 22:02:52',NULL,3600,120.00,NULL,2),(1331,741,8,'End',0,'2024-10-11 22:18:38','AUTO',216000,120.00,NULL,999999),(1332,745,8,'Start',0,'2024-10-11 22:23:55',NULL,3600,120.00,NULL,2),(1333,739,6,'End',0,'2024-10-11 22:26:08','MANUAL',7200,240.00,NULL,2),(1334,746,6,'Start',0,'2024-10-11 22:28:06',NULL,3600,120.00,NULL,2),(1335,743,5,'End',0,'2024-10-11 22:39:55','AUTO',216000,120.00,NULL,999999),(1336,747,5,'Start',1,'2024-10-11 22:45:48',NULL,8565,285.00,NULL,2),(1337,744,7,'End',0,'2024-10-11 23:03:50','AUTO',216000,120.00,NULL,999999),(1338,745,8,'End',0,'2024-10-11 23:22:36','MANUAL',3600,120.00,NULL,2),(1339,748,8,'Start',0,'2024-10-11 23:22:44',NULL,3600,120.00,NULL,2),(1340,746,6,'End',0,'2024-10-11 23:29:02','AUTO',216000,120.00,NULL,999999),(1341,749,7,'Start',1,'2024-10-11 23:34:58',NULL,7046,234.00,NULL,2),(1342,750,6,'Start',0,'2024-10-11 23:49:02',NULL,3600,120.00,NULL,2),(1343,748,8,'End',0,'2024-10-12 00:23:30','AUTO',216000,120.00,NULL,999999),(1344,751,8,'Start',0,'2024-10-12 00:24:59',NULL,3600,120.00,NULL,2),(1345,752,8,'Extend',0,'2024-10-12 00:25:03',NULL,3600,120.00,NULL,2),(1346,750,6,'End',0,'2024-10-12 00:49:58','AUTO',216000,120.00,NULL,999999),(1347,753,6,'Start',0,'2024-10-12 00:50:29',NULL,3600,120.00,NULL,2),(1348,747,5,'End',0,'2024-10-12 01:10:41','MANUAL',8565,285.00,NULL,2),(1349,754,5,'Start',0,'2024-10-12 01:11:02',NULL,3600,120.00,NULL,2),(1350,755,5,'Extend',0,'2024-10-12 01:11:23',NULL,1800,60.00,NULL,2),(1351,749,7,'End',0,'2024-10-12 01:34:16','MANUAL',7046,234.00,NULL,2),(1352,756,7,'Start',0,'2024-10-12 01:38:44',NULL,3600,120.00,NULL,2),(1353,753,6,'End',0,'2024-10-12 01:51:25','AUTO',216000,120.00,NULL,999999),(1354,757,6,'Start',0,'2024-10-12 02:02:32',NULL,3600,120.00,NULL,2),(1355,751,8,'End',0,'2024-10-12 02:26:29','AUTO',432000,240.00,NULL,999999),(1356,758,8,'Start Free',0,'2024-10-12 02:28:16',NULL,0,0.00,'Ma\'am Janice',2),(1357,756,7,'End',0,'2024-10-12 02:39:41','AUTO',216000,120.00,NULL,999999),(1358,754,5,'End',0,'2024-10-12 02:42:23','AUTO',324000,180.00,NULL,999999),(1359,757,6,'End',0,'2024-10-12 03:03:28','AUTO',216000,120.00,NULL,999999),(1360,759,7,'Start Free',0,'2024-10-12 15:05:57',NULL,0,0.00,'yssa',2),(1361,760,7,'Start Free',0,'2024-10-12 15:06:03',NULL,0,0.00,'yssa',2),(1362,761,7,'Start Free',0,'2024-10-12 15:06:01',NULL,0,0.00,'yssa',2),(1363,762,7,'Start Free',0,'2024-10-12 15:05:58',NULL,0,0.00,'yssa',2),(1364,763,7,'Start Free',0,'2024-10-12 15:05:56',NULL,0,0.00,'yssa',2),(1365,764,6,'Start Free',0,'2024-10-12 15:06:13',NULL,0,0.00,'yssa',2),(1366,758,8,'End Free',0,'2024-10-12 15:06:17',NULL,45481,0.00,NULL,2),(1367,765,8,'Start',0,'2024-10-12 15:06:30',NULL,3600,120.00,NULL,2),(1368,765,8,'End',0,'2024-10-12 15:19:38','MANUAL',3600,120.00,NULL,2),(1369,766,5,'Start',1,'2024-10-12 15:20:34',NULL,5119,170.00,NULL,2),(1370,767,8,'Start',0,'2024-10-12 15:26:58',NULL,3600,120.00,NULL,2),(1371,767,8,'End',0,'2024-10-12 16:27:44','AUTO',216000,120.00,NULL,999999),(1372,768,8,'Start',0,'2024-10-12 16:30:35',NULL,3600,120.00,NULL,2),(1373,764,6,'End Free',0,'2024-10-12 16:45:57',NULL,5984,0.00,NULL,2),(1374,769,6,'Start',1,'2024-10-12 16:46:01',NULL,5942,198.00,NULL,2),(1375,766,5,'End',0,'2024-10-12 16:47:10','MANUAL',5119,170.00,NULL,2),(1376,770,5,'Start',0,'2024-10-12 17:19:17',NULL,3600,120.00,NULL,2),(1377,768,8,'End',0,'2024-10-12 17:31:20','AUTO',216000,120.00,NULL,999999),(1378,771,8,'Start',0,'2024-10-12 17:32:47',NULL,3600,120.00,NULL,2),(1379,763,7,'End Free',0,'2024-10-12 17:38:05',NULL,9129,0.00,NULL,2),(1380,772,7,'Start',0,'2024-10-12 17:39:58',NULL,3600,120.00,NULL,2),(1381,773,5,'Extend',0,'2024-10-12 18:16:06',NULL,3600,120.00,NULL,2),(1382,769,6,'End',0,'2024-10-12 18:26:34','MANUAL',5942,198.00,NULL,2),(1383,774,6,'Start',0,'2024-10-12 18:30:01',NULL,3600,120.00,NULL,2),(1384,771,8,'End',0,'2024-10-12 18:33:06','MANUAL',3600,120.00,NULL,2),(1385,775,8,'Start',0,'2024-10-12 18:34:12',NULL,3600,120.00,NULL,2),(1386,772,7,'End',0,'2024-10-12 18:40:56','AUTO',216000,120.00,NULL,999999),(1387,776,7,'Start',0,'2024-10-12 18:48:01',NULL,3600,120.00,NULL,2),(1388,770,5,'End',0,'2024-10-12 19:21:05','AUTO',432000,240.00,NULL,999999),(1389,776,7,'End',0,'2024-10-12 19:24:46','MANUAL',3600,120.00,NULL,2),(1390,777,7,'Start',0,'2024-10-12 19:25:29',NULL,3600,120.00,NULL,2),(1391,774,6,'End',0,'2024-10-12 19:30:20','MANUAL',3600,120.00,NULL,2),(1392,778,6,'Start',0,'2024-10-12 19:31:14',NULL,3600,120.00,NULL,2),(1393,775,8,'End',0,'2024-10-12 19:34:57','AUTO',216000,120.00,NULL,999999),(1394,779,8,'Start',0,'2024-10-12 19:35:44',NULL,3600,120.00,NULL,2),(1395,780,5,'Start',0,'2024-10-12 19:45:26',NULL,3600,120.00,NULL,2),(1396,777,7,'End',0,'2024-10-12 20:26:27','AUTO',216000,120.00,NULL,999999),(1397,778,6,'End',0,'2024-10-12 20:32:10','AUTO',216000,120.00,NULL,999999),(1398,779,8,'End',0,'2024-10-12 20:36:29','AUTO',216000,120.00,NULL,999999),(1399,780,5,'End',0,'2024-10-12 20:42:07','MANUAL',3600,120.00,NULL,2),(1400,781,5,'Start',1,'2024-10-12 20:42:15',NULL,3798,126.00,NULL,2),(1401,782,6,'Start',0,'2024-10-12 21:36:08',NULL,3600,120.00,NULL,2),(1402,783,8,'Start',0,'2024-10-12 21:36:40',NULL,3600,120.00,NULL,2),(1403,781,5,'End',0,'2024-10-12 21:46:29','MANUAL',3798,126.00,NULL,2),(1404,784,7,'Start',1,'2024-10-12 22:08:15',NULL,14268,475.00,NULL,2),(1405,785,5,'Start',0,'2024-10-12 22:23:01',NULL,3600,120.00,NULL,2),(1406,782,6,'End',0,'2024-10-12 22:37:04','AUTO',216000,120.00,NULL,999999),(1407,783,8,'End',0,'2024-10-12 22:37:25','AUTO',216000,120.00,NULL,999999),(1408,786,6,'Start',1,'2024-10-12 22:38:26',NULL,6161,205.00,NULL,2),(1409,787,8,'Start',0,'2024-10-12 22:39:45',NULL,3600,120.00,NULL,2),(1410,785,5,'End',0,'2024-10-12 23:23:55','AUTO',216000,120.00,NULL,999999),(1411,788,5,'Start',0,'2024-10-12 23:27:48',NULL,3600,120.00,NULL,2),(1412,787,8,'End',0,'2024-10-12 23:40:30','AUTO',216000,120.00,NULL,999999),(1413,789,8,'Start',0,'2024-10-12 23:48:53',NULL,3600,120.00,NULL,2),(1414,786,6,'End',0,'2024-10-13 00:22:42','MANUAL',6161,205.00,NULL,2),(1415,790,6,'Start',0,'2024-10-13 00:22:56',NULL,3600,120.00,NULL,2),(1416,788,5,'End',0,'2024-10-13 00:28:43','AUTO',216000,120.00,NULL,999999),(1417,791,5,'Start',0,'2024-10-13 00:33:04',NULL,3600,120.00,NULL,2),(1418,789,8,'End',0,'2024-10-13 00:49:39','AUTO',216000,120.00,NULL,999999),(1419,792,8,'Start',0,'2024-10-13 00:52:10',NULL,3600,120.00,NULL,2),(1420,791,5,'End',0,'2024-10-13 01:18:02','MANUAL',3600,120.00,NULL,2),(1421,790,6,'End',0,'2024-10-13 01:23:33','MANUAL',3600,120.00,NULL,2),(1422,793,6,'Start',0,'2024-10-13 01:25:35',NULL,3600,120.00,NULL,2),(1423,792,8,'End',0,'2024-10-13 01:52:56','AUTO',216000,120.00,NULL,999999),(1424,784,7,'End',0,'2024-10-13 02:09:49','MANUAL',14268,475.00,NULL,2),(1425,793,6,'End',0,'2024-10-13 02:17:25','MANUAL',3600,120.00,NULL,2),(1426,794,6,'Start Free',0,'2024-10-13 02:17:40',NULL,0,0.00,'Employee',2),(1427,794,6,'End Free',0,'2024-10-13 17:07:54',NULL,53414,0.00,NULL,2),(1428,795,7,'Start',0,'2024-10-13 17:42:53',NULL,3600,120.00,NULL,2),(1429,796,6,'Start',1,'2024-10-13 18:20:00',NULL,10480,349.00,NULL,2),(1430,797,8,'Start',1,'2024-10-13 18:38:40',NULL,9460,315.00,NULL,2),(1431,795,7,'End',0,'2024-10-13 18:43:51','AUTO',216000,120.00,NULL,999999),(1432,798,7,'Start',1,'2024-10-13 19:09:21',NULL,3542,118.00,NULL,2),(1433,799,5,'Start',0,'2024-10-13 19:18:23',NULL,3600,120.00,NULL,2),(1434,799,5,'End',0,'2024-10-13 20:09:13','MANUAL',3600,120.00,NULL,2),(1435,798,7,'End',0,'2024-10-13 20:09:19','MANUAL',3542,118.00,NULL,2),(1436,800,7,'Start',0,'2024-10-13 20:10:46',NULL,3600,120.00,NULL,2),(1437,801,7,'Extend',0,'2024-10-13 20:10:49',NULL,3600,120.00,NULL,2),(1438,802,5,'Start',0,'2024-10-13 20:27:02',NULL,3600,120.00,NULL,2),(1439,796,6,'End',0,'2024-10-13 21:17:20','MANUAL',10480,349.00,NULL,2),(1440,797,8,'End',0,'2024-10-13 21:18:18','MANUAL',9460,315.00,NULL,2),(1441,803,6,'Start',0,'2024-10-13 21:20:22',NULL,3600,120.00,NULL,2),(1442,804,8,'Start',0,'2024-10-13 21:21:50',NULL,3600,120.00,NULL,2),(1443,802,5,'End',0,'2024-10-13 21:27:24','MANUAL',3600,120.00,NULL,2),(1444,805,5,'Start',0,'2024-10-13 21:30:50',NULL,3600,120.00,NULL,2),(1445,806,7,'Extend',0,'2024-10-13 22:03:00',NULL,3600,120.00,NULL,2),(1446,807,8,'Extend',0,'2024-10-13 22:15:56',NULL,3600,120.00,NULL,2),(1447,803,6,'End',0,'2024-10-13 22:20:13','MANUAL',3600,120.00,NULL,2),(1448,808,6,'Start',1,'2024-10-13 22:21:45',NULL,7586,252.00,NULL,2),(1449,805,5,'End',0,'2024-10-13 22:30:31','MANUAL',3600,120.00,NULL,2),(1450,809,5,'Start',1,'2024-10-13 22:32:55',NULL,5053,168.00,NULL,2),(1451,810,7,'Extend',0,'2024-10-13 23:02:31',NULL,3600,120.00,NULL,2),(1452,804,8,'End',0,'2024-10-13 23:19:30','MANUAL',7200,240.00,NULL,2),(1453,811,8,'Start',0,'2024-10-13 23:19:35',NULL,3600,120.00,NULL,2),(1454,809,5,'End',0,'2024-10-13 23:58:25','MANUAL',5053,168.00,NULL,2),(1455,812,5,'Start',0,'2024-10-14 00:02:57',NULL,3600,120.00,NULL,2),(1456,813,5,'Extend',0,'2024-10-14 00:03:07',NULL,3600,120.00,NULL,2),(1457,800,7,'End',0,'2024-10-14 00:14:15','MANUAL',14400,480.00,NULL,2),(1458,811,8,'End',0,'2024-10-14 00:20:24','AUTO',216000,120.00,NULL,999999),(1459,808,6,'End',0,'2024-10-14 00:30:07','MANUAL',7586,252.00,NULL,2),(1460,814,7,'Start',0,'2024-10-14 00:30:24',NULL,3600,120.00,NULL,2),(1461,815,6,'Start Free',0,'2024-10-14 00:56:47',NULL,0,0.00,'waiter',2),(1462,814,7,'End',0,'2024-10-14 01:31:26','AUTO',216000,120.00,NULL,999999),(1463,812,5,'End',0,'2024-10-14 02:04:45','AUTO',432000,240.00,NULL,999999),(1464,815,6,'End Free',0,'2024-10-14 14:49:16',NULL,49949,0.00,NULL,2),(1465,816,8,'Start',0,'2024-10-14 15:23:24',NULL,3600,120.00,NULL,2),(1466,817,6,'Start',0,'2024-10-14 15:37:09',NULL,3600,120.00,NULL,2),(1467,816,8,'End',0,'2024-10-14 16:24:12','AUTO',216000,120.00,NULL,999999),(1468,818,7,'Start',0,'2024-10-14 16:29:43',NULL,3600,120.00,NULL,2),(1469,817,6,'End',0,'2024-10-14 16:38:05','AUTO',216000,120.00,NULL,999999),(1470,819,6,'Start',1,'2024-10-14 16:38:55',NULL,3007,100.00,NULL,2),(1471,820,8,'Start',1,'2024-10-14 16:46:58',NULL,4100,136.00,NULL,2),(1472,819,6,'End',0,'2024-10-14 17:29:47','MANUAL',3007,100.00,NULL,2),(1473,818,7,'End',0,'2024-10-14 17:30:41','AUTO',216000,120.00,NULL,999999),(1474,820,8,'End',0,'2024-10-14 17:56:08','MANUAL',4100,136.00,NULL,2),(1475,821,7,'Start',1,'2024-10-14 18:04:40',NULL,16760,558.00,NULL,2),(1476,822,6,'Start',0,'2024-10-14 20:05:13',NULL,3600,120.00,NULL,2),(1477,823,8,'Start',0,'2024-10-14 20:52:23',NULL,3600,120.00,NULL,2),(1478,822,6,'End',0,'2024-10-14 21:06:09','AUTO',216000,120.00,NULL,999999),(1479,824,6,'Start',0,'2024-10-14 21:07:42',NULL,3600,120.00,NULL,2),(1480,825,6,'Extend',0,'2024-10-14 21:07:46',NULL,3600,120.00,NULL,2),(1481,826,5,'Start',1,'2024-10-14 21:19:56',NULL,4092,136.00,NULL,2),(1482,823,8,'End',0,'2024-10-14 21:51:47','MANUAL',3600,120.00,NULL,2),(1483,827,8,'Start',1,'2024-10-14 21:52:20',NULL,1906,63.00,NULL,2),(1484,827,8,'End',0,'2024-10-14 22:24:29','MANUAL',1906,63.00,NULL,2),(1485,828,8,'Start',0,'2024-10-14 22:25:18',NULL,3600,120.00,NULL,2),(1486,826,5,'End',0,'2024-10-14 22:29:09','MANUAL',4092,136.00,NULL,2),(1487,829,5,'Start',0,'2024-10-14 22:32:46',NULL,3600,120.00,NULL,2),(1488,821,7,'End',0,'2024-10-14 22:48:26','MANUAL',16760,558.00,NULL,2),(1489,830,7,'Start',1,'2024-10-14 22:49:57',NULL,7717,257.00,NULL,2),(1490,828,8,'End',0,'2024-10-14 22:50:20','MANUAL',3600,120.00,NULL,2),(1491,831,8,'Start',0,'2024-10-14 22:52:47',NULL,3600,120.00,NULL,2),(1492,824,6,'End',0,'2024-10-14 23:09:33','AUTO',432000,240.00,NULL,999999),(1493,832,6,'Start',0,'2024-10-14 23:12:18',NULL,3600,120.00,NULL,2),(1494,829,5,'End',0,'2024-10-14 23:28:24','MANUAL',3600,120.00,NULL,2),(1495,833,5,'Start',0,'2024-10-14 23:31:11',NULL,3600,120.00,NULL,2),(1496,831,8,'End',0,'2024-10-14 23:53:32','AUTO',216000,120.00,NULL,999999),(1497,834,8,'Start',0,'2024-10-14 23:55:46',NULL,3600,120.00,NULL,2),(1498,832,6,'End',0,'2024-10-15 00:13:14','AUTO',216000,120.00,NULL,999999),(1499,835,6,'Start',0,'2024-10-15 00:15:28',NULL,3600,120.00,NULL,2),(1500,836,5,'Extend',0,'2024-10-15 00:21:21',NULL,3600,120.00,NULL,2),(1501,834,8,'End',0,'2024-10-15 00:43:58','MANUAL',3600,120.00,NULL,2),(1502,837,8,'Start',0,'2024-10-15 00:45:17',NULL,3600,120.00,NULL,2),(1503,838,8,'Extend',0,'2024-10-15 00:45:22',NULL,3600,120.00,NULL,2),(1504,830,7,'End',0,'2024-10-15 01:00:37','MANUAL',7717,257.00,NULL,2),(1505,839,7,'Start',0,'2024-10-15 01:04:48',NULL,3600,120.00,NULL,2),(1506,835,6,'End',0,'2024-10-15 01:16:23','AUTO',216000,120.00,NULL,999999),(1507,840,6,'Start Free',0,'2024-10-15 01:17:38',NULL,0,0.00,'Ma\'am Janice',2),(1508,833,5,'End',0,'2024-10-15 01:32:59','AUTO',432000,240.00,NULL,999999),(1509,839,7,'End',0,'2024-10-15 02:05:46','AUTO',216000,120.00,NULL,999999),(1510,841,8,'Pause',0,'2024-10-15 15:18:58',NULL,1442,0.00,'Power interrupted',999999),(1511,840,6,'End Free',0,'2024-10-15 15:19:11',NULL,50493,0.00,NULL,2),(1512,837,8,'End',0,'2024-10-15 15:19:21','MANUAL',8642,240.00,NULL,2),(1513,842,7,'Start',0,'2024-10-15 15:58:26',NULL,3600,120.00,NULL,2),(1514,843,6,'Start',0,'2024-10-15 16:36:03',NULL,3600,120.00,NULL,2),(1515,842,7,'End',0,'2024-10-15 16:59:24','AUTO',216000,120.00,NULL,999999),(1516,844,8,'Start',1,'2024-10-15 17:15:52',NULL,6345,211.00,NULL,2),(1517,845,7,'Start',0,'2024-10-15 17:17:47',NULL,3600,120.00,NULL,2),(1518,846,5,'Start',0,'2024-10-15 17:32:27',NULL,3600,120.00,NULL,2),(1519,843,6,'End',0,'2024-10-15 17:36:59','AUTO',216000,120.00,NULL,999999),(1520,847,6,'Start',0,'2024-10-15 17:39:27',NULL,3600,120.00,NULL,2),(1521,845,7,'End',0,'2024-10-15 18:18:45','AUTO',216000,120.00,NULL,999999),(1522,848,7,'Start',0,'2024-10-15 18:24:40',NULL,3600,120.00,NULL,2),(1523,846,5,'End',0,'2024-10-15 18:33:21','AUTO',216000,120.00,NULL,999999),(1524,849,5,'Start',1,'2024-10-15 18:33:52',NULL,10903,363.00,NULL,2),(1525,847,6,'End',0,'2024-10-15 18:40:23','AUTO',216000,120.00,NULL,999999),(1526,850,6,'Start',0,'2024-10-15 18:45:38',NULL,3600,120.00,NULL,2),(1527,844,8,'End',0,'2024-10-15 19:02:55','MANUAL',6345,211.00,NULL,2),(1528,848,7,'End',0,'2024-10-15 19:25:38','AUTO',216000,120.00,NULL,999999),(1529,851,8,'Start',0,'2024-10-15 19:29:11',NULL,3600,120.00,NULL,2),(1530,852,7,'Start',0,'2024-10-15 19:44:58',NULL,3600,120.00,NULL,2),(1531,850,6,'End',0,'2024-10-15 19:46:34','AUTO',216000,120.00,NULL,999999),(1532,853,6,'Start',0,'2024-10-15 19:49:25',NULL,3600,120.00,NULL,2),(1533,851,8,'End',0,'2024-10-15 20:29:57','AUTO',216000,120.00,NULL,999999),(1534,854,8,'Start',0,'2024-10-15 20:32:48',NULL,3600,120.00,NULL,2),(1535,853,6,'End',0,'2024-10-15 20:42:26','MANUAL',3600,120.00,NULL,2),(1536,855,6,'Start',0,'2024-10-15 20:43:04',NULL,3600,120.00,NULL,2),(1537,852,7,'End',0,'2024-10-15 20:45:56','AUTO',216000,120.00,NULL,999999),(1538,856,7,'Start',0,'2024-10-15 20:48:59',NULL,3600,120.00,NULL,2),(1539,854,8,'End',0,'2024-10-15 21:31:59','MANUAL',3600,120.00,NULL,2),(1540,857,8,'Start',0,'2024-10-15 21:32:31',NULL,3600,120.00,NULL,2),(1541,849,5,'End',0,'2024-10-15 21:38:18','MANUAL',10903,363.00,NULL,2),(1542,858,5,'Start',1,'2024-10-15 21:39:17',NULL,8980,299.00,NULL,2),(1543,855,6,'End',0,'2024-10-15 21:43:36','MANUAL',3600,120.00,NULL,2),(1544,859,6,'Start',0,'2024-10-15 21:43:55',NULL,3600,120.00,NULL,2),(1545,856,7,'End',0,'2024-10-15 21:47:31','MANUAL',3600,120.00,NULL,2),(1546,860,7,'Start',0,'2024-10-15 21:48:49',NULL,3600,120.00,NULL,2),(1547,857,8,'End',0,'2024-10-15 22:33:17','AUTO',216000,120.00,NULL,999999),(1548,861,8,'Start',0,'2024-10-15 22:34:28',NULL,3600,120.00,NULL,2),(1549,859,6,'End',0,'2024-10-15 22:44:38','MANUAL',3600,120.00,NULL,2),(1550,862,6,'Start',0,'2024-10-15 22:45:04',NULL,3600,120.00,NULL,2),(1551,860,7,'End',0,'2024-10-15 22:49:47','AUTO',216000,120.00,NULL,999999),(1552,863,7,'Start',0,'2024-10-15 22:51:08',NULL,3600,120.00,NULL,2),(1553,861,8,'End',0,'2024-10-15 23:35:13','AUTO',216000,120.00,NULL,999999),(1554,864,8,'Start',0,'2024-10-15 23:35:47',NULL,3600,120.00,NULL,2),(1555,862,6,'End',0,'2024-10-15 23:45:34','MANUAL',3600,120.00,NULL,2),(1556,865,6,'Start',1,'2024-10-15 23:45:55',NULL,7454,248.00,NULL,2),(1557,863,7,'End',0,'2024-10-15 23:51:24','MANUAL',3600,120.00,NULL,2),(1558,866,7,'Start',0,'2024-10-15 23:51:58',NULL,3600,120.00,NULL,2),(1559,858,5,'End',0,'2024-10-16 00:11:11','MANUAL',8980,299.00,NULL,2),(1560,867,5,'Start',0,'2024-10-16 00:14:18',NULL,3600,120.00,NULL,2),(1561,864,8,'End',0,'2024-10-16 00:36:33','AUTO',216000,120.00,NULL,999999),(1562,868,8,'Start',0,'2024-10-16 00:38:58',NULL,3600,120.00,NULL,2),(1563,869,7,'Extend',0,'2024-10-16 00:39:56',NULL,3600,120.00,NULL,2),(1564,870,8,'Extend',0,'2024-10-16 01:00:22',NULL,1800,60.00,NULL,2),(1565,867,5,'End',0,'2024-10-16 01:15:12','AUTO',216000,120.00,NULL,999999),(1566,871,5,'Start Free',0,'2024-10-16 01:18:31',NULL,0,0.00,'waiter',2),(1567,865,6,'End',0,'2024-10-16 01:52:03','MANUAL',7454,248.00,NULL,2),(1568,866,7,'End',0,'2024-10-16 01:53:54','AUTO',432000,240.00,NULL,999999),(1569,868,8,'End',0,'2024-10-16 02:10:06','AUTO',324000,180.00,NULL,999999),(1570,872,6,'Start',0,'2024-10-16 16:32:13',NULL,3600,120.00,NULL,2),(1571,873,7,'Start',0,'2024-10-16 16:32:27',NULL,3600,120.00,NULL,2),(1572,874,6,'Pause',0,'2024-10-16 16:32:41',NULL,3600,0.00,'Power interrupted',999999),(1573,875,8,'Start',0,'2024-10-16 16:32:39',NULL,3600,120.00,NULL,2),(1574,876,6,'Resume',0,'2024-10-16 16:32:59',NULL,0,0.00,NULL,2),(1575,877,7,'Pause',0,'2024-10-16 16:33:15',NULL,3600,0.00,'Power interrupted',999999),(1576,878,7,'Resume',0,'2024-10-16 16:33:21',NULL,0,0.00,NULL,2),(1577,871,5,'End Free',0,'2024-10-16 16:33:28',NULL,54897,0.00,NULL,2),(1578,879,8,'Pause',0,'2024-10-16 17:03:48',NULL,1731,0.00,NULL,2),(1579,875,8,'End',0,'2024-10-16 17:03:51','MANUAL',5331,120.00,NULL,2),(1580,880,5,'Start',1,'2024-10-16 17:20:34',NULL,5513,183.00,NULL,2),(1581,881,6,'Extend',0,'2024-10-16 17:26:45',NULL,3600,120.00,NULL,2),(1582,873,7,'End',0,'2024-10-16 17:28:23','MANUAL',7200,120.00,NULL,2),(1583,882,7,'Start',0,'2024-10-16 17:29:13',NULL,3600,120.00,NULL,2),(1584,882,7,'End',0,'2024-10-16 18:30:11','AUTO',216000,120.00,NULL,999999),(1585,872,6,'End',0,'2024-10-16 18:33:36','MANUAL',10800,240.00,NULL,2),(1586,883,8,'Start',0,'2024-10-16 18:40:54',NULL,3600,120.00,NULL,2),(1587,884,8,'Extend',0,'2024-10-16 18:40:58',NULL,3600,120.00,NULL,2),(1588,880,5,'End',0,'2024-10-16 18:53:49','MANUAL',5513,183.00,NULL,2),(1589,885,6,'Start',0,'2024-10-16 19:17:17',NULL,3600,120.00,NULL,2),(1590,886,7,'Start',0,'2024-10-16 19:53:23',NULL,3600,120.00,NULL,2),(1591,885,6,'End',0,'2024-10-16 20:18:13','AUTO',216000,120.00,NULL,999999),(1592,887,6,'Start',0,'2024-10-16 20:19:13',NULL,3600,120.00,NULL,2),(1593,888,5,'Start',0,'2024-10-16 20:28:55',NULL,3600,120.00,NULL,2),(1594,883,8,'End',0,'2024-10-16 20:42:24','AUTO',432000,240.00,NULL,999999),(1595,889,8,'Start',0,'2024-10-16 20:47:13',NULL,3600,120.00,NULL,2),(1596,886,7,'End',0,'2024-10-16 20:53:39','MANUAL',3600,120.00,NULL,2),(1597,887,6,'End',0,'2024-10-16 21:20:09','AUTO',216000,120.00,NULL,999999),(1598,890,6,'Start',0,'2024-10-16 21:20:57',NULL,3600,120.00,NULL,2),(1599,888,5,'End',0,'2024-10-16 21:29:53','AUTO',216000,120.00,NULL,999999),(1600,891,7,'Start',0,'2024-10-16 21:31:22',NULL,3600,120.00,NULL,2),(1601,892,5,'Start',0,'2024-10-16 21:32:46',NULL,3600,120.00,NULL,2),(1602,889,8,'End',0,'2024-10-16 21:42:53','MANUAL',3600,120.00,NULL,2),(1603,893,8,'Start',0,'2024-10-16 21:45:04',NULL,3600,120.00,NULL,2),(1604,890,6,'End',0,'2024-10-16 22:21:54','AUTO',216000,120.00,NULL,999999),(1605,894,6,'Start',0,'2024-10-16 22:29:19',NULL,3600,120.00,NULL,2),(1606,895,6,'Pause',0,'2024-10-16 22:32:00',NULL,3439,0.00,NULL,2),(1607,891,7,'End',0,'2024-10-16 22:32:21','AUTO',216000,120.00,NULL,999999),(1608,896,6,'Resume',0,'2024-10-16 22:33:13',NULL,0,0.00,NULL,2),(1609,892,5,'End',0,'2024-10-16 22:33:40','AUTO',216000,120.00,NULL,999999),(1610,893,8,'End',0,'2024-10-16 22:45:50','AUTO',216000,120.00,NULL,999999),(1611,897,7,'Start',0,'2024-10-16 22:47:17',NULL,3600,120.00,NULL,2),(1612,898,8,'Start',0,'2024-10-16 23:24:00',NULL,3600,120.00,NULL,2),(1613,899,5,'Start',0,'2024-10-16 23:31:16',NULL,3600,120.00,NULL,2),(1614,894,6,'End',0,'2024-10-16 23:31:27','AUTO',422340,120.00,NULL,999999),(1615,900,6,'Start',0,'2024-10-16 23:41:39',NULL,3600,120.00,NULL,2),(1616,897,7,'End',0,'2024-10-16 23:44:06','MANUAL',3600,120.00,NULL,2),(1617,901,7,'Start',0,'2024-10-16 23:46:59',NULL,3600,120.00,NULL,2),(1618,902,5,'Extend',0,'2024-10-17 00:21:52',NULL,3600,120.00,NULL,2),(1619,898,8,'End',0,'2024-10-17 00:24:46','AUTO',216000,120.00,NULL,999999),(1620,903,8,'Start',0,'2024-10-17 00:26:54',NULL,3600,120.00,NULL,2),(1621,900,6,'End',0,'2024-10-17 00:42:35','AUTO',216000,120.00,NULL,999999),(1622,901,7,'End',0,'2024-10-17 00:47:57','AUTO',216000,120.00,NULL,999999),(1623,904,7,'Start',0,'2024-10-17 01:04:00',NULL,3600,120.00,NULL,2),(1624,905,6,'Start',0,'2024-10-17 01:07:01',NULL,3600,120.00,NULL,2),(1625,903,8,'End',0,'2024-10-17 01:27:39','AUTO',216000,120.00,NULL,999999),(1626,906,8,'Start Free',0,'2024-10-17 01:31:34',NULL,0,0.00,'Ma\'am Janice',2),(1627,899,5,'End',0,'2024-10-17 01:33:04','AUTO',432000,240.00,NULL,999999),(1628,904,7,'End',0,'2024-10-17 02:02:28','MANUAL',3600,120.00,NULL,2),(1629,905,6,'End',0,'2024-10-17 02:07:58','AUTO',216000,120.00,NULL,999999),(1630,906,8,'End Free',0,'2024-10-17 15:20:14',NULL,49720,0.00,NULL,2),(1631,907,5,'Start',0,'2024-10-17 15:25:08',NULL,3600,120.00,NULL,2),(1632,908,7,'Start',0,'2024-10-17 16:23:55',NULL,3600,120.00,NULL,2),(1633,907,5,'End',0,'2024-10-17 16:25:36','MANUAL',3600,120.00,NULL,2),(1634,909,8,'Start',0,'2024-10-17 16:48:09',NULL,3600,120.00,NULL,2),(1635,910,6,'Start',0,'2024-10-17 16:49:30',NULL,3600,120.00,NULL,2),(1636,911,5,'Start',0,'2024-10-17 16:53:14',NULL,3600,120.00,NULL,2),(1637,912,5,'Extend',0,'2024-10-17 16:53:21',NULL,3600,120.00,NULL,2),(1638,913,7,'Pause',0,'2024-10-17 17:20:19',NULL,276,0.00,'Power interrupted',999999),(1639,914,7,'Extend',0,'2024-10-17 17:20:40',NULL,3600,120.00,NULL,2),(1640,915,7,'Resume',0,'2024-10-17 17:21:03',NULL,0,0.00,NULL,2),(1641,908,7,'End',0,'2024-10-17 17:21:16','MANUAL',7476,240.00,NULL,2),(1642,916,7,'Start',1,'2024-10-17 17:24:16',NULL,13677,455.00,NULL,2),(1643,909,8,'End',0,'2024-10-17 17:48:55','AUTO',216000,120.00,NULL,999999),(1644,910,6,'End',0,'2024-10-17 17:50:26','AUTO',216000,120.00,NULL,999999),(1645,917,6,'Start',0,'2024-10-17 17:53:25',NULL,3600,120.00,NULL,2),(1646,918,8,'Start',0,'2024-10-17 18:05:34',NULL,3600,120.00,NULL,2),(1647,917,6,'End',0,'2024-10-17 18:54:20','AUTO',216000,120.00,NULL,999999),(1648,911,5,'End',0,'2024-10-17 18:55:02','AUTO',432000,240.00,NULL,999999),(1649,919,5,'Start',0,'2024-10-17 18:58:22',NULL,3600,120.00,NULL,2),(1650,920,6,'Start',0,'2024-10-17 18:58:27',NULL,3600,120.00,NULL,2),(1651,918,8,'End',0,'2024-10-17 19:06:15','MANUAL',3600,120.00,NULL,2),(1652,921,8,'Start',0,'2024-10-17 19:07:53',NULL,3600,120.00,NULL,2),(1653,922,5,'Extend',0,'2024-10-17 19:43:55',NULL,3600,120.00,NULL,2),(1654,920,6,'End',0,'2024-10-17 19:55:01','MANUAL',3600,120.00,NULL,2),(1655,923,6,'Start',1,'2024-10-17 19:55:42',NULL,3245,108.00,NULL,2),(1656,921,8,'End',0,'2024-10-17 20:06:37','MANUAL',3600,120.00,NULL,2),(1657,924,8,'Start',0,'2024-10-17 20:24:34',NULL,3600,120.00,NULL,2),(1658,923,6,'End',0,'2024-10-17 20:50:37','MANUAL',3245,108.00,NULL,2),(1659,925,6,'Start',1,'2024-10-17 20:55:06',NULL,2405,80.00,NULL,2),(1660,919,5,'End',0,'2024-10-17 21:00:11','AUTO',432000,240.00,NULL,999999),(1661,926,5,'Start',0,'2024-10-17 21:04:55',NULL,3600,120.00,NULL,2),(1662,916,7,'End',0,'2024-10-17 21:15:51','MANUAL',13677,455.00,NULL,2),(1663,927,7,'Start',1,'2024-10-17 21:17:16',NULL,9974,332.00,NULL,2),(1664,924,8,'End',0,'2024-10-17 21:25:19','AUTO',216000,120.00,NULL,999999),(1665,926,5,'End',0,'2024-10-17 21:35:29','MANUAL',3600,120.00,NULL,2),(1666,928,8,'Start',1,'2024-10-17 21:35:33',NULL,6384,212.00,NULL,2),(1667,925,6,'End',0,'2024-10-17 21:35:48','MANUAL',2405,80.00,NULL,2),(1668,929,5,'Start',0,'2024-10-17 21:37:37',NULL,3600,120.00,NULL,2),(1669,930,6,'Start',0,'2024-10-17 21:45:47',NULL,3600,120.00,NULL,2),(1670,929,5,'End',0,'2024-10-17 22:29:55','MANUAL',3600,120.00,NULL,2),(1671,931,5,'Start',0,'2024-10-17 22:31:50',NULL,3600,120.00,NULL,2),(1672,930,6,'End',0,'2024-10-17 22:46:43','AUTO',216000,120.00,NULL,999999),(1673,932,6,'Start',0,'2024-10-17 22:48:20',NULL,3600,120.00,NULL,2),(1674,928,8,'End',0,'2024-10-17 23:23:15','MANUAL',6384,212.00,NULL,2),(1675,931,5,'End',0,'2024-10-17 23:32:48','AUTO',216000,120.00,NULL,999999),(1676,933,8,'Start',0,'2024-10-17 23:34:04',NULL,3600,120.00,NULL,2),(1677,932,6,'End',0,'2024-10-17 23:49:17','AUTO',216000,120.00,NULL,999999),(1678,934,6,'Start',0,'2024-10-17 23:51:44',NULL,3600,120.00,NULL,2),(1679,927,7,'End',0,'2024-10-18 00:06:08','MANUAL',9974,332.00,NULL,2),(1680,935,7,'Start',0,'2024-10-18 00:08:37',NULL,3600,120.00,NULL,2),(1681,935,7,'End',0,'2024-10-18 00:11:50','MANUAL',3600,120.00,NULL,2),(1682,936,7,'Start',0,'2024-10-18 00:17:09',NULL,3600,120.00,NULL,2),(1683,933,8,'End',0,'2024-10-18 00:34:50','AUTO',216000,120.00,NULL,999999),(1684,934,6,'End',0,'2024-10-18 00:52:39','MANUAL',3600,120.00,NULL,2),(1685,936,7,'End',0,'2024-10-18 01:18:07','AUTO',216000,120.00,NULL,999999),(1686,937,8,'Start',0,'2024-10-18 15:26:00',NULL,3600,120.00,NULL,2),(1687,938,5,'Start',0,'2024-10-18 15:26:11',NULL,3600,120.00,NULL,2),(1688,939,7,'Start',1,'2024-10-18 15:26:15',NULL,5139,171.00,NULL,2),(1689,940,6,'Start',0,'2024-10-18 15:39:09',NULL,3600,120.00,NULL,2),(1690,937,8,'End',0,'2024-10-18 16:26:46','AUTO',216000,120.00,NULL,999999),(1691,938,5,'End',0,'2024-10-18 16:27:05','AUTO',216000,120.00,NULL,999999),(1692,941,5,'Start',1,'2024-10-18 16:28:57',NULL,76,2.00,NULL,2),(1693,942,8,'Start',0,'2024-10-18 16:29:42',NULL,3600,120.00,NULL,2),(1694,942,8,'End',0,'2024-10-18 16:30:00','MANUAL',3600,120.00,NULL,2),(1695,943,8,'Start',1,'2024-10-18 16:30:06',NULL,9123,304.00,NULL,2),(1696,941,5,'End',0,'2024-10-18 16:30:13','MANUAL',76,2.00,NULL,2),(1697,944,5,'Start',0,'2024-10-18 16:30:24',NULL,3600,120.00,NULL,2),(1698,940,6,'End',0,'2024-10-18 16:40:05','AUTO',216000,120.00,NULL,999999),(1699,945,6,'Start',0,'2024-10-18 16:43:18',NULL,3600,120.00,NULL,2),(1700,939,7,'End',0,'2024-10-18 16:53:17','MANUAL',5139,171.00,NULL,2),(1701,946,7,'Start',0,'2024-10-18 17:15:22',NULL,3600,120.00,NULL,2),(1702,944,5,'End',0,'2024-10-18 17:28:28','MANUAL',3600,120.00,NULL,2),(1703,947,5,'Start',0,'2024-10-18 17:29:45',NULL,3600,120.00,NULL,2),(1704,945,6,'End',0,'2024-10-18 17:40:39','MANUAL',3600,120.00,NULL,2),(1705,948,6,'Start',1,'2024-10-18 17:41:22',NULL,7340,244.00,NULL,2),(1706,949,7,'Extend',0,'2024-10-18 17:46:37',NULL,3600,120.00,NULL,2),(1707,947,5,'End',0,'2024-10-18 18:30:12','MANUAL',3600,120.00,NULL,2),(1708,950,5,'Start',0,'2024-10-18 18:32:57',NULL,3600,120.00,NULL,2),(1709,943,8,'End',0,'2024-10-18 19:04:05','MANUAL',9123,304.00,NULL,2),(1710,951,8,'Start',0,'2024-10-18 19:05:57',NULL,3600,120.00,NULL,2),(1711,952,7,'Extend',0,'2024-10-18 19:15:40',NULL,3600,120.00,NULL,2),(1712,950,5,'End',0,'2024-10-18 19:33:51','AUTO',216000,120.00,NULL,999999),(1713,953,5,'Start',1,'2024-10-18 19:43:17',NULL,0,2.00,NULL,2),(1714,954,5,'Start',1,'2024-10-18 19:43:34',NULL,4210,140.00,NULL,2),(1715,948,6,'End',0,'2024-10-18 19:45:37','MANUAL',7340,244.00,NULL,2),(1716,955,6,'Start',1,'2024-10-18 19:45:52',NULL,12404,413.00,NULL,2),(1717,956,7,'Extend',0,'2024-10-18 20:04:45',NULL,3600,120.00,NULL,2),(1718,951,8,'End',0,'2024-10-18 20:06:49','MANUAL',3600,120.00,NULL,2),(1719,957,8,'Start',1,'2024-10-18 20:09:29',NULL,2599,86.00,NULL,2),(1720,957,8,'End',0,'2024-10-18 20:53:19','MANUAL',2599,86.00,NULL,2),(1721,958,8,'Start',1,'2024-10-18 20:54:33',NULL,4611,153.00,NULL,2),(1722,953,5,'End',0,'2024-10-18 20:54:44','MANUAL',4210,140.00,NULL,2),(1723,959,5,'Start',0,'2024-10-18 21:04:17',NULL,3600,120.00,NULL,2),(1724,946,7,'End',0,'2024-10-18 21:19:01','MANUAL',14400,480.00,NULL,2),(1725,960,7,'Start',1,'2024-10-18 21:19:25',NULL,11261,375.00,NULL,2),(1726,959,5,'End',0,'2024-10-18 22:05:12','AUTO',216000,120.00,NULL,999999),(1727,958,8,'End',0,'2024-10-18 22:12:20','MANUAL',4611,153.00,NULL,2),(1728,961,5,'Start',0,'2024-10-18 22:12:46',NULL,3600,120.00,NULL,2),(1729,962,8,'Start',0,'2024-10-18 22:31:19',NULL,3600,120.00,NULL,2),(1730,961,5,'End',0,'2024-10-18 23:13:41','AUTO',216000,120.00,NULL,999999),(1731,955,6,'End',0,'2024-10-18 23:15:54','MANUAL',12404,413.00,NULL,2),(1732,963,6,'Start',0,'2024-10-18 23:17:34',NULL,3600,120.00,NULL,2),(1733,964,5,'Start',0,'2024-10-18 23:21:42',NULL,3600,120.00,NULL,2),(1734,962,8,'End',0,'2024-10-18 23:32:05','AUTO',216000,120.00,NULL,999999),(1735,965,8,'Start',0,'2024-10-18 23:35:58',NULL,3600,120.00,NULL,2),(1736,963,6,'End',0,'2024-10-19 00:18:30','AUTO',216000,120.00,NULL,999999),(1737,966,6,'Start',0,'2024-10-19 00:20:03',NULL,3600,120.00,NULL,2),(1738,964,5,'End',0,'2024-10-19 00:22:37','AUTO',216000,120.00,NULL,999999),(1739,960,7,'End',0,'2024-10-19 00:30:07','MANUAL',11261,375.00,NULL,2),(1740,965,8,'End',0,'2024-10-19 00:36:44','AUTO',216000,120.00,NULL,999999),(1741,967,7,'Start',0,'2024-10-19 00:58:58',NULL,3600,120.00,NULL,2),(1742,966,6,'End',0,'2024-10-19 01:20:59','AUTO',216000,120.00,NULL,999999),(1743,968,6,'Start Free',0,'2024-10-19 01:45:20',NULL,0,0.00,'b',2),(1744,967,7,'End',0,'2024-10-19 01:59:57','AUTO',216000,120.00,NULL,999999),(1745,968,6,'End Free',0,'2024-10-19 15:03:56',NULL,47916,0.00,NULL,2),(1746,969,7,'Start',1,'2024-10-19 15:04:00',NULL,7008,233.00,NULL,2),(1747,970,6,'Start',1,'2024-10-19 15:07:54',NULL,13977,465.00,NULL,2),(1748,971,5,'Start',0,'2024-10-19 15:12:03',NULL,3600,120.00,NULL,2),(1749,972,5,'Extend',0,'2024-10-19 15:12:08',NULL,3600,120.00,NULL,2),(1750,973,8,'Start',0,'2024-10-19 15:31:25',NULL,3600,120.00,NULL,2),(1751,973,8,'End',0,'2024-10-19 16:32:02','MANUAL',3600,120.00,NULL,2),(1752,974,8,'Start',0,'2024-10-19 16:32:54',NULL,3600,120.00,NULL,2),(1753,969,7,'End',0,'2024-10-19 17:02:40','MANUAL',7008,233.00,NULL,2),(1754,975,7,'Start',0,'2024-10-19 17:06:17',NULL,3600,120.00,NULL,2),(1755,971,5,'End',0,'2024-10-19 17:13:50','AUTO',432000,240.00,NULL,999999),(1756,976,5,'Start',0,'2024-10-19 17:25:58',NULL,3600,120.00,NULL,2),(1757,977,5,'Extend',0,'2024-10-19 17:26:05',NULL,1800,60.00,NULL,2),(1758,974,8,'End',0,'2024-10-19 17:33:42','AUTO',216000,120.00,NULL,999999),(1759,978,8,'Start',0,'2024-10-19 17:38:27',NULL,3600,120.00,NULL,2),(1760,975,7,'End',0,'2024-10-19 18:07:15','AUTO',216000,120.00,NULL,999999),(1761,979,7,'Start',0,'2024-10-19 18:31:32',NULL,3600,120.00,NULL,2),(1762,978,8,'End',0,'2024-10-19 18:39:12','AUTO',216000,120.00,NULL,999999),(1763,980,8,'Start',1,'2024-10-19 18:40:18',NULL,6764,225.00,NULL,2),(1764,976,5,'End',0,'2024-10-19 18:46:55','MANUAL',5400,180.00,NULL,2),(1765,981,5,'Start',0,'2024-10-19 18:47:02',NULL,3600,120.00,NULL,2),(1766,970,6,'End',0,'2024-10-19 19:04:25','MANUAL',13977,465.00,NULL,2),(1767,982,6,'Start',0,'2024-10-19 19:05:41',NULL,3600,120.00,NULL,2),(1768,979,7,'End',0,'2024-10-19 19:32:31','AUTO',216000,120.00,NULL,999999),(1769,983,7,'Start',0,'2024-10-19 19:33:45',NULL,3600,120.00,NULL,2),(1770,981,5,'End',0,'2024-10-19 19:47:56','AUTO',216000,120.00,NULL,999999),(1771,984,5,'Start',0,'2024-10-19 19:56:33',NULL,3600,120.00,NULL,2),(1772,982,6,'End',0,'2024-10-19 20:05:50','MANUAL',3600,120.00,NULL,2),(1773,985,6,'Start',0,'2024-10-19 20:06:35',NULL,3600,120.00,NULL,2),(1774,980,8,'End',0,'2024-10-19 20:34:26','MANUAL',6764,225.00,NULL,2),(1775,983,7,'End',0,'2024-10-19 20:34:43','AUTO',216000,120.00,NULL,999999),(1776,986,7,'Start',1,'2024-10-19 20:35:01',NULL,6101,203.00,NULL,2),(1777,987,8,'Start',0,'2024-10-19 20:36:28',NULL,3600,120.00,NULL,2),(1778,984,5,'End',0,'2024-10-19 20:57:28','AUTO',216000,120.00,NULL,999999),(1779,985,6,'End',0,'2024-10-19 21:07:32','AUTO',216000,120.00,NULL,999999),(1780,988,5,'Start',0,'2024-10-19 21:12:02',NULL,3600,120.00,NULL,2),(1781,989,6,'Start',0,'2024-10-19 21:31:39',NULL,3600,120.00,NULL,2),(1782,987,8,'End',0,'2024-10-19 21:37:14','AUTO',216000,120.00,NULL,999999),(1783,990,8,'Start',0,'2024-10-19 21:37:59',NULL,3600,120.00,NULL,2),(1784,988,5,'End',0,'2024-10-19 22:12:56','AUTO',216000,120.00,NULL,999999),(1785,986,7,'End',0,'2024-10-19 22:18:19','MANUAL',6101,203.00,NULL,2),(1786,989,6,'End',0,'2024-10-19 22:18:38','MANUAL',3600,120.00,NULL,2),(1787,991,6,'Start',0,'2024-10-19 22:24:05',NULL,3600,120.00,NULL,2),(1788,992,5,'Start',0,'2024-10-19 22:33:21',NULL,3600,120.00,NULL,2),(1789,990,8,'End',0,'2024-10-19 22:38:44','AUTO',216000,120.00,NULL,999999),(1790,993,8,'Start',0,'2024-10-19 22:55:58',NULL,3600,120.00,NULL,2),(1791,994,7,'Start',0,'2024-10-19 23:09:53',NULL,3600,120.00,NULL,2),(1792,991,6,'End',0,'2024-10-19 23:25:01','AUTO',216000,120.00,NULL,999999),(1793,995,6,'Start',0,'2024-10-19 23:32:35',NULL,3600,120.00,NULL,2),(1794,992,5,'End',0,'2024-10-19 23:34:15','AUTO',216000,120.00,NULL,999999),(1795,996,5,'Start',0,'2024-10-19 23:50:40',NULL,3600,120.00,NULL,2),(1796,993,8,'End',0,'2024-10-19 23:56:44','AUTO',216000,120.00,NULL,999999),(1797,997,8,'Start',1,'2024-10-20 00:10:45',NULL,4167,138.00,NULL,2),(1798,994,7,'End',0,'2024-10-20 00:10:51','AUTO',216000,120.00,NULL,999999),(1799,998,7,'Start',0,'2024-10-20 00:13:51',NULL,3600,120.00,NULL,2),(1800,995,6,'End',0,'2024-10-20 00:13:54','MANUAL',3600,120.00,NULL,2),(1801,999,6,'Start',1,'2024-10-20 00:13:57',NULL,6273,209.00,NULL,2),(1802,996,5,'End',0,'2024-10-20 00:50:49','MANUAL',3600,120.00,NULL,2),(1803,998,7,'End',0,'2024-10-20 01:14:49','AUTO',216000,120.00,NULL,999999),(1804,997,8,'End',0,'2024-10-20 01:21:03','MANUAL',4167,138.00,NULL,2),(1805,1000,7,'Start',0,'2024-10-20 01:21:51',NULL,3600,120.00,NULL,2),(1806,1000,7,'End',0,'2024-10-20 02:00:06','MANUAL',3600,120.00,NULL,2),(1807,999,6,'End',0,'2024-10-20 02:00:12','MANUAL',6273,209.00,NULL,2),(1808,1001,6,'Start',0,'2024-10-20 02:00:16',NULL,3600,120.00,NULL,2),(1809,1002,5,'Start Free',0,'2024-10-20 02:05:20',NULL,0,0.00,'Employees: Kuya Mino and Born Joshua',2),(1810,1003,6,'Pause',0,'2024-10-20 17:23:50',NULL,1463,0.00,'Power interrupted',999999),(1811,1001,6,'End',0,'2024-10-20 17:34:45','MANUAL',5063,120.00,NULL,2),(1812,1002,5,'End Free',0,'2024-10-20 17:34:52',NULL,55772,0.00,NULL,2),(1813,1004,7,'Start',0,'2024-10-20 19:25:04',NULL,3600,120.00,NULL,2),(1814,1005,6,'Start',1,'2024-10-20 19:57:10',NULL,5315,177.00,NULL,2),(1815,1006,8,'Start',1,'2024-10-20 20:18:29',NULL,0,2.00,NULL,2),(1816,1004,7,'End',0,'2024-10-20 20:26:03','AUTO',216000,120.00,NULL,999999),(1817,1007,5,'Start',0,'2024-10-20 20:40:06',NULL,3600,120.00,NULL,2),(1818,1008,7,'Start',0,'2024-10-20 20:56:09',NULL,3600,120.00,NULL,2),(1819,1005,6,'End',0,'2024-10-20 21:27:06','MANUAL',5315,177.00,NULL,2),(1820,1009,6,'Start',0,'2024-10-20 21:32:54',NULL,3600,120.00,NULL,2),(1821,1007,5,'End',0,'2024-10-20 21:41:01','AUTO',216000,120.00,NULL,999999),(1822,1008,7,'End',0,'2024-10-20 21:57:07','AUTO',216000,120.00,NULL,999999),(1823,1009,6,'End',0,'2024-10-20 22:33:50','AUTO',216000,120.00,NULL,999999),(1824,1010,7,'Start',0,'2024-10-20 22:54:52',NULL,3600,120.00,NULL,2),(1825,1011,6,'Start',0,'2024-10-20 23:16:13',NULL,3600,120.00,NULL,2),(1826,1012,6,'Extend',0,'2024-10-20 23:16:17',NULL,3600,120.00,NULL,2),(1827,1013,6,'Extend',0,'2024-10-20 23:16:22',NULL,3600,120.00,NULL,2),(1828,1010,7,'End',0,'2024-10-20 23:55:50','AUTO',216000,120.00,NULL,999999),(1829,1006,8,'End',0,'2024-10-21 00:04:36','MANUAL',0,2.00,NULL,2),(1830,1014,7,'Start Free',0,'2024-10-21 01:12:59',NULL,0,0.00,'Employees',2),(1831,1011,6,'End',0,'2024-10-21 14:37:04','MANUAL',10800,360.00,NULL,2),(1832,1014,7,'End Free',0,'2024-10-21 14:39:54',NULL,48415,0.00,NULL,2),(1833,1015,5,'Start',0,'2024-10-21 15:27:33',NULL,3600,120.00,NULL,2),(1834,1016,6,'Start',0,'2024-10-21 15:55:05',NULL,3600,120.00,NULL,2),(1835,1017,8,'Start',0,'2024-10-21 15:56:02',NULL,3600,120.00,NULL,2),(1836,1018,5,'Extend',0,'2024-10-21 16:19:32',NULL,3600,120.00,NULL,2),(1837,1019,7,'Start Free',0,'2024-10-21 16:26:06',NULL,0,0.00,'ysa',2),(1838,1020,6,'Extend',0,'2024-10-21 16:46:43',NULL,3600,120.00,NULL,2),(1839,1021,8,'Extend',0,'2024-10-21 16:52:16',NULL,3600,120.00,NULL,2),(1840,1015,5,'End',0,'2024-10-21 17:28:17','MANUAL',7200,240.00,NULL,2),(1841,1022,5,'Start',0,'2024-10-21 17:35:18',NULL,3600,120.00,NULL,2),(1842,1019,7,'End Free',0,'2024-10-21 17:36:40',NULL,4234,0.00,NULL,2),(1843,1016,6,'End',0,'2024-10-21 17:47:11','MANUAL',7200,240.00,NULL,2),(1844,1017,8,'End',0,'2024-10-21 17:57:32','AUTO',432000,240.00,NULL,999999),(1845,1023,6,'Start',0,'2024-10-21 18:24:03',NULL,3600,120.00,NULL,2),(1846,1024,5,'Extend',0,'2024-10-21 18:28:51',NULL,3600,120.00,NULL,2),(1847,1025,8,'Start',0,'2024-10-21 18:58:55',NULL,3600,120.00,NULL,2),(1848,1026,7,'Start',0,'2024-10-21 19:15:30',NULL,3600,120.00,NULL,2),(1849,1023,6,'End',0,'2024-10-21 19:24:01','MANUAL',3600,120.00,NULL,2),(1850,1022,5,'End',0,'2024-10-21 19:36:51','MANUAL',7200,240.00,NULL,2),(1851,1025,8,'End',0,'2024-10-21 19:58:16','MANUAL',3600,120.00,NULL,2),(1852,1027,6,'Start',0,'2024-10-21 19:59:05',NULL,3600,120.00,NULL,2),(1853,1028,8,'Start',0,'2024-10-21 20:00:32',NULL,3600,120.00,NULL,2),(1854,1029,7,'Extend',0,'2024-10-21 20:07:08',NULL,3600,120.00,NULL,2),(1855,1030,5,'Start',0,'2024-10-21 20:17:07',NULL,3600,120.00,NULL,2),(1856,1031,6,'Extend',0,'2024-10-21 20:50:36',NULL,3600,120.00,NULL,2),(1857,1032,8,'Extend',0,'2024-10-21 20:55:06',NULL,3600,120.00,NULL,2),(1858,1033,7,'Extend',0,'2024-10-21 21:09:41',NULL,3600,120.00,NULL,2),(1859,1030,5,'End',0,'2024-10-21 21:18:05','AUTO',216000,120.00,NULL,999999),(1860,1034,5,'Start',0,'2024-10-21 21:20:59',NULL,3600,120.00,NULL,2),(1861,1027,6,'End',0,'2024-10-21 21:57:04','MANUAL',7200,240.00,NULL,2),(1862,1035,6,'Start',0,'2024-10-21 21:57:10',NULL,3600,120.00,NULL,2),(1863,1028,8,'End',0,'2024-10-21 22:02:02','AUTO',432000,240.00,NULL,999999),(1864,1034,5,'End',0,'2024-10-21 22:12:36','MANUAL',3600,120.00,NULL,2),(1865,1026,7,'End',0,'2024-10-21 22:18:23','AUTO',648000,360.00,NULL,999999),(1866,1036,5,'Start',0,'2024-10-21 22:30:47',NULL,3600,120.00,NULL,2),(1867,1037,7,'Start',0,'2024-10-21 22:46:38',NULL,3600,120.00,NULL,2),(1868,1038,8,'Start',1,'2024-10-21 22:51:05',NULL,9262,308.00,NULL,2),(1869,1039,6,'Extend',0,'2024-10-21 22:52:38',NULL,3600,120.00,NULL,2),(1870,1036,5,'End',0,'2024-10-21 23:31:42','AUTO',216000,120.00,NULL,999999),(1871,1037,7,'End',0,'2024-10-21 23:47:19','MANUAL',3600,120.00,NULL,2),(1872,1035,6,'End',0,'2024-10-21 23:57:17','MANUAL',7200,240.00,NULL,2),(1873,1040,6,'Start',0,'2024-10-22 00:00:54',NULL,3600,120.00,NULL,2),(1874,1041,7,'Start',0,'2024-10-22 00:22:45',NULL,3600,120.00,NULL,2),(1875,1040,6,'End',0,'2024-10-22 01:01:50','AUTO',216000,120.00,NULL,999999),(1876,1041,7,'End',0,'2024-10-22 01:23:43','AUTO',216000,120.00,NULL,999999),(1877,1038,8,'End',0,'2024-10-22 01:27:21','MANUAL',9262,308.00,NULL,2),(1878,1042,8,'Start Free',0,'2024-10-22 01:27:41',NULL,0,0.00,'Employees',2),(1879,1043,5,'Start Free',0,'2024-10-22 19:09:42',NULL,0,0.00,'d',2),(1880,1042,8,'End Free',0,'2024-10-22 19:13:12',NULL,63931,0.00,NULL,2),(1881,1044,8,'Start Free',0,'2024-10-22 19:13:21',NULL,0,0.00,'c',2),(1882,1044,8,'End Free',0,'2024-10-23 16:18:07',NULL,75886,0.00,NULL,2),(1883,1043,5,'End Free',0,'2024-10-23 16:18:15',NULL,76113,0.00,NULL,2),(1884,1045,7,'Start Free',0,'2024-10-23 17:25:02',NULL,0,0.00,'mam janice',2),(1885,1046,6,'Start',1,'2024-10-23 17:40:28',NULL,9682,322.00,NULL,2),(1886,1045,7,'End Free',0,'2024-10-23 17:40:43',NULL,941,0.00,NULL,2),(1887,1047,7,'Start',0,'2024-10-23 19:10:23',NULL,3600,120.00,NULL,2),(1888,1047,7,'End',0,'2024-10-23 20:10:29','MANUAL',3600,120.00,NULL,2),(1889,1048,8,'Start',0,'2024-10-23 20:20:19',NULL,3600,120.00,NULL,2),(1890,1046,6,'End',0,'2024-10-23 20:24:18','MANUAL',9682,322.00,NULL,2),(1891,1049,6,'Start',0,'2024-10-23 20:54:28',NULL,3600,120.00,NULL,2),(1892,1050,7,'Start Free',0,'2024-10-23 21:03:07',NULL,0,0.00,'sir chino',2),(1893,1048,8,'End',0,'2024-10-23 21:21:06','AUTO',216000,120.00,NULL,999999),(1894,1051,6,'Pause',0,'2024-10-23 21:33:58',NULL,1230,0.00,NULL,2),(1895,1050,7,'End Free',0,'2024-10-24 16:42:08',NULL,70741,0.00,NULL,2),(1896,1049,6,'End',0,'2024-10-24 16:42:12','MANUAL',4830,120.00,NULL,2),(1897,1052,5,'Start',0,'2024-10-24 16:42:16',NULL,3600,120.00,NULL,2),(1898,1053,7,'Start Free',0,'2024-10-24 17:03:05',NULL,0,0.00,'max',2),(1899,1054,6,'Start',1,'2024-10-24 17:16:51',NULL,6116,203.00,NULL,2),(1900,1055,8,'Start',0,'2024-10-24 17:25:30',NULL,3600,120.00,NULL,2),(1901,1052,5,'End',0,'2024-10-24 17:43:10','AUTO',216000,120.00,NULL,999999),(1902,1053,7,'End Free',0,'2024-10-24 18:04:42',NULL,3697,0.00,NULL,2),(1903,1055,8,'End',0,'2024-10-24 18:26:15','AUTO',216000,120.00,NULL,999999),(1904,1056,7,'Start',1,'2024-10-24 18:28:10',NULL,10856,361.00,NULL,2),(1905,1054,6,'End',0,'2024-10-24 19:00:20','MANUAL',6116,203.00,NULL,2),(1906,1057,6,'Start',0,'2024-10-24 19:09:08',NULL,3600,120.00,NULL,2),(1907,1057,6,'End',0,'2024-10-24 19:59:21','MANUAL',3600,120.00,NULL,2),(1908,1058,5,'Start',1,'2024-10-24 20:06:52',NULL,14461,482.00,NULL,2),(1909,1059,6,'Start',0,'2024-10-24 20:08:24',NULL,3600,120.00,NULL,2),(1910,1060,8,'Start',0,'2024-10-24 20:12:26',NULL,3600,120.00,NULL,2),(1911,1059,6,'End',0,'2024-10-24 21:09:19','AUTO',216000,120.00,NULL,999999),(1912,1060,8,'End',0,'2024-10-24 21:13:12','AUTO',216000,120.00,NULL,999999),(1913,1061,8,'Start',0,'2024-10-24 21:14:19',NULL,3600,120.00,NULL,2),(1914,1062,6,'Start',0,'2024-10-24 21:15:58',NULL,3600,120.00,NULL,2),(1915,1056,7,'End',0,'2024-10-24 21:31:59','MANUAL',10856,361.00,NULL,2),(1916,1063,7,'Start',0,'2024-10-24 21:38:06',NULL,3600,120.00,NULL,2),(1917,1064,7,'Pause',0,'2024-10-24 21:54:37',NULL,2609,0.00,NULL,2),(1918,1065,7,'Resume',0,'2024-10-24 21:54:42',NULL,0,0.00,NULL,2),(1919,1061,8,'End',0,'2024-10-24 22:15:04','AUTO',216000,120.00,NULL,999999),(1920,1062,6,'End',0,'2024-10-24 22:16:57','AUTO',216000,120.00,NULL,999999),(1921,1066,6,'Start',0,'2024-10-24 22:19:41',NULL,3600,120.00,NULL,2),(1922,1067,8,'Start',0,'2024-10-24 22:22:08',NULL,3600,120.00,NULL,2),(1923,1063,7,'End',0,'2024-10-24 22:38:43','MANUAL',6209,120.00,NULL,2),(1924,1068,7,'Start',0,'2024-10-24 22:40:48',NULL,3600,120.00,NULL,2),(1925,1066,6,'End',0,'2024-10-24 23:20:36','AUTO',216000,120.00,NULL,999999),(1926,1067,8,'End',0,'2024-10-24 23:22:53','AUTO',216000,120.00,NULL,999999),(1927,1069,6,'Start',0,'2024-10-24 23:23:21',NULL,3600,120.00,NULL,2),(1928,1070,6,'Extend',0,'2024-10-24 23:23:25',NULL,3600,120.00,NULL,2),(1929,1071,8,'Start',0,'2024-10-24 23:34:51',NULL,3600,120.00,NULL,2),(1930,1068,7,'End',0,'2024-10-24 23:41:16','MANUAL',3600,120.00,NULL,2),(1931,1072,7,'Start',0,'2024-10-24 23:41:58',NULL,3600,120.00,NULL,2),(1932,1058,5,'End',0,'2024-10-25 00:11:27','MANUAL',14461,482.00,NULL,2),(1933,1071,8,'End',0,'2024-10-25 00:35:37','AUTO',216000,120.00,NULL,999999),(1934,1072,7,'End',0,'2024-10-25 00:41:13','MANUAL',3600,120.00,NULL,2),(1935,1073,7,'Start',0,'2024-10-25 00:51:42',NULL,3600,120.00,NULL,2),(1936,1074,5,'Start Free',0,'2024-10-25 01:08:30',NULL,0,0.00,'v',2),(1937,1069,6,'End',0,'2024-10-25 15:37:58','MANUAL',7200,240.00,NULL,2),(1938,1073,7,'End',0,'2024-10-25 15:38:03','MANUAL',3600,120.00,NULL,2),(1939,1074,5,'End Free',0,'2024-10-25 15:49:14',NULL,52844,0.00,NULL,2),(1940,1075,5,'Start',0,'2024-10-25 15:49:37',NULL,3600,120.00,NULL,2),(1941,1076,5,'Extend',0,'2024-10-25 15:49:53',NULL,1800,60.00,NULL,2),(1942,1077,7,'Start Free',0,'2024-10-25 17:15:55',NULL,0,0.00,'janice',2),(1943,1075,5,'End',0,'2024-10-25 17:21:02','AUTO',324000,180.00,NULL,999999),(1944,1078,6,'Start',0,'2024-10-25 17:21:03',NULL,3600,120.00,NULL,2),(1945,1077,7,'End Free',0,'2024-10-25 17:24:26',NULL,511,0.00,NULL,2),(1946,1079,7,'Start',1,'2024-10-25 17:42:40',NULL,10286,342.00,NULL,2),(1947,1080,8,'Start',0,'2024-10-25 18:09:09',NULL,3600,120.00,NULL,2),(1948,1081,5,'Start',0,'2024-10-25 18:12:02',NULL,3600,120.00,NULL,2),(1949,1078,6,'End',0,'2024-10-25 18:21:59','AUTO',216000,120.00,NULL,999999),(1950,1082,6,'Start',0,'2024-10-25 18:25:48',NULL,3600,120.00,NULL,2),(1951,1080,8,'End',0,'2024-10-25 19:09:55','AUTO',216000,120.00,NULL,999999),(1952,1083,8,'Start',0,'2024-10-25 19:12:03',NULL,3600,120.00,NULL,2),(1953,1081,5,'End',0,'2024-10-25 19:12:57','AUTO',216000,120.00,NULL,999999),(1954,1084,5,'Start Free',0,'2024-10-25 19:14:53',NULL,0,0.00,'yssa',2),(1955,1082,6,'End',0,'2024-10-25 19:26:44','AUTO',216000,120.00,NULL,999999),(1956,1084,5,'End Free',0,'2024-10-25 19:51:04',NULL,2171,0.00,NULL,2),(1957,1085,5,'Start Free',0,'2024-10-25 19:58:06',NULL,0,0.00,'yssa',2),(1958,1083,8,'End',0,'2024-10-25 20:12:49','AUTO',216000,120.00,NULL,999999),(1959,1086,8,'Start',0,'2024-10-25 20:13:43',NULL,3600,120.00,NULL,2),(1960,1087,6,'Start',0,'2024-10-25 20:19:14',NULL,3600,120.00,NULL,2),(1961,1079,7,'End',0,'2024-10-25 20:36:50','MANUAL',10286,342.00,NULL,2),(1962,1088,7,'Start',1,'2024-10-25 20:46:48',NULL,4351,145.00,NULL,2),(1963,1086,8,'End',0,'2024-10-25 21:14:02','MANUAL',3600,120.00,NULL,2),(1964,1089,8,'Start',0,'2024-10-25 21:14:30',NULL,3600,120.00,NULL,2),(1965,1087,6,'End',0,'2024-10-25 21:20:10','AUTO',216000,120.00,NULL,999999),(1966,1090,6,'Start',1,'2024-10-25 21:24:39',NULL,1725,57.00,NULL,2),(1967,1085,5,'End Free',0,'2024-10-25 21:52:16',NULL,6850,0.00,NULL,2),(1968,1090,6,'End',0,'2024-10-25 21:53:50','MANUAL',1725,57.00,NULL,2),(1969,1091,5,'Start',0,'2024-10-25 21:54:05',NULL,3600,120.00,NULL,2),(1970,1092,6,'Start',0,'2024-10-25 21:55:19',NULL,3600,120.00,NULL,2),(1971,1091,5,'End',0,'2024-10-25 21:56:04','MANUAL',3600,120.00,NULL,2),(1972,1093,5,'Start',1,'2024-10-25 21:56:08',NULL,8114,270.00,NULL,2),(1973,1088,7,'End',0,'2024-10-25 22:00:28','MANUAL',4351,145.00,NULL,2),(1974,1094,7,'Start',1,'2024-10-25 22:01:00',NULL,249,8.00,NULL,2),(1975,1094,7,'End',0,'2024-10-25 22:05:12','MANUAL',249,8.00,NULL,2),(1976,1095,7,'Start',0,'2024-10-25 22:09:00',NULL,3600,120.00,NULL,2),(1977,1089,8,'End',0,'2024-10-25 22:15:15','AUTO',216000,120.00,NULL,999999),(1978,1096,8,'Start',0,'2024-10-25 22:20:32',NULL,3600,120.00,NULL,2),(1979,1092,6,'End',0,'2024-10-25 22:56:15','AUTO',216000,120.00,NULL,999999),(1980,1097,6,'Start',0,'2024-10-25 22:57:25',NULL,3600,120.00,NULL,2),(1981,1095,7,'End',0,'2024-10-25 23:09:59','AUTO',216000,120.00,NULL,999999),(1982,1096,8,'End',0,'2024-10-25 23:21:18','AUTO',216000,120.00,NULL,999999),(1983,1098,8,'Start',0,'2024-10-25 23:22:05',NULL,3600,120.00,NULL,2),(1984,1099,7,'Start',0,'2024-10-25 23:29:29',NULL,3600,120.00,NULL,2),(1985,1097,6,'End',0,'2024-10-25 23:58:22','AUTO',216000,120.00,NULL,999999),(1986,1099,7,'End',0,'2024-10-26 00:03:44','MANUAL',3600,120.00,NULL,2),(1987,1100,7,'Start',1,'2024-10-26 00:05:01',NULL,4235,141.00,NULL,2),(1988,1093,5,'End',0,'2024-10-26 00:13:22','MANUAL',8114,270.00,NULL,2),(1989,1098,8,'End',0,'2024-10-26 00:22:50','AUTO',216000,120.00,NULL,999999),(1990,1100,7,'End',0,'2024-10-26 01:16:43','MANUAL',4235,141.00,NULL,2),(1991,1101,6,'Start',0,'2024-10-26 01:39:13',NULL,3600,120.00,NULL,2),(1992,1101,6,'End',0,'2024-10-26 15:24:27','MANUAL',3600,120.00,NULL,2),(1993,1102,5,'Start',0,'2024-10-26 15:24:46',NULL,3600,120.00,NULL,2),(1994,1103,6,'Start',0,'2024-10-26 15:26:05',NULL,3600,120.00,NULL,2),(1995,1104,8,'Start',0,'2024-10-26 15:49:00',NULL,3600,120.00,NULL,2),(1996,1102,5,'End',0,'2024-10-26 16:25:42','AUTO',216000,120.00,NULL,999999),(1997,1105,5,'Start',1,'2024-10-26 16:26:05',NULL,5914,197.00,NULL,2),(1998,1103,6,'End',0,'2024-10-26 16:27:02','AUTO',216000,120.00,NULL,999999),(1999,1106,6,'Start',0,'2024-10-26 16:28:15',NULL,3600,120.00,NULL,2),(2000,1107,6,'Extend',0,'2024-10-26 16:28:23',NULL,3600,120.00,NULL,2),(2001,1108,7,'Start',0,'2024-10-26 16:33:52',NULL,3600,120.00,NULL,2),(2002,1104,8,'End',0,'2024-10-26 16:49:46','AUTO',216000,120.00,NULL,999999),(2003,1109,8,'Start',1,'2024-10-26 16:56:46',NULL,5627,187.00,NULL,2),(2004,1108,7,'End',0,'2024-10-26 17:34:51','AUTO',216000,120.00,NULL,999999),(2005,1110,7,'Start',0,'2024-10-26 17:36:09',NULL,3600,120.00,NULL,2),(2006,1105,5,'End',0,'2024-10-26 18:06:06','MANUAL',5914,197.00,NULL,2),(2007,1111,5,'Start',1,'2024-10-26 18:13:13',NULL,6053,201.00,NULL,2),(2008,1106,6,'End',0,'2024-10-26 18:30:06','AUTO',432000,240.00,NULL,999999),(2009,1109,8,'End',0,'2024-10-26 18:31:42','MANUAL',5627,187.00,NULL,2),(2010,1112,6,'Start',1,'2024-10-26 18:32:09',NULL,2013,67.00,NULL,2),(2011,1113,8,'Start',1,'2024-10-26 18:33:17',NULL,22973,765.00,NULL,2),(2012,1110,7,'End',0,'2024-10-26 18:36:08','MANUAL',3600,120.00,NULL,2),(2013,1114,7,'Start',0,'2024-10-26 18:36:24',NULL,3600,120.00,NULL,2),(2014,1112,6,'End',0,'2024-10-26 19:06:12','MANUAL',2013,67.00,NULL,2),(2015,1115,6,'Start',0,'2024-10-26 19:08:13',NULL,3600,120.00,NULL,2),(2016,1114,7,'End',0,'2024-10-26 19:37:23','AUTO',216000,120.00,NULL,999999),(2017,1116,7,'Start',1,'2024-10-26 19:40:01',NULL,7880,262.00,NULL,2),(2018,1111,5,'End',0,'2024-10-26 19:55:36','MANUAL',6053,201.00,NULL,2),(2019,1117,5,'Start',1,'2024-10-26 19:57:47',NULL,3622,120.00,NULL,2),(2020,1115,6,'End',0,'2024-10-26 20:09:09','AUTO',216000,120.00,NULL,999999),(2021,1118,6,'Start',1,'2024-10-26 20:11:01',NULL,12870,429.00,NULL,2),(2022,1117,5,'End',0,'2024-10-26 20:59:03','MANUAL',3622,120.00,NULL,2),(2023,1119,5,'Start',0,'2024-10-26 21:06:30',NULL,3600,120.00,NULL,2),(2024,1116,7,'End',0,'2024-10-26 21:53:27','MANUAL',7880,262.00,NULL,2),(2025,1120,7,'Start',0,'2024-10-26 21:55:44',NULL,3600,120.00,NULL,2),(2026,1119,5,'End',0,'2024-10-26 22:07:27','AUTO',216000,120.00,NULL,999999),(2027,1121,5,'Start',1,'2024-10-26 22:17:10',NULL,3996,133.00,NULL,2),(2028,1120,7,'End',0,'2024-10-26 22:55:53','MANUAL',3600,120.00,NULL,2),(2029,1122,7,'Start',0,'2024-10-26 22:57:07',NULL,3600,120.00,NULL,2),(2030,1121,5,'End',0,'2024-10-26 23:24:44','MANUAL',3996,133.00,NULL,2),(2031,1123,5,'Start',0,'2024-10-26 23:34:50',NULL,3600,120.00,NULL,2),(2032,1118,6,'End',0,'2024-10-26 23:48:48','MANUAL',12870,429.00,NULL,2),(2033,1122,7,'End',0,'2024-10-26 23:58:05','AUTO',216000,120.00,NULL,999999),(2034,1123,5,'End',0,'2024-10-27 00:35:45','AUTO',216000,120.00,NULL,999999),(2035,1124,5,'Start',0,'2024-10-27 00:38:26',NULL,3600,120.00,NULL,2),(2036,1125,6,'Start',0,'2024-10-27 00:44:58',NULL,3600,120.00,NULL,2),(2037,1126,6,'Extend',0,'2024-10-27 00:45:02',NULL,3600,120.00,NULL,2),(2038,1127,7,'Start',0,'2024-10-27 00:54:55',NULL,3600,120.00,NULL,2),(2039,1113,8,'End',0,'2024-10-27 01:00:55','MANUAL',22973,765.00,NULL,2),(2040,1128,8,'Start',0,'2024-10-27 01:03:05',NULL,3600,120.00,NULL,2),(2041,1124,5,'End',0,'2024-10-27 01:39:20','AUTO',216000,120.00,NULL,999999),(2042,1127,7,'End',0,'2024-10-27 01:55:03','MANUAL',3600,120.00,NULL,2),(2043,1128,8,'End',0,'2024-10-27 02:03:50','AUTO',216000,120.00,NULL,999999),(2044,1125,6,'End',0,'2024-10-27 02:22:03','MANUAL',7200,240.00,NULL,2),(2045,1129,6,'Start Free',0,'2024-10-27 02:22:19',NULL,0,0.00,'Ma\'am Janice',2),(2046,1129,6,'End Free',0,'2024-10-27 17:17:43',NULL,53724,0.00,NULL,2),(2047,1130,5,'Start',0,'2024-10-27 17:55:54',NULL,3600,120.00,NULL,2),(2048,1131,5,'Extend',0,'2024-10-27 17:56:00',NULL,3600,120.00,NULL,2),(2049,1132,8,'Start',0,'2024-10-27 18:03:03',NULL,3600,120.00,NULL,2),(2050,1133,7,'Start',1,'2024-10-27 18:27:54',NULL,6538,217.00,NULL,2),(2051,1132,8,'End',0,'2024-10-27 19:03:49','AUTO',216000,120.00,NULL,999999),(2052,1134,6,'Start',0,'2024-10-27 19:05:13',NULL,3600,120.00,NULL,2),(2053,1135,8,'Start',0,'2024-10-27 19:42:18',NULL,3600,120.00,NULL,2),(2054,1130,5,'End',0,'2024-10-27 19:51:53','MANUAL',7200,240.00,NULL,2),(2055,1136,5,'Start',0,'2024-10-27 19:52:54',NULL,3600,120.00,NULL,2),(2056,1134,6,'End',0,'2024-10-27 20:05:22','MANUAL',3600,120.00,NULL,2),(2057,1133,7,'End',0,'2024-10-27 20:18:36','MANUAL',6538,217.00,NULL,2),(2058,1137,7,'Start',1,'2024-10-27 20:26:37',NULL,6199,206.00,NULL,2),(2059,1138,8,'Extend',0,'2024-10-27 20:35:18',NULL,3600,120.00,NULL,2),(2060,1139,6,'Start Free',0,'2024-10-27 20:49:26',NULL,0,0.00,'ysa',2),(2061,1136,5,'End',0,'2024-10-27 20:53:49','AUTO',216000,120.00,NULL,999999),(2062,1140,5,'Start',0,'2024-10-27 21:28:28',NULL,3600,120.00,NULL,2),(2063,1141,8,'Extend',0,'2024-10-27 21:35:18',NULL,3600,120.00,NULL,2),(2064,1139,6,'End Free',0,'2024-10-27 21:44:28',NULL,3302,0.00,NULL,2),(2065,1142,6,'Start',0,'2024-10-27 21:59:41',NULL,3600,120.00,NULL,2),(2066,1137,7,'End',0,'2024-10-27 22:11:35','MANUAL',6199,206.00,NULL,2),(2067,1140,5,'End',0,'2024-10-27 22:29:22','AUTO',216000,120.00,NULL,999999),(2068,1135,8,'End',0,'2024-10-27 22:44:33','AUTO',648000,360.00,NULL,999999),(2069,1142,6,'End',0,'2024-10-27 23:00:36','AUTO',216000,120.00,NULL,999999),(2070,1143,5,'Start',0,'2024-10-27 23:10:50',NULL,3600,120.00,NULL,2),(2071,1144,5,'Extend',0,'2024-10-27 23:10:54',NULL,3600,120.00,NULL,2),(2072,1145,5,'Extend',0,'2024-10-27 23:11:00',NULL,3600,120.00,NULL,2),(2073,1146,7,'Start',1,'2024-10-27 23:23:37',NULL,55,2.00,NULL,2),(2074,1146,7,'End',0,'2024-10-27 23:24:32','MANUAL',55,2.00,NULL,2),(2075,1147,7,'Start',0,'2024-10-27 23:24:38',NULL,3600,120.00,NULL,2),(2076,1148,7,'Extend',0,'2024-10-27 23:24:42',NULL,3600,120.00,NULL,2),(2077,1149,8,'Start',0,'2024-10-27 23:44:45',NULL,3600,120.00,NULL,2),(2078,1150,6,'Start',0,'2024-10-27 23:44:59',NULL,3600,120.00,NULL,2),(2079,1149,8,'End',0,'2024-10-28 00:45:31','AUTO',216000,120.00,NULL,999999),(2080,1150,6,'End',0,'2024-10-28 00:45:55','AUTO',216000,120.00,NULL,999999),(2081,1151,8,'Start Free',0,'2024-10-28 00:48:20',NULL,0,0.00,'Kuya Mino and Employees',2),(2082,1151,8,'End Free',0,'2024-10-28 15:25:59',NULL,52659,0.00,NULL,2),(2083,1147,7,'End',0,'2024-10-28 15:26:04','MANUAL',7200,240.00,NULL,2),(2084,1152,7,'Start',0,'2024-10-28 15:26:45',NULL,3600,120.00,NULL,2),(2085,1143,5,'End',0,'2024-10-28 15:28:06','MANUAL',10800,360.00,NULL,2),(2086,1153,5,'Start',1,'2024-10-28 15:28:47',NULL,11061,368.00,NULL,2),(2087,1154,8,'Start',0,'2024-10-28 15:35:28',NULL,3600,120.00,NULL,2),(2088,1152,7,'End',0,'2024-10-28 16:12:03','MANUAL',3600,120.00,NULL,2),(2089,1154,8,'End',0,'2024-10-28 16:36:14','AUTO',216000,120.00,NULL,999999),(2090,1153,5,'End',0,'2024-10-28 18:35:53','MANUAL',11061,368.00,NULL,2),(2091,1155,5,'Start',0,'2024-10-28 19:27:46',NULL,3600,120.00,NULL,2),(2092,1156,7,'Start',0,'2024-10-28 19:39:48',NULL,3600,120.00,NULL,2),(2093,1157,6,'Start',0,'2024-10-28 19:42:51',NULL,3600,120.00,NULL,2),(2094,1158,8,'Start',0,'2024-10-28 19:45:10',NULL,3600,120.00,NULL,2),(2095,1159,8,'Extend',0,'2024-10-28 19:45:18',NULL,3600,120.00,NULL,2),(2096,1160,7,'Pause',0,'2024-10-28 20:09:01',NULL,1847,0.00,NULL,2),(2097,1156,7,'End',0,'2024-10-28 20:22:26','MANUAL',5447,120.00,NULL,2),(2098,1161,7,'Start',0,'2024-10-28 20:22:31',NULL,3600,120.00,NULL,2),(2099,1155,5,'End',0,'2024-10-28 20:28:41','AUTO',216000,120.00,NULL,999999),(2100,1157,6,'End',0,'2024-10-28 20:43:47','AUTO',216000,120.00,NULL,999999),(2101,1162,5,'Start',1,'2024-10-28 20:44:35',NULL,5923,197.00,NULL,2),(2102,1163,6,'Start',1,'2024-10-28 21:20:14',NULL,7287,242.00,NULL,2),(2103,1161,7,'End',0,'2024-10-28 21:22:39','MANUAL',3600,120.00,NULL,2),(2104,1164,7,'Start',0,'2024-10-28 21:43:41',NULL,3600,120.00,NULL,2),(2105,1158,8,'End',0,'2024-10-28 21:46:43','AUTO',432000,240.00,NULL,999999),(2106,1165,8,'Start',1,'2024-10-28 22:02:06',NULL,9576,319.00,NULL,2),(2107,1162,5,'End',0,'2024-10-28 22:24:46','MANUAL',5923,197.00,NULL,2),(2108,1164,7,'End',0,'2024-10-28 22:44:40','AUTO',216000,120.00,NULL,999999),(2109,1166,7,'Start',0,'2024-10-28 22:45:54',NULL,3600,120.00,NULL,2),(2110,1167,5,'Start',0,'2024-10-28 23:05:35',NULL,3600,120.00,NULL,2),(2111,1163,6,'End',0,'2024-10-28 23:23:32','MANUAL',7287,242.00,NULL,2),(2112,1168,6,'Start',0,'2024-10-28 23:24:51',NULL,3600,120.00,NULL,2),(2113,1166,7,'End',0,'2024-10-28 23:46:52','AUTO',216000,120.00,NULL,999999),(2114,1167,5,'End',0,'2024-10-29 00:06:30','AUTO',216000,120.00,NULL,999999),(2115,1168,6,'End',0,'2024-10-29 00:25:47','AUTO',216000,120.00,NULL,999999),(2116,1169,7,'Start',0,'2024-10-29 00:37:11',NULL,3600,120.00,NULL,2),(2117,1165,8,'End',0,'2024-10-29 00:43:41','MANUAL',9576,319.00,NULL,2),(2118,1170,6,'Start',0,'2024-10-29 00:45:50',NULL,3600,120.00,NULL,2),(2119,1171,5,'Start',0,'2024-10-29 00:50:52',NULL,3600,120.00,NULL,2),(2120,1169,7,'End',0,'2024-10-29 01:38:10','AUTO',216000,120.00,NULL,999999),(2121,1170,6,'End',0,'2024-10-29 01:46:46','AUTO',216000,120.00,NULL,999999),(2122,1171,5,'End',0,'2024-10-29 15:40:59','MANUAL',3600,120.00,NULL,2),(2123,1172,8,'Start',0,'2024-10-29 15:41:07',NULL,3600,120.00,NULL,2),(2124,1172,8,'End',0,'2024-10-29 16:31:17','MANUAL',3600,120.00,NULL,2),(2125,1173,5,'Start',0,'2024-10-29 18:15:19',NULL,3600,120.00,NULL,2),(2126,1174,7,'Start',0,'2024-10-29 18:23:30',NULL,3600,120.00,NULL,2),(2127,1175,6,'Start',0,'2024-10-29 18:38:21',NULL,3600,120.00,NULL,2),(2128,1176,8,'Start',0,'2024-10-29 18:38:24',NULL,3600,120.00,NULL,2),(2129,1173,5,'End',0,'2024-10-29 19:16:10','MANUAL',3600,120.00,NULL,2),(2130,1177,5,'Start',0,'2024-10-29 19:17:32',NULL,3600,120.00,NULL,2),(2131,1174,7,'End',0,'2024-10-29 19:24:29','AUTO',216000,120.00,NULL,999999),(2132,1178,7,'Start',0,'2024-10-29 19:25:18',NULL,3600,120.00,NULL,2),(2133,1176,8,'End',0,'2024-10-29 19:39:09','AUTO',216000,120.00,NULL,999999),(2134,1175,6,'End',0,'2024-10-29 19:39:17','AUTO',216000,120.00,NULL,999999),(2135,1179,8,'Start',0,'2024-10-29 19:39:55',NULL,3600,120.00,NULL,2),(2136,1179,8,'End',0,'2024-10-29 19:40:50','MANUAL',3600,120.00,NULL,2),(2137,1180,6,'Start',0,'2024-10-29 19:40:59',NULL,3600,120.00,NULL,2),(2138,1177,5,'End',0,'2024-10-29 20:18:16','MANUAL',3600,120.00,NULL,2),(2139,1181,8,'Start',0,'2024-10-29 20:20:34',NULL,3600,120.00,NULL,2),(2140,1178,7,'End',0,'2024-10-29 20:26:17','AUTO',216000,120.00,NULL,999999),(2141,1182,7,'Start',0,'2024-10-29 20:26:36',NULL,3600,120.00,NULL,2),(2142,1183,5,'Start',1,'2024-10-29 20:40:31',NULL,3524,117.00,NULL,2),(2143,1180,6,'End',0,'2024-10-29 20:41:54','AUTO',216000,120.00,NULL,999999),(2144,1181,8,'End',0,'2024-10-29 21:21:19','AUTO',216000,120.00,NULL,999999),(2145,1182,7,'End',0,'2024-10-29 21:27:34','AUTO',216000,120.00,NULL,999999),(2146,1184,7,'Start',0,'2024-10-29 21:30:28',NULL,3600,120.00,NULL,2),(2147,1183,5,'End',0,'2024-10-29 21:40:07','MANUAL',3524,117.00,NULL,2),(2148,1185,6,'Start',0,'2024-10-29 21:40:28',NULL,3600,120.00,NULL,2),(2149,1186,8,'Start',0,'2024-10-29 21:43:31',NULL,3600,120.00,NULL,2),(2150,1187,6,'Pause',0,'2024-10-29 22:23:30',NULL,1018,0.00,NULL,2),(2151,1184,7,'End',0,'2024-10-29 22:30:34','MANUAL',3600,120.00,NULL,2),(2152,1188,7,'Start',1,'2024-10-29 22:31:02',NULL,3542,118.00,NULL,2),(2153,1186,8,'End',0,'2024-10-29 22:44:17','AUTO',216000,120.00,NULL,999999),(2154,1189,5,'Start',0,'2024-10-29 22:47:24',NULL,3600,120.00,NULL,2),(2155,1190,6,'Resume',0,'2024-10-29 23:03:48',NULL,0,0.00,NULL,2),(2156,1185,6,'End',0,'2024-10-29 23:05:16','MANUAL',4618,120.00,NULL,2),(2157,1191,8,'Start',1,'2024-10-29 23:05:23',NULL,3575,119.00,NULL,2),(2158,1192,6,'Start',0,'2024-10-29 23:30:54',NULL,3600,120.00,NULL,2),(2159,1188,7,'End',0,'2024-10-29 23:30:59','MANUAL',3542,118.00,NULL,2),(2160,1193,7,'Start',0,'2024-10-29 23:37:46',NULL,3600,120.00,NULL,2),(2161,1189,5,'End',0,'2024-10-29 23:48:18','AUTO',216000,120.00,NULL,999999),(2162,1194,5,'Start',0,'2024-10-29 23:49:05',NULL,3600,120.00,NULL,2),(2163,1191,8,'End',0,'2024-10-30 00:05:43','MANUAL',3575,119.00,NULL,2),(2164,1195,8,'Start',0,'2024-10-30 00:05:48',NULL,3600,120.00,NULL,2),(2165,1196,8,'Extend',0,'2024-10-30 00:05:56',NULL,3600,120.00,NULL,2),(2166,1192,6,'End',0,'2024-10-30 00:31:24','MANUAL',3600,120.00,NULL,2),(2167,1193,7,'End',0,'2024-10-30 00:38:45','AUTO',216000,120.00,NULL,999999),(2168,1197,7,'Start',0,'2024-10-30 00:40:02',NULL,3600,120.00,NULL,2),(2169,1194,5,'End',0,'2024-10-30 00:49:09','MANUAL',3600,120.00,NULL,2),(2170,1195,8,'End',0,'2024-10-30 01:06:31','MANUAL',7200,240.00,NULL,2),(2171,1197,7,'End',0,'2024-10-30 01:41:01','AUTO',216000,120.00,NULL,999999),(2172,1198,7,'Start',0,'2024-10-30 15:30:49',NULL,3600,120.00,NULL,2),(2173,1198,7,'End',0,'2024-10-30 16:28:41','MANUAL',3600,120.00,NULL,2),(2174,1199,8,'Start',0,'2024-10-30 17:45:01',NULL,3600,120.00,NULL,2),(2175,1200,8,'Extend',0,'2024-10-30 17:45:20',NULL,3600,120.00,NULL,2),(2176,1201,6,'Start',0,'2024-10-30 18:03:44',NULL,3600,120.00,NULL,2),(2177,1202,7,'Start',1,'2024-10-30 18:05:00',NULL,10540,351.00,NULL,2),(2178,1203,5,'Start',0,'2024-10-30 18:15:46',NULL,3600,120.00,NULL,2),(2179,1204,6,'Extend',0,'2024-10-30 19:00:13',NULL,3600,120.00,NULL,2),(2180,1203,5,'End',0,'2024-10-30 19:14:54','MANUAL',3600,120.00,NULL,2),(2181,1205,5,'Start',0,'2024-10-30 19:15:41',NULL,3600,120.00,NULL,2),(2182,1199,8,'End',0,'2024-10-30 19:46:33','AUTO',432000,240.00,NULL,999999),(2183,1206,8,'Start',0,'2024-10-30 19:48:21',NULL,3600,120.00,NULL,2),(2184,1201,6,'End',0,'2024-10-30 20:02:42','MANUAL',7200,240.00,NULL,2),(2185,1207,6,'Start',0,'2024-10-30 20:04:09',NULL,3600,120.00,NULL,2),(2186,1205,5,'End',0,'2024-10-30 20:08:50','MANUAL',3600,120.00,NULL,2),(2187,1208,5,'Start',0,'2024-10-30 20:09:07',NULL,3600,120.00,NULL,2),(2188,1206,8,'End',0,'2024-10-30 20:49:07','AUTO',216000,120.00,NULL,999999),(2189,1209,8,'Start',0,'2024-10-30 20:51:50',NULL,3600,120.00,NULL,2),(2190,1202,7,'End',0,'2024-10-30 21:03:27','MANUAL',10540,351.00,NULL,2),(2191,1210,7,'Start',0,'2024-10-30 21:04:41',NULL,3600,120.00,NULL,2),(2192,1207,6,'End',0,'2024-10-30 21:04:48','MANUAL',3600,120.00,NULL,2),(2193,1211,6,'Start',0,'2024-10-30 21:05:43',NULL,3600,120.00,NULL,2),(2194,1208,5,'End',0,'2024-10-30 21:10:01','AUTO',216000,120.00,NULL,999999),(2195,1209,8,'End',0,'2024-10-30 21:52:36','AUTO',216000,120.00,NULL,999999),(2196,1212,8,'Start',0,'2024-10-30 21:56:30',NULL,3600,120.00,NULL,2),(2197,1210,7,'End',0,'2024-10-30 22:05:40','AUTO',216000,120.00,NULL,999999),(2198,1211,6,'End',0,'2024-10-30 22:06:39','AUTO',216000,120.00,NULL,999999),(2199,1213,7,'Start',1,'2024-10-30 22:07:14',NULL,6848,228.00,NULL,2),(2200,1212,8,'End',0,'2024-10-30 22:56:36','MANUAL',3600,120.00,NULL,2),(2201,1214,6,'Start',0,'2024-10-30 23:04:59',NULL,3600,120.00,NULL,2),(2202,1215,8,'Start',0,'2024-10-30 23:06:05',NULL,3600,120.00,NULL,2),(2203,1216,5,'Start',0,'2024-10-30 23:42:07',NULL,3600,120.00,NULL,2),(2204,1213,7,'End',0,'2024-10-31 00:03:12','MANUAL',6848,228.00,NULL,2),(2205,1214,6,'End',0,'2024-10-31 00:05:55','AUTO',216000,120.00,NULL,999999),(2206,1215,8,'End',0,'2024-10-31 00:06:51','AUTO',216000,120.00,NULL,999999),(2207,1216,5,'End',0,'2024-10-31 00:42:11','MANUAL',3600,120.00,NULL,2),(2208,1217,7,'Start Free',0,'2024-10-31 01:05:58',NULL,0,0.00,'m',2),(2209,1217,7,'End Free',0,'2024-10-31 15:18:21',NULL,51143,0.00,NULL,2),(2210,1218,6,'Start',0,'2024-10-31 15:48:13',NULL,3600,120.00,NULL,2),(2211,1218,6,'End',0,'2024-10-31 16:49:09','AUTO',216000,120.00,NULL,999999),(2212,1219,7,'Start',0,'2024-10-31 16:56:14',NULL,3600,120.00,NULL,2),(2213,1220,8,'Start',1,'2024-10-31 17:28:28',NULL,10725,357.00,NULL,2),(2214,1219,7,'End',0,'2024-10-31 17:57:14','AUTO',216000,120.00,NULL,999999),(2215,1221,7,'Start',0,'2024-10-31 18:53:30',NULL,3600,120.00,NULL,2),(2216,1221,7,'End',0,'2024-10-31 19:53:50','MANUAL',3600,120.00,NULL,2),(2217,1222,7,'Start',0,'2024-10-31 19:54:27',NULL,3600,120.00,NULL,2),(2218,1223,5,'Start',0,'2024-10-31 19:56:49',NULL,3600,120.00,NULL,2),(2219,1224,6,'Start',0,'2024-10-31 20:28:16',NULL,3600,120.00,NULL,2),(2220,1220,8,'End',0,'2024-10-31 20:29:27','MANUAL',10725,357.00,NULL,2),(2221,1225,8,'Start',0,'2024-10-31 20:35:17',NULL,3600,120.00,NULL,2),(2222,1222,7,'End',0,'2024-10-31 20:55:26','AUTO',216000,120.00,NULL,999999),(2223,1223,5,'End',0,'2024-10-31 20:55:56','MANUAL',3600,120.00,NULL,2),(2224,1226,5,'Start',0,'2024-10-31 20:57:39',NULL,3600,120.00,NULL,2),(2225,1227,7,'Start',0,'2024-10-31 20:59:22',NULL,3600,120.00,NULL,2),(2226,1224,6,'End',0,'2024-10-31 21:28:36','MANUAL',3600,120.00,NULL,2),(2227,1228,6,'Start',1,'2024-10-31 21:28:58',NULL,7197,239.00,NULL,2),(2228,1225,8,'End',0,'2024-10-31 21:36:02','AUTO',216000,120.00,NULL,999999),(2229,1229,8,'Start',0,'2024-10-31 21:41:30',NULL,3600,120.00,NULL,2),(2230,1226,5,'End',0,'2024-10-31 21:58:33','AUTO',216000,120.00,NULL,999999),(2231,1230,5,'Start',0,'2024-10-31 21:59:39',NULL,3600,120.00,NULL,2),(2232,1227,7,'End',0,'2024-10-31 22:00:21','AUTO',216000,120.00,NULL,999999),(2233,1231,7,'Start',0,'2024-10-31 22:02:41',NULL,3600,120.00,NULL,2),(2234,1229,8,'End',0,'2024-10-31 22:42:16','AUTO',216000,120.00,NULL,999999),(2235,1232,8,'Start',1,'2024-10-31 22:42:30',NULL,3441,114.00,NULL,2),(2236,1230,5,'End',0,'2024-10-31 23:00:33','AUTO',216000,120.00,NULL,999999),(2237,1231,7,'End',0,'2024-10-31 23:01:46','MANUAL',3600,120.00,NULL,2),(2238,1233,7,'Start',1,'2024-10-31 23:02:17',NULL,10582,352.00,NULL,2),(2239,1228,6,'End',0,'2024-10-31 23:30:45','MANUAL',7197,239.00,NULL,2),(2240,1234,6,'Start',0,'2024-10-31 23:34:57',NULL,3600,120.00,NULL,2),(2241,1232,8,'End',0,'2024-10-31 23:40:32','MANUAL',3441,114.00,NULL,2),(2242,1235,5,'Start',0,'2024-10-31 23:40:51',NULL,3600,120.00,NULL,2),(2243,1236,8,'Start',0,'2024-11-01 00:13:51',NULL,3600,120.00,NULL,2),(2244,1234,6,'End',0,'2024-11-01 00:35:53','AUTO',216000,120.00,NULL,999999),(2245,1235,5,'End',0,'2024-11-01 00:41:51','AUTO',216000,120.00,NULL,999999),(2246,1237,5,'Start',0,'2024-11-01 00:50:40',NULL,3600,120.00,NULL,2),(2247,1236,8,'End',0,'2024-11-01 01:14:37','AUTO',216000,120.00,NULL,999999),(2248,1237,5,'End',0,'2024-11-01 01:51:35','AUTO',216000,120.00,NULL,999999),(2249,1233,7,'End',0,'2024-11-01 02:01:28','MANUAL',10582,352.00,NULL,2),(2250,1238,6,'Start',0,'2024-11-03 17:48:54',NULL,3600,120.00,NULL,2),(2251,1239,7,'Start',0,'2024-11-03 18:02:50',NULL,3600,120.00,NULL,2),(2252,1238,6,'End',0,'2024-11-03 18:28:20','MANUAL',3600,120.00,NULL,2),(2253,1240,8,'Start',0,'2024-11-03 18:43:41',NULL,3600,120.00,NULL,2),(2254,1241,6,'Start',1,'2024-11-03 18:44:27',NULL,11821,394.00,NULL,2),(2255,1242,5,'Start',1,'2024-11-03 19:00:02',NULL,3293,109.00,NULL,2),(2256,1239,7,'End',0,'2024-11-03 19:04:38','MANUAL',3600,120.00,NULL,2),(2257,1243,7,'Start',0,'2024-11-03 19:04:46',NULL,3600,120.00,NULL,2),(2258,1240,8,'End',0,'2024-11-03 19:47:07','MANUAL',3600,120.00,NULL,2),(2259,1244,8,'Start',1,'2024-11-03 19:47:12',NULL,15189,506.00,NULL,2),(2260,1242,5,'End',0,'2024-11-03 19:55:43','MANUAL',3293,109.00,NULL,2),(2261,1243,7,'End',0,'2024-11-03 20:06:52','MANUAL',3600,120.00,NULL,2),(2262,1245,5,'Start',0,'2024-11-03 20:09:55',NULL,3600,120.00,NULL,2),(2263,1246,7,'Start',1,'2024-11-03 20:12:15',NULL,6096,203.00,NULL,2),(2264,1245,5,'End',0,'2024-11-03 21:31:54','MANUAL',3600,120.00,NULL,2),(2265,1246,7,'End',0,'2024-11-03 21:55:28','MANUAL',6096,203.00,NULL,2),(2266,1247,7,'Start',0,'2024-11-03 21:58:03',NULL,3600,120.00,NULL,2),(2267,1241,6,'End',0,'2024-11-03 22:04:29','MANUAL',11821,394.00,NULL,2),(2268,1248,6,'Start',0,'2024-11-03 22:06:54',NULL,3600,120.00,NULL,2),(2269,1249,5,'Start',0,'2024-11-03 22:49:17',NULL,3600,120.00,NULL,2),(2270,1247,7,'End',0,'2024-11-03 22:59:48','MANUAL',3600,120.00,NULL,2),(2271,1250,7,'Start',0,'2024-11-03 22:59:57',NULL,3600,120.00,NULL,2),(2272,1248,6,'End',0,'2024-11-03 23:04:06','MANUAL',3600,120.00,NULL,2),(2273,1251,6,'Start',1,'2024-11-03 23:04:12',NULL,2,2.00,NULL,2),(2274,1251,6,'End',0,'2024-11-03 23:04:08','MANUAL',2,2.00,NULL,2),(2275,1252,6,'Start',0,'2024-11-03 23:06:30',NULL,3600,120.00,NULL,2),(2276,1253,6,'Extend',0,'2024-11-03 23:06:40',NULL,3600,120.00,NULL,2),(2277,1254,6,'Extend',0,'2024-11-03 23:06:55',NULL,3600,120.00,NULL,2),(2278,1250,7,'End',0,'2024-11-03 23:50:07','MANUAL',3600,120.00,NULL,2),(2279,1249,5,'End',0,'2024-11-03 23:50:18','MANUAL',3600,120.00,NULL,2),(2280,1255,7,'Start',0,'2024-11-03 23:51:21',NULL,3600,120.00,NULL,2),(2281,1256,5,'Start',0,'2024-11-03 23:51:27',NULL,3600,120.00,NULL,2),(2282,1244,8,'End',0,'2024-11-04 00:03:32','MANUAL',15189,506.00,NULL,2),(2283,1257,8,'Start',0,'2024-11-04 00:39:32',NULL,3600,120.00,NULL,2),(2284,1255,7,'End',0,'2024-11-04 00:51:43','MANUAL',3600,120.00,NULL,2),(2285,1256,5,'End',0,'2024-11-04 00:51:55','MANUAL',3600,120.00,NULL,2),(2286,1258,7,'Start Free',0,'2024-11-04 01:00:24',NULL,0,0.00,'waiter',2),(2287,1257,8,'End',0,'2024-11-04 15:16:39','MANUAL',3600,120.00,NULL,2),(2288,1258,7,'End Free',0,'2024-11-04 15:16:47',NULL,51383,0.00,NULL,2),(2289,1259,7,'Start',1,'2024-11-04 15:16:54',NULL,3609,120.00,NULL,2),(2290,1252,6,'End',0,'2024-11-04 15:23:27','MANUAL',10800,360.00,NULL,2),(2291,1259,7,'End',0,'2024-11-04 16:17:59','MANUAL',3609,120.00,NULL,2),(2292,1260,8,'Start',0,'2024-11-04 17:08:27',NULL,3600,120.00,NULL,2),(2293,1261,5,'Start',0,'2024-11-04 17:11:46',NULL,3600,120.00,NULL,2),(2294,1262,7,'Start Free',0,'2024-11-04 17:29:19',NULL,0,0.00,'Ma\'am Janice',2),(2295,1262,7,'End Free',0,'2024-11-04 17:57:26',NULL,1687,0.00,NULL,2),(2296,1263,7,'Start',1,'2024-11-04 17:57:29',NULL,4199,139.00,NULL,2),(2297,1260,8,'End',0,'2024-11-04 18:09:08','MANUAL',3600,120.00,NULL,2),(2298,1261,5,'End',0,'2024-11-04 18:17:19','MANUAL',3600,120.00,NULL,2),(2299,1264,6,'Start',0,'2024-11-04 18:25:41',NULL,3600,120.00,NULL,2),(2300,1263,7,'End',0,'2024-11-04 19:08:34','MANUAL',4199,139.00,NULL,2),(2301,1265,7,'Start',0,'2024-11-04 19:10:13',NULL,3600,120.00,NULL,2),(2302,1264,6,'End',0,'2024-11-04 19:27:03','MANUAL',3600,120.00,NULL,2),(2303,1266,6,'Start',0,'2024-11-04 19:58:39',NULL,3600,120.00,NULL,2),(2304,1265,7,'End',0,'2024-11-04 20:14:30','MANUAL',3600,120.00,NULL,2),(2305,1267,8,'Start',0,'2024-11-04 20:17:50',NULL,3600,120.00,NULL,2),(2306,1268,5,'Start',1,'2024-11-04 20:19:16',NULL,115,3.00,NULL,2),(2307,1268,5,'End',0,'2024-11-04 20:21:12','MANUAL',115,3.00,NULL,2),(2308,1269,7,'Start',1,'2024-11-04 20:21:20',NULL,4926,164.00,NULL,2),(2309,1270,5,'Start',1,'2024-11-04 20:25:38',NULL,5401,180.00,NULL,2),(2310,1266,6,'End',0,'2024-11-04 21:00:05','MANUAL',3600,120.00,NULL,2),(2311,1271,6,'Start',1,'2024-11-04 21:01:20',NULL,4249,141.00,NULL,2),(2312,1267,8,'End',0,'2024-11-04 21:17:56','MANUAL',3600,120.00,NULL,2),(2313,1272,8,'Start',0,'2024-11-04 21:20:56',NULL,3600,120.00,NULL,2),(2314,1269,7,'End',0,'2024-11-04 21:44:44','MANUAL',4926,164.00,NULL,2),(2315,1273,7,'Start',1,'2024-11-04 21:45:33',NULL,8969,298.00,NULL,2),(2316,1270,5,'End',0,'2024-11-04 21:57:00','MANUAL',5401,180.00,NULL,2),(2317,1274,5,'Start',1,'2024-11-04 21:57:15',NULL,7116,237.00,NULL,2),(2318,1271,6,'End',0,'2024-11-04 22:13:13','MANUAL',4249,141.00,NULL,2),(2319,1275,6,'Start',0,'2024-11-04 22:20:52',NULL,3600,120.00,NULL,2),(2320,1272,8,'End',0,'2024-11-04 22:21:14','MANUAL',3600,120.00,NULL,2),(2321,1276,8,'Start',0,'2024-11-04 22:22:24',NULL,3600,120.00,NULL,2),(2322,1275,6,'End',0,'2024-11-04 23:21:00','MANUAL',3600,120.00,NULL,2),(2323,1277,6,'Start',0,'2024-11-04 23:21:52',NULL,3600,120.00,NULL,2),(2324,1277,6,'End',0,'2024-11-04 23:21:59','MANUAL',3600,120.00,NULL,2),(2325,1278,6,'Start',0,'2024-11-04 23:22:18',NULL,3600,120.00,NULL,2),(2326,1276,8,'End',0,'2024-11-04 23:22:44','MANUAL',3600,120.00,NULL,2),(2327,1279,8,'Start',0,'2024-11-04 23:23:26',NULL,3600,120.00,NULL,2),(2328,1274,5,'End',0,'2024-11-04 23:57:36','MANUAL',7116,237.00,NULL,2),(2329,1280,5,'Start',0,'2024-11-04 23:58:36',NULL,3600,120.00,NULL,2),(2330,1281,5,'Extend',0,'2024-11-04 23:58:41',NULL,3600,120.00,NULL,2),(2331,1280,5,'End',0,'2024-11-04 23:59:04','MANUAL',7200,240.00,NULL,2),(2332,1282,5,'Start',0,'2024-11-04 23:59:09',NULL,3600,120.00,NULL,2),(2333,1283,5,'Extend',0,'2024-11-04 23:59:14',NULL,1800,60.00,NULL,2),(2334,1273,7,'End',0,'2024-11-05 00:17:24','MANUAL',8969,298.00,NULL,2),(2335,1284,7,'Start',0,'2024-11-05 00:21:18',NULL,3600,120.00,NULL,2),(2336,1279,8,'End',0,'2024-11-05 00:25:06','MANUAL',3600,120.00,NULL,2),(2337,1278,6,'End',0,'2024-11-05 00:30:41','MANUAL',3600,120.00,NULL,2),(2338,1284,7,'End',0,'2024-11-05 14:45:39','MANUAL',3600,120.00,NULL,2),(2339,1282,5,'End',0,'2024-11-05 14:47:16','MANUAL',5400,180.00,NULL,2),(2340,1285,7,'Start',0,'2024-11-05 14:48:02',NULL,3600,120.00,NULL,2),(2341,1286,8,'Start',0,'2024-11-05 15:04:04',NULL,3600,120.00,NULL,2),(2342,1285,7,'End',0,'2024-11-05 15:48:53','MANUAL',3600,120.00,NULL,2),(2343,1287,6,'Start',1,'2024-11-05 15:52:10',NULL,5388,179.00,NULL,2),(2344,1286,8,'End',0,'2024-11-05 16:05:47','MANUAL',3600,120.00,NULL,2),(2345,1288,7,'Start',1,'2024-11-05 16:14:23',NULL,10935,364.00,NULL,2),(2346,1289,8,'Start',0,'2024-11-05 16:41:46',NULL,3600,120.00,NULL,2),(2347,1287,6,'End',0,'2024-11-05 17:23:21','MANUAL',5388,179.00,NULL,2),(2348,1290,6,'Start',0,'2024-11-05 17:48:31',NULL,3600,120.00,NULL,2),(2349,1291,5,'Start',0,'2024-11-05 17:52:06',NULL,3600,120.00,NULL,2),(2350,1289,8,'End',0,'2024-11-05 18:13:08','MANUAL',3600,120.00,NULL,2),(2351,1290,6,'End',0,'2024-11-05 18:48:38','MANUAL',3600,120.00,NULL,2),(2352,1291,5,'End',0,'2024-11-05 18:52:31','MANUAL',3600,120.00,NULL,2),(2353,1292,6,'Start',0,'2024-11-05 18:56:16',NULL,3600,120.00,NULL,2),(2354,1293,8,'Start',0,'2024-11-05 19:04:17',NULL,3600,120.00,NULL,2),(2355,1288,7,'End',0,'2024-11-05 19:19:33','MANUAL',10935,364.00,NULL,2),(2356,1294,7,'Start',0,'2024-11-05 19:21:25',NULL,3600,120.00,NULL,2),(2357,1295,5,'Start',0,'2024-11-05 19:43:26',NULL,3600,120.00,NULL,2),(2358,1292,6,'End',0,'2024-11-05 19:57:37','MANUAL',3600,120.00,NULL,2),(2359,1293,8,'End',0,'2024-11-05 19:57:42','MANUAL',3600,120.00,NULL,2),(2360,1296,6,'Start',0,'2024-11-05 19:59:53',NULL,3600,120.00,NULL,2),(2361,1297,8,'Start',0,'2024-11-05 20:00:02',NULL,3600,120.00,NULL,2),(2362,1294,7,'End',0,'2024-11-05 20:20:53','MANUAL',3600,120.00,NULL,2),(2363,1298,7,'Start',1,'2024-11-05 20:22:11',NULL,7090,236.00,NULL,2),(2364,1295,5,'End',0,'2024-11-05 20:44:49','MANUAL',3600,120.00,NULL,2),(2365,1299,5,'Start',0,'2024-11-05 20:46:28',NULL,3600,120.00,NULL,2),(2366,1297,8,'End',0,'2024-11-05 21:00:33','MANUAL',3600,120.00,NULL,2),(2367,1296,6,'End',0,'2024-11-05 21:00:35','MANUAL',3600,120.00,NULL,2),(2368,1300,6,'Start',0,'2024-11-05 21:02:00',NULL,3600,120.00,NULL,2),(2369,1301,8,'Start',0,'2024-11-05 21:03:09',NULL,3600,120.00,NULL,2),(2370,1299,5,'End',0,'2024-11-05 21:46:33','MANUAL',3600,120.00,NULL,2),(2371,1302,5,'Start',1,'2024-11-05 21:47:06',NULL,27,2.00,NULL,2),(2372,1302,5,'End',0,'2024-11-05 21:47:36','MANUAL',27,2.00,NULL,2),(2373,1303,5,'Start',1,'2024-11-05 21:49:10',NULL,8358,278.00,NULL,2),(2374,1300,6,'End',0,'2024-11-05 21:54:46','MANUAL',3600,120.00,NULL,2),(2375,1304,6,'Start',1,'2024-11-05 21:54:52',NULL,9463,315.00,NULL,2),(2376,1305,8,'Extend',0,'2024-11-05 21:57:16',NULL,3600,120.00,NULL,2),(2377,1298,7,'End',0,'2024-11-05 22:22:14','MANUAL',7090,236.00,NULL,2),(2378,1306,7,'Start',1,'2024-11-05 22:23:51',NULL,7594,253.00,NULL,2),(2379,1301,8,'End',0,'2024-11-05 23:03:23','MANUAL',7200,240.00,NULL,2),(2380,1307,8,'Start',0,'2024-11-05 23:11:50',NULL,3600,120.00,NULL,2),(2381,1303,5,'End',0,'2024-11-06 00:10:30','MANUAL',8358,278.00,NULL,2),(2382,1307,8,'End',0,'2024-11-06 00:17:15','MANUAL',3600,120.00,NULL,2),(2383,1308,8,'Start',0,'2024-11-06 00:17:28',NULL,3600,120.00,NULL,2),(2384,1309,8,'Extend',0,'2024-11-06 00:21:42',NULL,3600,120.00,NULL,2),(2385,1306,7,'End',0,'2024-11-06 00:32:25','MANUAL',7594,253.00,NULL,2),(2386,1304,6,'End',0,'2024-11-06 00:35:01','MANUAL',9463,315.00,NULL,2),(2387,1310,7,'Start Free',0,'2024-11-06 01:04:02',NULL,0,0.00,'waiters',2),(2388,1310,7,'End Free',0,'2024-11-06 14:58:57',NULL,50095,0.00,NULL,2),(2389,1308,8,'End',0,'2024-11-06 14:59:04','MANUAL',7200,240.00,NULL,2),(2390,1311,6,'Start',0,'2024-11-06 15:30:44',NULL,3600,120.00,NULL,2),(2391,1312,8,'Start',0,'2024-11-06 15:33:40',NULL,3600,120.00,NULL,2),(2392,1313,5,'Start',0,'2024-11-06 16:18:30',NULL,3600,120.00,NULL,2),(2393,1314,7,'Start',0,'2024-11-06 16:27:49',NULL,3600,120.00,NULL,2),(2394,1311,6,'End',0,'2024-11-06 16:33:10','MANUAL',3600,120.00,NULL,2),(2395,1312,8,'End',0,'2024-11-06 16:33:38','MANUAL',3600,120.00,NULL,2),(2396,1315,6,'Start',0,'2024-11-06 16:45:53',NULL,3600,120.00,NULL,2),(2397,1313,5,'End',0,'2024-11-06 17:20:56','MANUAL',3600,120.00,NULL,2),(2398,1314,7,'End',0,'2024-11-06 17:32:23','MANUAL',3600,120.00,NULL,2),(2399,1315,6,'End',0,'2024-11-06 17:46:50','MANUAL',3600,120.00,NULL,2),(2400,1316,5,'Start Free',0,'2024-11-06 18:39:10',NULL,0,0.00,'yssa',2),(2401,1317,6,'Start',0,'2024-11-06 18:39:17',NULL,3600,120.00,NULL,2),(2402,1318,7,'Start',0,'2024-11-06 18:58:51',NULL,3600,120.00,NULL,2),(2403,1319,8,'Start',0,'2024-11-06 18:59:44',NULL,3600,120.00,NULL,2),(2404,1317,6,'End',0,'2024-11-06 19:41:11','MANUAL',3600,120.00,NULL,2),(2405,1320,6,'Start',0,'2024-11-06 19:44:46',NULL,3600,120.00,NULL,2),(2406,1318,7,'End',0,'2024-11-06 19:57:51','MANUAL',3600,120.00,NULL,2),(2407,1321,7,'Start',1,'2024-11-06 19:58:19',NULL,7190,239.00,NULL,2),(2408,1319,8,'End',0,'2024-11-06 19:58:47','MANUAL',3600,120.00,NULL,2),(2409,1322,8,'Start',0,'2024-11-06 19:59:18',NULL,3600,120.00,NULL,2),(2410,1320,6,'End',0,'2024-11-06 20:45:04','MANUAL',3600,120.00,NULL,2),(2411,1323,6,'Start',0,'2024-11-06 20:46:09',NULL,3600,120.00,NULL,2),(2412,1322,8,'End',0,'2024-11-06 21:00:10','MANUAL',3600,120.00,NULL,2),(2413,1324,8,'Start',0,'2024-11-06 21:01:07',NULL,3600,120.00,NULL,2),(2414,1324,8,'End',0,'2024-11-06 21:01:36','MANUAL',3600,120.00,NULL,2),(2415,1325,8,'Start',1,'2024-11-06 21:01:39',NULL,3747,124.00,NULL,2),(2416,1326,6,'Extend',0,'2024-11-06 21:41:20',NULL,3600,120.00,NULL,2),(2417,1321,7,'End',0,'2024-11-06 22:00:02','MANUAL',7190,239.00,NULL,2),(2418,1327,7,'Start',1,'2024-11-06 22:00:19',NULL,12463,415.00,NULL,2),(2419,1325,8,'End',0,'2024-11-06 22:05:00','MANUAL',3747,124.00,NULL,2),(2420,1328,8,'Start',1,'2024-11-06 22:18:46',NULL,7241,241.00,NULL,2),(2421,1316,5,'End Free',0,'2024-11-06 22:37:37',NULL,14307,0.00,NULL,2),(2422,1323,6,'End',0,'2024-11-06 22:49:11','MANUAL',7200,240.00,NULL,2),(2423,1329,6,'Start',0,'2024-11-06 22:49:16',NULL,3600,120.00,NULL,2),(2424,1330,5,'Start',0,'2024-11-06 23:05:55',NULL,3600,120.00,NULL,2),(2425,1329,6,'End',0,'2024-11-06 23:49:38','MANUAL',3600,120.00,NULL,2),(2426,1331,6,'Start',0,'2024-11-06 23:54:23',NULL,3600,120.00,NULL,2),(2427,1328,8,'End',0,'2024-11-07 00:20:57','MANUAL',7241,241.00,NULL,2),(2428,1330,5,'End',0,'2024-11-07 00:31:38','MANUAL',3600,120.00,NULL,2),(2429,1327,7,'End',0,'2024-11-07 01:31:20','MANUAL',12463,415.00,NULL,2),(2430,1331,6,'End',0,'2024-11-07 15:22:25','MANUAL',3600,120.00,NULL,2),(2431,1332,5,'Start',0,'2024-11-07 15:22:31',NULL,3600,120.00,NULL,2),(2432,1333,6,'Start',0,'2024-11-07 15:22:35',NULL,3600,120.00,NULL,2),(2433,1334,7,'Start',0,'2024-11-07 15:31:11',NULL,3600,120.00,NULL,2),(2434,1333,6,'End',0,'2024-11-07 16:04:36','MANUAL',3600,120.00,NULL,2),(2435,1335,5,'Extend',0,'2024-11-07 16:05:04',NULL,3600,120.00,NULL,2),(2436,1334,7,'End',0,'2024-11-07 16:39:36','MANUAL',3600,120.00,NULL,2),(2437,1336,7,'Start',0,'2024-11-07 16:41:34',NULL,3600,120.00,NULL,2),(2438,1332,5,'End',0,'2024-11-07 17:25:31','MANUAL',7200,240.00,NULL,2),(2439,1336,7,'End',0,'2024-11-07 17:50:44','MANUAL',3600,120.00,NULL,2),(2440,1337,6,'Start',0,'2024-11-07 17:50:58',NULL,3600,120.00,NULL,2),(2441,1338,8,'Start',0,'2024-11-07 18:03:18',NULL,3600,120.00,NULL,2),(2442,1339,7,'Start',0,'2024-11-07 18:16:29',NULL,3600,120.00,NULL,2),(2443,1337,6,'End',0,'2024-11-07 18:56:57','MANUAL',3600,120.00,NULL,2),(2444,1340,6,'Start',0,'2024-11-07 18:57:47',NULL,3600,120.00,NULL,2),(2445,1341,5,'Start',0,'2024-11-07 19:01:47',NULL,3600,120.00,NULL,2),(2446,1338,8,'End',0,'2024-11-07 19:06:23','MANUAL',3600,120.00,NULL,2),(2447,1339,7,'End',0,'2024-11-07 19:17:23','MANUAL',3600,120.00,NULL,2),(2448,1342,8,'Start',0,'2024-11-07 19:18:22',NULL,3600,120.00,NULL,2),(2449,1343,7,'Start',0,'2024-11-07 19:22:58',NULL,3600,120.00,NULL,2),(2450,1340,6,'End',0,'2024-11-07 19:56:15','MANUAL',3600,120.00,NULL,2),(2451,1344,6,'Start',0,'2024-11-07 19:56:20',NULL,3600,120.00,NULL,2),(2452,1341,5,'End',0,'2024-11-07 20:02:43','MANUAL',3600,120.00,NULL,2),(2453,1345,5,'Start',0,'2024-11-07 20:03:29',NULL,3600,120.00,NULL,2),(2454,1342,8,'End',0,'2024-11-07 20:20:05','MANUAL',3600,120.00,NULL,2),(2455,1346,8,'Start',0,'2024-11-07 20:20:57',NULL,3600,120.00,NULL,2),(2456,1343,7,'End',0,'2024-11-07 20:23:24','MANUAL',3600,120.00,NULL,2),(2457,1347,7,'Start',0,'2024-11-07 20:23:36',NULL,3600,120.00,NULL,2),(2458,1344,6,'End',0,'2024-11-07 20:55:31','MANUAL',3600,120.00,NULL,2),(2459,1348,6,'Start',0,'2024-11-07 20:56:02',NULL,3600,120.00,NULL,2),(2460,1345,5,'End',0,'2024-11-07 21:05:24','MANUAL',3600,120.00,NULL,2),(2461,1349,5,'Start',0,'2024-11-07 21:05:28',NULL,3600,120.00,NULL,2),(2462,1346,8,'End',0,'2024-11-07 21:21:54','MANUAL',3600,120.00,NULL,2),(2463,1350,8,'Start',0,'2024-11-07 21:22:00',NULL,3600,120.00,NULL,2),(2464,1347,7,'End',0,'2024-11-07 21:24:40','MANUAL',3600,120.00,NULL,2),(2465,1351,7,'Start',0,'2024-11-07 21:45:59',NULL,3600,120.00,NULL,2),(2466,1348,6,'End',0,'2024-11-07 21:57:39','MANUAL',3600,120.00,NULL,2),(2467,1352,6,'Start',0,'2024-11-07 21:58:10',NULL,3600,120.00,NULL,2),(2468,1349,5,'End',0,'2024-11-07 22:06:27','MANUAL',3600,120.00,NULL,2),(2469,1353,5,'Start',1,'2024-11-07 22:19:22',NULL,8196,273.00,NULL,2),(2470,1350,8,'End',0,'2024-11-07 22:26:45','MANUAL',3600,120.00,NULL,2),(2471,1351,7,'End',0,'2024-11-07 22:47:09','MANUAL',3600,120.00,NULL,2),(2472,1354,7,'Start',0,'2024-11-07 22:52:53',NULL,3600,120.00,NULL,2),(2473,1355,8,'Start',0,'2024-11-07 22:56:08',NULL,3600,120.00,NULL,2),(2474,1352,6,'End',0,'2024-11-07 22:58:23','MANUAL',3600,120.00,NULL,2),(2475,1356,6,'Start',0,'2024-11-07 23:04:29',NULL,3600,120.00,NULL,2),(2476,1354,7,'End',0,'2024-11-07 23:57:51','MANUAL',3600,120.00,NULL,2),(2477,1357,7,'Start',0,'2024-11-07 23:57:55',NULL,3600,120.00,NULL,2),(2478,1356,6,'End',0,'2024-11-08 00:05:48','MANUAL',3600,120.00,NULL,2),(2479,1358,6,'Start',0,'2024-11-08 00:05:52',NULL,3600,120.00,NULL,2),(2480,1355,8,'End',0,'2024-11-08 00:07:21','MANUAL',3600,120.00,NULL,2),(2481,1359,8,'Start',0,'2024-11-08 00:07:25',NULL,3600,120.00,NULL,2),(2482,1357,7,'End',0,'2024-11-08 00:35:21','MANUAL',3600,120.00,NULL,2),(2483,1358,6,'End',0,'2024-11-08 00:35:28','MANUAL',3600,120.00,NULL,2),(2484,1353,5,'End',0,'2024-11-08 00:37:59','MANUAL',8196,273.00,NULL,2),(2485,1360,7,'Start',0,'2024-11-08 00:56:32',NULL,3600,120.00,NULL,2),(2486,1361,6,'Start Free',0,'2024-11-08 01:31:25',NULL,0,0.00,'waitee',2),(2487,1361,6,'End Free',0,'2024-11-08 15:25:20',NULL,50035,0.00,NULL,2),(2488,1359,8,'End',0,'2024-11-08 15:25:25','MANUAL',3600,120.00,NULL,2),(2489,1360,7,'End',0,'2024-11-08 15:25:28','MANUAL',3600,120.00,NULL,2),(2490,1362,7,'Start',0,'2024-11-08 15:25:35',NULL,3600,120.00,NULL,2),(2491,1363,8,'Start',0,'2024-11-08 15:25:43',NULL,3600,120.00,NULL,2),(2492,1363,8,'End',0,'2024-11-08 15:26:27','MANUAL',3600,120.00,NULL,2),(2493,1364,6,'Start',0,'2024-11-08 15:26:30',NULL,3600,120.00,NULL,2),(2494,1365,8,'Start',0,'2024-11-08 15:26:34',NULL,3600,120.00,NULL,2),(2495,1366,5,'Start',0,'2024-11-08 15:33:33',NULL,3600,120.00,NULL,2),(2496,1362,7,'End',0,'2024-11-08 16:25:44','MANUAL',3600,120.00,NULL,2),(2497,1367,7,'Start',1,'2024-11-08 16:25:52',NULL,2909,96.00,NULL,2),(2498,1365,8,'End',0,'2024-11-08 16:26:14','MANUAL',3600,120.00,NULL,2),(2499,1364,6,'End',0,'2024-11-08 16:26:38','MANUAL',3600,120.00,NULL,2),(2500,1366,5,'End',0,'2024-11-08 16:34:33','MANUAL',3600,120.00,NULL,2),(2501,1368,6,'Start',0,'2024-11-08 17:12:17',NULL,3600,120.00,NULL,2),(2502,1367,7,'End',0,'2024-11-08 17:15:08','MANUAL',2909,96.00,NULL,2),(2503,1369,5,'Start',0,'2024-11-08 17:15:40',NULL,3600,120.00,NULL,2),(2504,1369,5,'End',0,'2024-11-08 18:00:14','MANUAL',3600,120.00,NULL,2),(2505,1368,6,'End',0,'2024-11-08 18:14:51','MANUAL',3600,120.00,NULL,2),(2506,1370,5,'Start',0,'2024-11-08 18:38:52',NULL,3600,120.00,NULL,2),(2507,1371,7,'Start',1,'2024-11-08 19:04:54',NULL,4297,143.00,NULL,2),(2508,1372,8,'Start',0,'2024-11-08 19:37:05',NULL,3600,120.00,NULL,2),(2509,1373,8,'Extend',0,'2024-11-08 19:37:10',NULL,3600,120.00,NULL,2),(2510,1374,6,'Start',0,'2024-11-08 19:38:29',NULL,3600,120.00,NULL,2),(2511,1370,5,'End',0,'2024-11-08 19:41:05','MANUAL',3600,120.00,NULL,2),(2512,1371,7,'End',0,'2024-11-08 20:17:40','MANUAL',4297,143.00,NULL,2),(2513,1375,7,'Start',1,'2024-11-08 20:18:05',NULL,5836,194.00,NULL,2),(2514,1374,6,'End',0,'2024-11-08 20:40:35','MANUAL',3600,120.00,NULL,2),(2515,1376,6,'Start',0,'2024-11-08 20:40:47',NULL,3600,120.00,NULL,2),(2516,1377,5,'Start',0,'2024-11-08 21:04:18',NULL,3600,120.00,NULL,2),(2517,1372,8,'End',0,'2024-11-08 21:38:43','MANUAL',7200,240.00,NULL,2),(2518,1376,6,'End',0,'2024-11-08 21:42:22','MANUAL',3600,120.00,NULL,2),(2519,1378,6,'Start',0,'2024-11-08 21:42:26',NULL,3600,120.00,NULL,2),(2520,1379,8,'Start',0,'2024-11-08 21:43:28',NULL,3600,120.00,NULL,2),(2521,1375,7,'End',0,'2024-11-08 21:56:53','MANUAL',5836,194.00,NULL,2),(2522,1380,7,'Start',1,'2024-11-08 21:57:10',NULL,14126,470.00,NULL,2),(2523,1377,5,'End',0,'2024-11-08 22:05:44','MANUAL',3600,120.00,NULL,2),(2524,1381,5,'Start',0,'2024-11-08 22:07:26',NULL,3600,120.00,NULL,2),(2525,1378,6,'End',0,'2024-11-08 22:43:22','MANUAL',3600,120.00,NULL,2),(2526,1379,8,'End',0,'2024-11-08 22:44:26','MANUAL',3600,120.00,NULL,2),(2527,1382,6,'Start',1,'2024-11-08 22:44:29',NULL,7585,252.00,NULL,2),(2528,1383,8,'Start',1,'2024-11-08 22:48:36',NULL,6920,230.00,NULL,2),(2529,1381,5,'End',0,'2024-11-08 23:10:43','MANUAL',3600,120.00,NULL,2),(2530,1384,5,'Start',0,'2024-11-08 23:40:06',NULL,3600,120.00,NULL,2),(2531,1384,5,'End',0,'2024-11-09 00:41:48','MANUAL',3600,120.00,NULL,2),(2532,1383,8,'End',0,'2024-11-09 00:45:22','MANUAL',6920,230.00,NULL,2),(2533,1385,5,'Start',0,'2024-11-09 00:45:44',NULL,3600,120.00,NULL,2),(2534,1386,8,'Start',0,'2024-11-09 00:47:35',NULL,3600,120.00,NULL,2),(2535,1382,6,'End',0,'2024-11-09 00:52:49','MANUAL',7585,252.00,NULL,2),(2536,1387,6,'Start',0,'2024-11-09 00:55:09',NULL,3600,120.00,NULL,2),(2537,1386,8,'End',0,'2024-11-09 01:53:56','MANUAL',3600,120.00,NULL,2),(2538,1385,5,'End',0,'2024-11-09 01:54:01','MANUAL',3600,120.00,NULL,2),(2539,1387,6,'End',0,'2024-11-09 01:56:16','MANUAL',3600,120.00,NULL,2),(2540,1380,7,'End',0,'2024-11-09 01:56:21','MANUAL',14126,470.00,NULL,2),(2541,1388,7,'Start Free',0,'2024-11-09 02:05:41',NULL,0,0.00,'Chino',2),(2542,1389,7,'Start Free',0,'2024-11-09 02:05:37',NULL,0,0.00,'Chino',2),(2543,1389,7,'End Free',0,'2024-11-09 02:38:12',NULL,1955,0.00,NULL,2),(2544,1390,7,'Start',0,'2024-11-09 15:46:27',NULL,3600,120.00,NULL,2),(2545,1391,8,'Start',0,'2024-11-09 16:17:25',NULL,3600,120.00,NULL,2),(2546,1392,6,'Start',0,'2024-11-09 16:18:12',NULL,3600,120.00,NULL,2),(2547,1393,5,'Start',1,'2024-11-09 16:31:46',NULL,5725,190.00,NULL,2),(2548,1390,7,'End',0,'2024-11-09 16:47:07','MANUAL',3600,120.00,NULL,2),(2549,1394,7,'Start',0,'2024-11-09 17:08:36',NULL,3600,120.00,NULL,2),(2550,1392,6,'End',0,'2024-11-09 17:19:37','MANUAL',3600,120.00,NULL,2),(2551,1395,6,'Start',1,'2024-11-09 17:19:40',NULL,0,2.00,NULL,2),(2552,1391,8,'End',0,'2024-11-09 17:19:51','MANUAL',3600,120.00,NULL,2),(2553,1396,8,'Start',0,'2024-11-09 17:20:37',NULL,3600,120.00,NULL,2),(2554,1395,6,'End',0,'2024-11-09 17:49:55','MANUAL',0,2.00,NULL,2),(2555,1393,5,'End',0,'2024-11-09 18:08:37','MANUAL',5725,190.00,NULL,2),(2556,1397,6,'Start',0,'2024-11-09 18:16:44',NULL,3600,120.00,NULL,2),(2557,1394,7,'End',0,'2024-11-09 18:16:47','MANUAL',3600,120.00,NULL,2),(2558,1396,8,'End',0,'2024-11-09 18:22:22','MANUAL',3600,120.00,NULL,2),(2559,1398,7,'Start',0,'2024-11-09 18:22:46',NULL,3600,120.00,NULL,2),(2560,1399,8,'Start',0,'2024-11-09 18:25:32',NULL,3600,120.00,NULL,2),(2561,1400,5,'Start',0,'2024-11-09 19:06:10',NULL,3600,120.00,NULL,2),(2562,1397,6,'End',0,'2024-11-09 19:18:16','MANUAL',3600,120.00,NULL,2),(2563,1401,6,'Start',0,'2024-11-09 19:18:20',NULL,3600,120.00,NULL,2),(2564,1398,7,'End',0,'2024-11-09 19:23:51','MANUAL',3600,120.00,NULL,2),(2565,1402,7,'Start',0,'2024-11-09 19:24:12',NULL,3600,120.00,NULL,2),(2566,1399,8,'End',0,'2024-11-09 19:26:10','MANUAL',3600,120.00,NULL,2),(2567,1403,8,'Start',0,'2024-11-09 19:38:28',NULL,3600,120.00,NULL,2),(2568,1404,8,'Extend',0,'2024-11-09 19:38:34',NULL,3600,120.00,NULL,2),(2569,1400,5,'End',0,'2024-11-09 20:12:03','MANUAL',3600,120.00,NULL,2),(2570,1405,5,'Start',0,'2024-11-09 20:12:08',NULL,3600,120.00,NULL,2),(2571,1406,6,'Extend',0,'2024-11-09 20:13:38',NULL,3600,120.00,NULL,2),(2572,1407,7,'Extend',0,'2024-11-09 20:21:27',NULL,3600,120.00,NULL,2),(2573,1405,5,'End',0,'2024-11-09 21:14:33','MANUAL',3600,120.00,NULL,2),(2574,1408,5,'Start',1,'2024-11-09 21:14:37',NULL,12137,404.00,NULL,2),(2575,1401,6,'End',0,'2024-11-09 21:20:07','MANUAL',7200,240.00,NULL,2),(2576,1409,6,'Start',0,'2024-11-09 21:21:55',NULL,3600,120.00,NULL,2),(2577,1402,7,'End',0,'2024-11-09 21:24:17','MANUAL',7200,240.00,NULL,2),(2578,1410,7,'Start',0,'2024-11-09 21:25:07',NULL,3600,120.00,NULL,2),(2579,1403,8,'End',0,'2024-11-09 21:40:50','MANUAL',7200,240.00,NULL,2),(2580,1411,8,'Start',0,'2024-11-09 21:41:01',NULL,3600,120.00,NULL,2),(2581,1409,6,'End',0,'2024-11-09 22:22:04','MANUAL',3600,120.00,NULL,2),(2582,1412,6,'Start',0,'2024-11-09 22:22:42',NULL,3600,120.00,NULL,2),(2583,1410,7,'End',0,'2024-11-09 22:27:03','MANUAL',3600,120.00,NULL,2),(2584,1413,7,'Start',0,'2024-11-09 22:28:53',NULL,3600,120.00,NULL,2),(2585,1411,8,'End',0,'2024-11-09 22:41:28','MANUAL',3600,120.00,NULL,2),(2586,1414,8,'Start',0,'2024-11-09 22:46:59',NULL,3600,120.00,NULL,2),(2587,1412,6,'End',0,'2024-11-09 23:22:50','MANUAL',3600,120.00,NULL,2),(2588,1413,7,'End',0,'2024-11-09 23:37:28','MANUAL',3600,120.00,NULL,2),(2589,1414,8,'End',0,'2024-11-09 23:47:14','MANUAL',3600,120.00,NULL,2),(2590,1415,6,'Start',1,'2024-11-10 00:24:47',NULL,5830,194.00,NULL,2),(2591,1408,5,'End',0,'2024-11-10 00:39:53','MANUAL',12137,404.00,NULL,2),(2592,1416,7,'Start',0,'2024-11-10 01:12:12',NULL,3600,120.00,NULL,2),(2593,1415,6,'End',0,'2024-11-10 02:03:24','MANUAL',5830,194.00,NULL,2),(2594,1417,7,'Extend',0,'2024-11-10 02:14:20',NULL,3600,120.00,NULL,2),(2595,1418,8,'Start Free',0,'2024-11-10 02:16:21',NULL,0,0.00,'Employees',2),(2596,1419,8,'Start Free',0,'2024-11-10 02:16:19',NULL,0,0.00,'Employees',2),(2597,1420,8,'Start Free',0,'2024-11-10 02:16:17',NULL,0,0.00,'Employees',2),(2598,1420,8,'End Free',0,'2024-11-10 17:16:14',NULL,53997,0.00,NULL,2),(2599,1416,7,'End',0,'2024-11-10 17:16:25','MANUAL',7200,240.00,NULL,2),(2600,1421,6,'Start',0,'2024-11-10 17:34:14',NULL,3600,120.00,NULL,2),(2601,1422,8,'Start',0,'2024-11-10 17:36:38',NULL,3600,120.00,NULL,2),(2602,1423,7,'Start',0,'2024-11-10 17:38:17',NULL,3600,120.00,NULL,2),(2603,1424,7,'Extend',0,'2024-11-10 17:38:26',NULL,3600,120.00,NULL,2),(2604,1425,5,'Start',0,'2024-11-10 18:01:09',NULL,3600,120.00,NULL,2),(2605,1421,6,'End',0,'2024-11-10 18:37:13','MANUAL',3600,120.00,NULL,2),(2606,1422,8,'End',0,'2024-11-10 18:37:16','MANUAL',3600,120.00,NULL,2),(2607,1426,6,'Start',1,'2024-11-10 18:37:43',NULL,10024,334.00,NULL,2),(2608,1427,8,'Start',0,'2024-11-10 18:49:12',NULL,3600,120.00,NULL,2),(2609,1425,5,'End',0,'2024-11-10 19:01:49','MANUAL',3600,120.00,NULL,2),(2610,1428,5,'Start',0,'2024-11-10 19:12:52',NULL,3600,120.00,NULL,2),(2611,1429,7,'Extend',0,'2024-11-10 19:27:13',NULL,3600,120.00,NULL,2),(2612,1427,8,'End',0,'2024-11-10 19:50:36','MANUAL',3600,120.00,NULL,2),(2613,1430,8,'Start',0,'2024-11-10 19:51:24',NULL,3600,120.00,NULL,2),(2614,1428,5,'End',0,'2024-11-10 20:26:13','MANUAL',3600,120.00,NULL,2),(2615,1423,7,'End',0,'2024-11-10 20:38:26','MANUAL',10800,360.00,NULL,2),(2616,1431,5,'Start',0,'2024-11-10 20:39:50',NULL,3600,120.00,NULL,2),(2617,1432,7,'Start',0,'2024-11-10 20:41:32',NULL,3600,120.00,NULL,2),(2618,1432,7,'End',0,'2024-11-10 20:41:37','MANUAL',3600,120.00,NULL,2),(2619,1433,7,'Start',1,'2024-11-10 20:41:47',NULL,13682,456.00,NULL,2),(2620,1430,8,'End',0,'2024-11-10 20:52:26','MANUAL',3600,120.00,NULL,2),(2621,1434,8,'Start',0,'2024-11-10 20:57:32',NULL,3600,120.00,NULL,2),(2622,1426,6,'End',0,'2024-11-10 21:27:20','MANUAL',10024,334.00,NULL,2),(2623,1431,5,'End',0,'2024-11-10 21:41:05','MANUAL',3600,120.00,NULL,2),(2624,1435,6,'Start',0,'2024-11-10 21:55:50',NULL,3600,120.00,NULL,2),(2625,1434,8,'End',0,'2024-11-10 21:59:01','MANUAL',3600,120.00,NULL,2),(2626,1436,8,'Start',0,'2024-11-10 22:48:31',NULL,3600,120.00,NULL,2),(2627,1437,5,'Start',0,'2024-11-10 22:54:21',NULL,3600,120.00,NULL,2),(2628,1438,5,'Extend',0,'2024-11-10 22:54:27',NULL,3600,120.00,NULL,2),(2629,1435,6,'End',0,'2024-11-10 22:57:44','MANUAL',3600,120.00,NULL,2),(2630,1439,6,'Start',1,'2024-11-10 23:22:33',NULL,5606,186.00,NULL,2),(2631,1436,8,'End',0,'2024-11-10 23:48:47','MANUAL',3600,120.00,NULL,2),(2632,1440,8,'Start',0,'2024-11-10 23:50:55',NULL,3600,120.00,NULL,2),(2633,1433,7,'End',0,'2024-11-11 00:33:27','MANUAL',13682,456.00,NULL,2),(2634,1441,7,'Start',0,'2024-11-11 00:36:30',NULL,3600,120.00,NULL,2),(2635,1441,7,'End',0,'2024-11-11 00:36:35','MANUAL',3600,120.00,NULL,2),(2636,1442,7,'Start',0,'2024-11-11 00:38:02',NULL,3600,120.00,NULL,2),(2637,1440,8,'End',0,'2024-11-11 00:50:54','MANUAL',3600,120.00,NULL,2),(2638,1437,5,'End',0,'2024-11-11 00:54:28','MANUAL',7200,240.00,NULL,2),(2639,1439,6,'End',0,'2024-11-11 00:57:32','MANUAL',5606,186.00,NULL,2),(2640,1443,6,'Start',0,'2024-11-11 00:57:52',NULL,3600,120.00,NULL,2),(2641,1443,6,'End',0,'2024-11-11 16:41:07','MANUAL',3600,120.00,NULL,2),(2642,1442,7,'End',0,'2024-11-11 16:41:10','MANUAL',3600,120.00,NULL,2),(2643,1444,8,'Start',0,'2024-11-11 16:42:14',NULL,3600,120.00,NULL,2),(2644,1445,7,'Start',1,'2024-11-11 16:48:28',NULL,5426,180.00,NULL,2),(2645,1444,8,'End',0,'2024-11-11 17:42:14','MANUAL',3600,120.00,NULL,2),(2646,1446,6,'Start',0,'2024-11-11 17:48:46',NULL,3600,120.00,NULL,2),(2647,1447,8,'Start',1,'2024-11-11 17:56:02',NULL,2876,95.00,NULL,2),(2648,1445,7,'End',0,'2024-11-11 18:20:20','MANUAL',5426,180.00,NULL,2),(2649,1448,7,'Start',0,'2024-11-11 18:43:58',NULL,3600,120.00,NULL,2),(2650,1447,8,'End',0,'2024-11-11 18:44:34','MANUAL',2876,95.00,NULL,2),(2651,1446,6,'End',0,'2024-11-11 18:51:03','MANUAL',3600,120.00,NULL,2),(2652,1449,8,'Start',1,'2024-11-11 19:00:03',NULL,1774,59.00,NULL,2),(2653,1450,5,'Start',0,'2024-11-11 19:07:51',NULL,3600,120.00,NULL,2),(2654,1451,6,'Start',0,'2024-11-11 19:22:59',NULL,3600,120.00,NULL,2),(2655,1449,8,'End',0,'2024-11-11 19:29:58','MANUAL',1774,59.00,NULL,2),(2656,1452,8,'Start',0,'2024-11-11 19:34:34',NULL,3600,120.00,NULL,2),(2657,1448,7,'End',0,'2024-11-11 19:45:10','MANUAL',3600,120.00,NULL,2),(2658,1453,7,'Start Free',0,'2024-11-11 20:02:52',NULL,0,0.00,'ysa',2),(2659,1451,6,'End',0,'2024-11-11 20:22:52','MANUAL',3600,120.00,NULL,2),(2660,1454,6,'Start',0,'2024-11-11 20:24:50',NULL,3600,120.00,NULL,2),(2661,1454,6,'End',0,'2024-11-11 20:25:56','MANUAL',3600,120.00,NULL,2),(2662,1455,6,'Start',0,'2024-11-11 20:26:48',NULL,3600,120.00,NULL,2),(2663,1452,8,'End',0,'2024-11-11 20:34:25','MANUAL',3600,120.00,NULL,2),(2664,1456,8,'Start',0,'2024-11-11 20:35:22',NULL,3600,120.00,NULL,2),(2665,1450,5,'End',0,'2024-11-11 20:35:32','MANUAL',3600,120.00,NULL,2),(2666,1457,5,'Start',0,'2024-11-11 20:36:08',NULL,3600,120.00,NULL,2),(2667,1453,7,'End Free',0,'2024-11-11 21:08:03',NULL,3911,0.00,NULL,2),(2668,1458,7,'Start',0,'2024-11-11 21:13:29',NULL,3600,120.00,NULL,2),(2669,1459,6,'Extend',0,'2024-11-11 21:18:58',NULL,3600,120.00,NULL,2),(2670,1456,8,'End',0,'2024-11-11 21:35:18','MANUAL',3600,120.00,NULL,2),(2671,1457,5,'End',0,'2024-11-11 21:36:13','MANUAL',3600,120.00,NULL,2),(2672,1460,8,'Start',1,'2024-11-11 21:36:31',NULL,6002,200.00,NULL,2),(2673,1458,7,'End',0,'2024-11-11 22:15:38','MANUAL',3600,120.00,NULL,2),(2674,1461,7,'Start',0,'2024-11-11 22:17:27',NULL,3600,120.00,NULL,2),(2675,1462,5,'Start',0,'2024-11-11 22:17:43',NULL,3600,120.00,NULL,2),(2676,1455,6,'End',0,'2024-11-11 22:22:42','MANUAL',7200,240.00,NULL,2),(2677,1463,6,'Start',0,'2024-11-11 22:24:07',NULL,3600,120.00,NULL,2),(2678,1460,8,'End',0,'2024-11-11 23:17:48','MANUAL',6002,200.00,NULL,2),(2679,1461,7,'End',0,'2024-11-11 23:18:17','MANUAL',3600,120.00,NULL,2),(2680,1462,5,'End',0,'2024-11-11 23:18:24','MANUAL',3600,120.00,NULL,2),(2681,1464,7,'Start',0,'2024-11-11 23:20:19',NULL,3600,120.00,NULL,2),(2682,1465,5,'Start',0,'2024-11-11 23:21:06',NULL,3600,120.00,NULL,2),(2683,1466,8,'Start',0,'2024-11-11 23:21:27',NULL,3600,120.00,NULL,2),(2684,1463,6,'End',0,'2024-11-11 23:24:55','MANUAL',3600,120.00,NULL,2),(2685,1467,6,'Start',0,'2024-11-11 23:33:56',NULL,3600,120.00,NULL,2),(2686,1466,8,'End',0,'2024-11-12 00:22:07','MANUAL',3600,120.00,NULL,2),(2687,1465,5,'End',0,'2024-11-12 00:22:12','MANUAL',3600,120.00,NULL,2),(2688,1464,7,'End',0,'2024-11-12 00:22:20','MANUAL',3600,120.00,NULL,2),(2689,1468,8,'Start',0,'2024-11-12 00:24:16',NULL,3600,120.00,NULL,2),(2690,1469,5,'Start',0,'2024-11-12 00:24:20',NULL,3600,120.00,NULL,2),(2691,1470,6,'Extend',0,'2024-11-12 00:24:24',NULL,3600,120.00,NULL,2),(2692,1471,7,'Start',0,'2024-11-12 00:24:47',NULL,3600,120.00,NULL,2),(2693,1467,6,'End',0,'2024-11-12 00:36:39','MANUAL',7200,240.00,NULL,2),(2694,1472,6,'Start',0,'2024-11-12 00:38:33',NULL,3600,120.00,NULL,2),(2695,1471,7,'End',0,'2024-11-12 01:26:07','MANUAL',3600,120.00,NULL,2),(2696,1468,8,'End',0,'2024-11-12 01:26:10','MANUAL',3600,120.00,NULL,2),(2697,1469,5,'End',0,'2024-11-12 01:26:14','MANUAL',3600,120.00,NULL,2),(2698,1473,7,'Start Free',0,'2024-11-12 01:26:49',NULL,0,0.00,'crissy',2),(2699,1472,6,'End',0,'2024-11-12 01:40:59','MANUAL',3600,120.00,NULL,2),(2700,1473,7,'End Free',0,'2024-11-12 15:24:04',NULL,50235,0.00,NULL,2),(2701,1474,6,'Start',0,'2024-11-12 15:24:08',NULL,3600,120.00,NULL,2),(2702,1475,6,'Extend',0,'2024-11-12 15:24:12',NULL,3600,120.00,NULL,2),(2703,1476,8,'Start',0,'2024-11-12 15:44:54',NULL,3600,120.00,NULL,2),(2704,1477,7,'Start',0,'2024-11-12 15:53:43',NULL,3600,120.00,NULL,2),(2705,1478,5,'Start',0,'2024-11-12 16:04:05',NULL,3600,120.00,NULL,2),(2706,1476,8,'End',0,'2024-11-12 16:47:00','MANUAL',3600,120.00,NULL,2),(2707,1479,8,'Start',0,'2024-11-12 16:47:31',NULL,3600,120.00,NULL,2),(2708,1477,7,'End',0,'2024-11-12 17:00:54','MANUAL',3600,120.00,NULL,2),(2709,1478,5,'End',0,'2024-11-12 17:16:09','MANUAL',3600,120.00,NULL,2),(2710,1474,6,'End',0,'2024-11-12 17:18:29','MANUAL',7200,240.00,NULL,2),(2711,1480,7,'Start',0,'2024-11-12 17:20:43',NULL,3600,120.00,NULL,2),(2712,1479,8,'End',0,'2024-11-12 17:51:17','MANUAL',3600,120.00,NULL,2),(2713,1481,6,'Start',0,'2024-11-12 17:59:22',NULL,3600,120.00,NULL,2),(2714,1480,7,'End',0,'2024-11-12 18:22:35','MANUAL',3600,120.00,NULL,2),(2715,1482,5,'Start',0,'2024-11-12 18:22:44',NULL,3600,120.00,NULL,2),(2716,1483,5,'Extend',0,'2024-11-12 18:22:53',NULL,3600,120.00,NULL,2),(2717,1484,7,'Start',0,'2024-11-12 18:33:49',NULL,3600,120.00,NULL,2),(2718,1481,6,'End',0,'2024-11-12 19:00:48','MANUAL',3600,120.00,NULL,2),(2719,1485,6,'Start',0,'2024-11-12 19:11:38',NULL,3600,120.00,NULL,2),(2720,1484,7,'End',0,'2024-11-12 19:34:56','MANUAL',3600,120.00,NULL,2),(2721,1486,7,'Start',0,'2024-11-12 19:40:46',NULL,3600,120.00,NULL,2),(2722,1485,6,'End',0,'2024-11-12 20:13:43','MANUAL',3600,120.00,NULL,2),(2723,1487,8,'Start',0,'2024-11-12 20:14:28',NULL,3600,120.00,NULL,2),(2724,1488,6,'Start',0,'2024-11-12 20:15:23',NULL,3600,120.00,NULL,2),(2725,1482,5,'End',0,'2024-11-12 20:27:00','MANUAL',7200,240.00,NULL,2),(2726,1489,5,'Start',0,'2024-11-12 20:27:47',NULL,3600,120.00,NULL,2),(2727,1486,7,'End',0,'2024-11-12 20:45:58','MANUAL',3600,120.00,NULL,2),(2728,1490,7,'Start',0,'2024-11-12 20:47:12',NULL,3600,120.00,NULL,2),(2729,1487,8,'End',0,'2024-11-12 21:14:49','MANUAL',3600,120.00,NULL,2),(2730,1488,6,'End',0,'2024-11-12 21:16:41','MANUAL',3600,120.00,NULL,2),(2731,1491,8,'Start',0,'2024-11-12 21:21:31',NULL,3600,120.00,NULL,2),(2732,1492,5,'Extend',0,'2024-11-12 21:30:49',NULL,3600,120.00,NULL,2),(2733,1493,6,'Start',1,'2024-11-12 21:38:41',NULL,10845,361.00,NULL,2),(2734,1490,7,'End',0,'2024-11-12 21:47:53','MANUAL',3600,120.00,NULL,2),(2735,1494,7,'Start',1,'2024-11-12 21:49:08',NULL,6645,221.00,NULL,2),(2736,1491,8,'End',0,'2024-11-12 22:24:27','MANUAL',3600,120.00,NULL,2),(2737,1495,8,'Start',0,'2024-11-12 22:25:01',NULL,3600,120.00,NULL,2),(2738,1489,5,'End',0,'2024-11-12 22:36:00','MANUAL',7200,240.00,NULL,2),(2739,1496,5,'Start',0,'2024-11-12 22:42:39',NULL,3600,120.00,NULL,2),(2740,1495,8,'End',0,'2024-11-12 23:25:03','MANUAL',3600,120.00,NULL,2),(2741,1497,8,'Start',0,'2024-11-12 23:26:13',NULL,3600,120.00,NULL,2),(2742,1494,7,'End',0,'2024-11-12 23:41:38','MANUAL',6645,221.00,NULL,2),(2743,1496,5,'End',0,'2024-11-12 23:42:26','MANUAL',3600,120.00,NULL,2),(2744,1498,7,'Start',0,'2024-11-12 23:43:19',NULL,3600,120.00,NULL,2),(2745,1499,5,'Start',0,'2024-11-12 23:57:10',NULL,3600,120.00,NULL,2),(2746,1497,8,'End',0,'2024-11-13 00:26:16','MANUAL',3600,120.00,NULL,2),(2747,1500,8,'Start',0,'2024-11-13 00:28:07',NULL,3600,120.00,NULL,2),(2748,1493,6,'End',0,'2024-11-13 00:42:12','MANUAL',10845,361.00,NULL,2),(2749,1498,7,'End',0,'2024-11-13 00:43:16','MANUAL',3600,120.00,NULL,2),(2750,1501,7,'Start',0,'2024-11-13 00:44:44',NULL,3600,120.00,NULL,2),(2751,1502,6,'Start',0,'2024-11-13 00:44:47',NULL,3600,120.00,NULL,2),(2752,1500,8,'End',0,'2024-11-13 00:48:50','MANUAL',3600,120.00,NULL,2),(2753,1503,8,'Start',1,'2024-11-13 00:48:53',NULL,2368,78.00,NULL,2),(2754,1499,5,'End',0,'2024-11-13 00:50:46','MANUAL',3600,120.00,NULL,2),(2755,1504,5,'Start Free',0,'2024-11-13 01:06:38',NULL,0,0.00,'b',2),(2756,1503,8,'End',0,'2024-11-13 01:28:57','MANUAL',2368,78.00,NULL,2),(2757,1501,7,'End',0,'2024-11-13 02:05:04','MANUAL',3600,120.00,NULL,2),(2758,1504,5,'End Free',0,'2024-11-13 15:36:40',NULL,52202,0.00,NULL,2),(2759,1502,6,'End',0,'2024-11-13 15:36:50','MANUAL',3600,120.00,NULL,2),(2760,1505,6,'Start',0,'2024-11-13 15:48:53',NULL,3600,120.00,NULL,2),(2761,1506,8,'Start',0,'2024-11-13 16:14:22',NULL,3600,120.00,NULL,2),(2762,1505,6,'End',0,'2024-11-13 16:49:10','MANUAL',3600,120.00,NULL,2),(2763,1507,7,'Start',0,'2024-11-13 16:49:47',NULL,3600,120.00,NULL,2),(2764,1508,6,'Start',0,'2024-11-13 16:50:55',NULL,3600,120.00,NULL,2),(2765,1509,5,'Start',0,'2024-11-13 17:00:46',NULL,3600,120.00,NULL,2),(2766,1510,8,'Extend',0,'2024-11-13 17:14:39',NULL,3600,120.00,NULL,2),(2767,1507,7,'End',0,'2024-11-13 17:50:39','MANUAL',3600,120.00,NULL,2),(2768,1511,7,'Start',0,'2024-11-13 17:50:56',NULL,3600,120.00,NULL,2),(2769,1508,6,'End',0,'2024-11-13 17:51:07','MANUAL',3600,120.00,NULL,2),(2770,1512,6,'Start',0,'2024-11-13 17:51:54',NULL,3600,120.00,NULL,2),(2771,1509,5,'End',0,'2024-11-13 18:01:13','MANUAL',3600,120.00,NULL,2),(2772,1513,5,'Start',0,'2024-11-13 18:05:47',NULL,3600,120.00,NULL,2),(2773,1506,8,'End',0,'2024-11-13 18:13:30','MANUAL',7200,240.00,NULL,2),(2774,1514,8,'Start',1,'2024-11-13 18:14:34',NULL,7116,237.00,NULL,2),(2775,1515,7,'Extend',0,'2024-11-13 18:50:52',NULL,3600,120.00,NULL,2),(2776,1512,6,'End',0,'2024-11-13 18:52:12','MANUAL',3600,120.00,NULL,2),(2777,1516,6,'Start',0,'2024-11-13 18:53:16',NULL,3600,120.00,NULL,2),(2778,1517,6,'Extend',0,'2024-11-13 18:53:36',NULL,3600,120.00,NULL,2),(2779,1513,5,'End',0,'2024-11-13 19:09:22','MANUAL',3600,120.00,NULL,2),(2780,1518,5,'Start',0,'2024-11-13 19:09:42',NULL,3600,120.00,NULL,2),(2781,1511,7,'End',0,'2024-11-13 19:52:04','MANUAL',7200,240.00,NULL,2),(2782,1519,7,'Start',0,'2024-11-13 19:53:19',NULL,3600,120.00,NULL,2),(2783,1520,5,'Extend',0,'2024-11-13 20:11:12',NULL,3600,120.00,NULL,2),(2784,1514,8,'End',0,'2024-11-13 20:14:38','MANUAL',7116,237.00,NULL,2),(2785,1521,8,'Start',1,'2024-11-13 20:16:37',NULL,5003,166.00,NULL,2),(2786,1519,7,'End',0,'2024-11-13 20:55:28','MANUAL',3600,120.00,NULL,2),(2787,1516,6,'End',0,'2024-11-13 20:55:30','MANUAL',7200,240.00,NULL,2),(2788,1522,7,'Start',1,'2024-11-13 20:55:34',NULL,4154,138.00,NULL,2),(2789,1523,6,'Start',0,'2024-11-13 20:57:04',NULL,3600,120.00,NULL,2),(2790,1524,6,'Extend',0,'2024-11-13 20:57:08',NULL,3600,120.00,NULL,2),(2791,1518,5,'End',0,'2024-11-13 21:09:29','MANUAL',7200,240.00,NULL,2),(2792,1525,5,'Start',0,'2024-11-13 21:11:20',NULL,3600,120.00,NULL,2),(2793,1521,8,'End',0,'2024-11-13 21:41:03','MANUAL',5003,166.00,NULL,2),(2794,1526,8,'Start',0,'2024-11-13 21:44:06',NULL,3600,120.00,NULL,2),(2795,1522,7,'End',0,'2024-11-13 22:05:55','MANUAL',4154,138.00,NULL,2),(2796,1527,7,'Start',1,'2024-11-13 22:06:55',NULL,10536,351.00,NULL,2),(2797,1525,5,'End',0,'2024-11-13 22:14:00','MANUAL',3600,120.00,NULL,2),(2798,1528,5,'Start',0,'2024-11-13 22:14:10',NULL,3600,120.00,NULL,2),(2799,1529,6,'Extend',0,'2024-11-13 22:25:02',NULL,3600,120.00,NULL,2),(2800,1526,8,'End',0,'2024-11-13 22:44:45','MANUAL',3600,120.00,NULL,2),(2801,1530,8,'Start',0,'2024-11-13 22:46:48',NULL,3600,120.00,NULL,2),(2802,1528,5,'End',0,'2024-11-13 23:16:37','MANUAL',3600,120.00,NULL,2),(2803,1531,5,'Start',0,'2024-11-13 23:18:39',NULL,3600,120.00,NULL,2),(2804,1530,8,'End',0,'2024-11-13 23:46:37','MANUAL',3600,120.00,NULL,2),(2805,1532,8,'Start',0,'2024-11-13 23:46:44',NULL,3600,120.00,NULL,2),(2806,1532,8,'End',0,'2024-11-13 23:46:39','MANUAL',3600,120.00,NULL,2),(2807,1533,8,'Start',0,'2024-11-13 23:49:27',NULL,3600,120.00,NULL,2),(2808,1523,6,'End',0,'2024-11-13 23:57:19','MANUAL',10800,360.00,NULL,2),(2809,1534,6,'Start',0,'2024-11-14 00:00:55',NULL,3600,120.00,NULL,2),(2810,1531,5,'End',0,'2024-11-14 00:18:43','MANUAL',3600,120.00,NULL,2),(2811,1533,8,'End',0,'2024-11-14 00:54:03','MANUAL',3600,120.00,NULL,2),(2812,1534,6,'End',0,'2024-11-14 01:02:08','MANUAL',3600,120.00,NULL,2),(2813,1527,7,'End',0,'2024-11-14 01:05:20','MANUAL',10536,351.00,NULL,2),(2814,1535,7,'Start',0,'2024-11-14 15:58:47',NULL,3600,120.00,NULL,2),(2815,1536,8,'Start',0,'2024-11-14 16:11:42',NULL,3600,120.00,NULL,2),(2816,1535,7,'End',0,'2024-11-14 16:48:50','MANUAL',3600,120.00,NULL,2),(2817,1537,5,'Start',0,'2024-11-14 16:52:03',NULL,3600,120.00,NULL,2),(2818,1536,8,'End',0,'2024-11-14 16:59:36','MANUAL',3600,120.00,NULL,2),(2819,1538,8,'Start',0,'2024-11-14 17:01:50',NULL,3600,120.00,NULL,2),(2820,1539,7,'Start',1,'2024-11-14 17:03:20',NULL,19380,646.00,NULL,2),(2821,1540,6,'Start',0,'2024-11-14 17:09:22',NULL,3600,120.00,NULL,2),(2822,1537,5,'End',0,'2024-11-14 17:54:54','MANUAL',3600,120.00,NULL,2),(2823,1541,5,'Start',0,'2024-11-14 17:55:00',NULL,3600,120.00,NULL,2),(2824,1538,8,'End',0,'2024-11-14 18:04:33','MANUAL',3600,120.00,NULL,2),(2825,1542,8,'Start',0,'2024-11-14 18:05:54',NULL,3600,120.00,NULL,2),(2826,1540,6,'End',0,'2024-11-14 18:12:50','MANUAL',3600,120.00,NULL,2),(2827,1543,6,'Start',1,'2024-11-14 18:13:55',NULL,14467,482.00,NULL,2),(2828,1541,5,'End',0,'2024-11-14 18:55:45','MANUAL',3600,120.00,NULL,2),(2829,1542,8,'End',0,'2024-11-14 19:25:13','MANUAL',3600,120.00,NULL,2),(2830,1544,8,'Start',0,'2024-11-14 19:30:57',NULL,3600,120.00,NULL,2),(2831,1545,8,'Extend',0,'2024-11-14 19:31:07',NULL,3600,120.00,NULL,2),(2832,1546,5,'Start',0,'2024-11-14 19:44:06',NULL,3600,120.00,NULL,2),(2833,1546,5,'End',0,'2024-11-14 20:45:18','MANUAL',3600,120.00,NULL,2),(2834,1547,5,'Start',1,'2024-11-14 20:45:22',NULL,12305,410.00,NULL,2),(2835,1548,8,'Extend',0,'2024-11-14 21:33:04',NULL,3600,120.00,NULL,2),(2836,1543,6,'End',0,'2024-11-14 22:18:43','MANUAL',14467,482.00,NULL,2),(2837,1549,6,'Start',0,'2024-11-14 22:21:03',NULL,3600,120.00,NULL,2),(2838,1544,8,'End',0,'2024-11-14 22:31:25','MANUAL',10800,360.00,NULL,2),(2839,1539,7,'End',0,'2024-11-14 22:31:31','MANUAL',19380,646.00,NULL,2),(2840,1550,7,'Start',0,'2024-11-14 22:32:57',NULL,3600,120.00,NULL,2),(2841,1551,8,'Start',0,'2024-11-14 22:40:01',NULL,3600,120.00,NULL,2),(2842,1549,6,'End',0,'2024-11-14 23:21:09','MANUAL',3600,120.00,NULL,2),(2843,1552,6,'Start',0,'2024-11-14 23:23:01',NULL,3600,120.00,NULL,2),(2844,1553,6,'Extend',0,'2024-11-14 23:23:07',NULL,3600,120.00,NULL,2),(2845,1550,7,'End',0,'2024-11-14 23:34:53','MANUAL',3600,120.00,NULL,2),(2846,1551,8,'End',0,'2024-11-14 23:40:11','MANUAL',3600,120.00,NULL,2),(2847,1554,8,'Start Free',0,'2024-11-14 23:59:29',NULL,0,0.00,'wiater',2),(2848,1547,5,'End',0,'2024-11-15 00:13:29','MANUAL',12305,410.00,NULL,2),(2849,1552,6,'End',0,'2024-11-15 01:22:43','MANUAL',7200,240.00,NULL,2),(2850,1554,8,'End Free',0,'2024-11-15 15:17:16',NULL,55067,0.00,NULL,2),(2851,1555,6,'Start',1,'2024-11-15 16:18:01',NULL,4927,164.00,NULL,2),(2852,1556,8,'Start',0,'2024-11-15 16:44:11',NULL,3600,120.00,NULL,2),(2853,1555,6,'End',0,'2024-11-15 17:41:25','MANUAL',4927,164.00,NULL,2),(2854,1557,7,'Start',0,'2024-11-15 17:42:19',NULL,3600,120.00,NULL,2),(2855,1556,8,'End',0,'2024-11-15 17:42:35','MANUAL',3600,120.00,NULL,2),(2856,1558,8,'Start',1,'2024-11-15 17:42:41',NULL,2,2.00,NULL,2),(2857,1558,8,'End',0,'2024-11-15 17:42:38','MANUAL',2,2.00,NULL,2),(2858,1559,8,'Start',1,'2024-11-15 17:44:06',NULL,8786,292.00,NULL,2),(2859,1560,6,'Start',0,'2024-11-15 17:59:55',NULL,3600,120.00,NULL,2),(2860,1561,6,'Extend',0,'2024-11-15 18:00:01',NULL,3600,120.00,NULL,2),(2861,1557,7,'End',0,'2024-11-15 18:42:47','MANUAL',3600,120.00,NULL,2),(2862,1562,7,'Start',0,'2024-11-15 18:43:34',NULL,3600,120.00,NULL,2),(2863,1563,5,'Start',0,'2024-11-15 19:03:22',NULL,3600,120.00,NULL,2),(2864,1562,7,'End',0,'2024-11-15 19:43:51','MANUAL',3600,120.00,NULL,2),(2865,1564,7,'Start',0,'2024-11-15 19:45:13',NULL,3600,120.00,NULL,2),(2866,1560,6,'End',0,'2024-11-15 20:00:10','MANUAL',7200,240.00,NULL,2),(2867,1565,6,'Start',0,'2024-11-15 20:02:26',NULL,3600,120.00,NULL,2),(2868,1563,5,'End',0,'2024-11-15 20:03:32','MANUAL',3600,120.00,NULL,2),(2869,1566,5,'Start',0,'2024-11-15 20:04:52',NULL,3600,120.00,NULL,2),(2870,1559,8,'End',0,'2024-11-15 20:12:24','MANUAL',8786,292.00,NULL,2),(2871,1567,8,'Start',0,'2024-11-15 20:14:20',NULL,3600,120.00,NULL,2),(2872,1564,7,'End',0,'2024-11-15 20:43:45','MANUAL',3600,120.00,NULL,2),(2873,1568,7,'Start',0,'2024-11-15 20:44:39',NULL,3600,120.00,NULL,2),(2874,1565,6,'End',0,'2024-11-15 21:01:35','MANUAL',3600,120.00,NULL,2),(2875,1569,6,'Start',0,'2024-11-15 21:04:00',NULL,3600,120.00,NULL,2),(2876,1566,5,'End',0,'2024-11-15 21:04:47','MANUAL',3600,120.00,NULL,2),(2877,1570,5,'Start',0,'2024-11-15 21:12:26',NULL,3600,120.00,NULL,2),(2878,1567,8,'End',0,'2024-11-15 21:14:28','MANUAL',3600,120.00,NULL,2),(2879,1571,8,'Start',0,'2024-11-15 21:41:37',NULL,3600,120.00,NULL,2),(2880,1572,7,'Extend',0,'2024-11-15 21:41:47',NULL,3600,120.00,NULL,2),(2881,1569,6,'End',0,'2024-11-15 22:06:45','MANUAL',3600,120.00,NULL,2),(2882,1570,5,'End',0,'2024-11-15 22:12:24','MANUAL',3600,120.00,NULL,2),(2883,1573,5,'Start',0,'2024-11-15 22:14:18',NULL,3600,120.00,NULL,2),(2884,1574,6,'Start',0,'2024-11-15 22:32:53',NULL,3600,120.00,NULL,2),(2885,1571,8,'End',0,'2024-11-15 22:41:55','MANUAL',3600,120.00,NULL,2),(2886,1568,7,'End',0,'2024-11-15 22:44:25','MANUAL',7200,240.00,NULL,2),(2887,1575,7,'Start',0,'2024-11-15 22:49:17',NULL,3600,120.00,NULL,2),(2888,1576,8,'Start',0,'2024-11-15 23:21:01',NULL,3600,120.00,NULL,2),(2889,1573,5,'End',0,'2024-11-15 23:27:46','MANUAL',3600,120.00,NULL,2),(2890,1574,6,'End',0,'2024-11-15 23:39:34','MANUAL',3600,120.00,NULL,2),(2891,1577,6,'Start',0,'2024-11-15 23:44:32',NULL,3600,120.00,NULL,2),(2892,1575,7,'End',0,'2024-11-15 23:49:34','MANUAL',3600,120.00,NULL,2),(2893,1578,7,'Start',0,'2024-11-15 23:59:53',NULL,3600,120.00,NULL,2),(2894,1579,5,'Start',0,'2024-11-16 00:20:39',NULL,3600,120.00,NULL,2),(2895,1576,8,'End',0,'2024-11-16 00:21:04','MANUAL',3600,120.00,NULL,2),(2896,1580,8,'Start',0,'2024-11-16 00:30:21',NULL,3600,120.00,NULL,2),(2897,1578,7,'End',0,'2024-11-16 01:07:22','MANUAL',3600,120.00,NULL,2),(2898,1577,6,'End',0,'2024-11-16 01:07:27','MANUAL',3600,120.00,NULL,2),(2899,1579,5,'End',0,'2024-11-16 01:20:48','MANUAL',3600,120.00,NULL,2),(2900,1580,8,'End',0,'2024-11-16 01:31:30','MANUAL',3600,120.00,NULL,2),(2901,1581,7,'Start Free',0,'2024-11-17 17:09:10',NULL,0,0.00,'test',2),(2902,1581,7,'End Free',0,'2024-11-17 17:09:16',NULL,6,0.00,NULL,2),(2903,1582,8,'Start',0,'2024-11-17 17:42:49',NULL,3600,120.00,NULL,2),(2904,1583,6,'Start',1,'2024-11-17 17:47:48',NULL,4774,159.00,NULL,2),(2905,1582,8,'End',0,'2024-11-17 18:46:32','MANUAL',3600,120.00,NULL,2),(2906,1583,6,'End',0,'2024-11-17 19:08:35','MANUAL',4774,159.00,NULL,2),(2907,1584,8,'Start',1,'2024-11-17 19:53:44',NULL,2123,70.00,NULL,2),(2908,1585,6,'Start',1,'2024-11-17 20:02:52',NULL,12612,420.00,NULL,2),(2909,1586,7,'Start',0,'2024-11-17 20:08:28',NULL,3600,120.00,NULL,2),(2910,1586,7,'End',0,'2024-11-17 20:09:08','MANUAL',3600,120.00,NULL,2),(2911,1587,7,'Start',0,'2024-11-17 20:09:19',NULL,3600,120.00,NULL,2),(2912,1587,7,'End',0,'2024-11-17 20:10:03','MANUAL',3600,120.00,NULL,2),(2913,1588,7,'Start',0,'2024-11-17 20:10:30',NULL,3600,120.00,NULL,2),(2914,1584,8,'End',0,'2024-11-17 20:29:33','MANUAL',2123,70.00,NULL,2),(2915,1589,8,'Start',1,'2024-11-17 20:48:51',NULL,7097,236.00,NULL,2),(2916,1590,5,'Start',0,'2024-11-17 20:50:28',NULL,3600,120.00,NULL,2),(2917,1588,7,'End',0,'2024-11-17 21:06:21','MANUAL',3600,120.00,NULL,2),(2918,1591,7,'Start',0,'2024-11-17 21:06:30',NULL,3600,120.00,NULL,2),(2919,1590,5,'End',0,'2024-11-17 21:50:29','MANUAL',3600,120.00,NULL,2),(2920,1592,5,'Start',0,'2024-11-17 21:52:26',NULL,3600,120.00,NULL,2),(2921,1591,7,'End',0,'2024-11-17 22:08:03','MANUAL',3600,120.00,NULL,2),(2922,1593,7,'Start',1,'2024-11-17 22:08:07',NULL,3646,121.00,NULL,2),(2923,1589,8,'End',0,'2024-11-17 22:48:36','MANUAL',7097,236.00,NULL,2),(2924,1594,8,'Start',0,'2024-11-17 22:51:30',NULL,3600,120.00,NULL,2),(2925,1592,5,'End',0,'2024-11-17 22:51:52','MANUAL',3600,120.00,NULL,2),(2926,1595,5,'Start',1,'2024-11-17 22:55:07',NULL,5243,174.00,NULL,2),(2927,1593,7,'End',0,'2024-11-17 23:09:52','MANUAL',3646,121.00,NULL,2),(2928,1596,7,'Start',0,'2024-11-17 23:19:24',NULL,3600,120.00,NULL,2),(2929,1597,7,'Extend',0,'2024-11-17 23:19:28',NULL,3600,120.00,NULL,2),(2930,1585,6,'End',0,'2024-11-17 23:36:17','MANUAL',12612,420.00,NULL,2),(2931,1598,6,'Start',0,'2024-11-17 23:37:27',NULL,3600,120.00,NULL,2),(2932,1594,8,'End',0,'2024-11-17 23:48:11','MANUAL',3600,120.00,NULL,2),(2933,1599,8,'Start',0,'2024-11-18 00:15:56',NULL,3600,120.00,NULL,2),(2934,1595,5,'End',0,'2024-11-18 00:23:48','MANUAL',5243,174.00,NULL,2),(2935,1600,5,'Start Free',0,'2024-11-18 00:24:19',NULL,0,0.00,'sir chino',2),(2936,1598,6,'End',0,'2024-11-18 00:47:29','MANUAL',3600,120.00,NULL,2),(2937,1599,8,'End',0,'2024-11-18 15:18:29','MANUAL',3600,120.00,NULL,2),(2938,1600,5,'End Free',0,'2024-11-18 15:19:30',NULL,53711,0.00,NULL,2),(2939,1596,7,'End',0,'2024-11-18 15:19:49','MANUAL',7200,240.00,NULL,2),(2940,1601,7,'Start',0,'2024-11-18 15:20:04',NULL,3600,120.00,NULL,2),(2941,1602,7,'Extend',0,'2024-11-18 15:20:08',NULL,3600,120.00,NULL,2),(2942,1603,8,'Start',0,'2024-11-18 15:28:12',NULL,3600,120.00,NULL,2),(2943,1604,6,'Start',1,'2024-11-18 16:18:37',NULL,8365,278.00,NULL,2),(2944,1605,8,'Extend',0,'2024-11-18 16:23:00',NULL,3600,120.00,NULL,2),(2945,1606,5,'Start',0,'2024-11-18 16:29:28',NULL,3600,120.00,NULL,2),(2946,1601,7,'End',0,'2024-11-18 17:00:03','MANUAL',7200,240.00,NULL,2),(2947,1607,7,'Start',1,'2024-11-18 17:00:27',NULL,8019,267.00,NULL,2),(2948,1608,5,'Extend',0,'2024-11-18 17:20:59',NULL,3600,120.00,NULL,2),(2949,1603,8,'End',0,'2024-11-18 17:29:10','MANUAL',7200,240.00,NULL,2),(2950,1609,8,'Start',0,'2024-11-18 17:30:24',NULL,3600,120.00,NULL,2),(2951,1609,8,'End',0,'2024-11-18 18:21:28','MANUAL',3600,120.00,NULL,2),(2952,1610,8,'Start',0,'2024-11-18 18:22:35',NULL,3600,120.00,NULL,2),(2953,1611,8,'Extend',0,'2024-11-18 18:23:09',NULL,3600,120.00,NULL,2),(2954,1606,5,'End',0,'2024-11-18 18:33:33','MANUAL',7200,240.00,NULL,2),(2955,1612,5,'Start',1,'2024-11-18 18:34:14',NULL,3702,123.00,NULL,2),(2956,1604,6,'End',0,'2024-11-18 18:40:09','MANUAL',8365,278.00,NULL,2),(2957,1613,6,'Start',0,'2024-11-18 18:44:48',NULL,3600,120.00,NULL,2),(2958,1607,7,'End',0,'2024-11-18 19:16:14','MANUAL',8019,267.00,NULL,2),(2959,1614,7,'Start',0,'2024-11-18 19:18:20',NULL,3600,120.00,NULL,2),(2960,1612,5,'End',0,'2024-11-18 19:36:50','MANUAL',3702,123.00,NULL,2),(2961,1615,5,'Start',0,'2024-11-18 19:41:20',NULL,3600,120.00,NULL,2),(2962,1613,6,'End',0,'2024-11-18 19:44:52','MANUAL',3600,120.00,NULL,2),(2963,1616,6,'Start',1,'2024-11-18 19:45:08',NULL,2367,78.00,NULL,2),(2964,1614,7,'End',0,'2024-11-18 20:18:27','MANUAL',3600,120.00,NULL,2),(2965,1617,7,'Start',0,'2024-11-18 20:21:30',NULL,3600,120.00,NULL,2),(2966,1610,8,'End',0,'2024-11-18 20:24:13','MANUAL',7200,240.00,NULL,2),(2967,1616,6,'End',0,'2024-11-18 20:25:13','MANUAL',2367,78.00,NULL,2),(2968,1618,8,'Start',1,'2024-11-18 20:25:44',NULL,10560,352.00,NULL,2),(2969,1619,6,'Start',0,'2024-11-18 20:26:38',NULL,3600,120.00,NULL,2),(2970,1615,5,'End',0,'2024-11-18 20:41:21','MANUAL',3600,120.00,NULL,2),(2971,1620,5,'Start',0,'2024-11-18 20:46:10',NULL,3600,120.00,NULL,2),(2972,1617,7,'End',0,'2024-11-18 21:16:48','MANUAL',3600,120.00,NULL,2),(2973,1621,7,'Start',0,'2024-11-18 21:16:53',NULL,3600,120.00,NULL,2),(2974,1619,6,'End',0,'2024-11-18 21:26:45','MANUAL',3600,120.00,NULL,2),(2975,1622,6,'Start',0,'2024-11-18 21:27:25',NULL,3600,120.00,NULL,2),(2976,1620,5,'End',0,'2024-11-18 21:51:13','MANUAL',3600,120.00,NULL,2),(2977,1623,5,'Start',1,'2024-11-18 21:51:20',NULL,5,2.00,NULL,2),(2978,1623,5,'End',0,'2024-11-18 21:51:24','MANUAL',5,2.00,NULL,2),(2979,1624,5,'Start',0,'2024-11-18 21:51:32',NULL,3600,120.00,NULL,2),(2980,1621,7,'End',0,'2024-11-18 22:18:18','MANUAL',3600,120.00,NULL,2),(2981,1625,7,'Start',1,'2024-11-18 22:18:32',NULL,9561,318.00,NULL,2),(2982,1622,6,'End',0,'2024-11-18 22:27:20','MANUAL',3600,120.00,NULL,2),(2983,1624,5,'End',0,'2024-11-18 22:59:32','MANUAL',3600,120.00,NULL,2),(2984,1626,6,'Start',0,'2024-11-18 23:02:40',NULL,3600,120.00,NULL,2),(2985,1627,5,'Start',0,'2024-11-18 23:09:30',NULL,3600,120.00,NULL,2),(2986,1618,8,'End',0,'2024-11-18 23:23:56','MANUAL',10560,352.00,NULL,2),(2987,1628,8,'Start',0,'2024-11-18 23:28:36',NULL,3600,120.00,NULL,2),(2988,1626,6,'End',0,'2024-11-19 00:04:06','MANUAL',3600,120.00,NULL,2),(2989,1627,5,'End',0,'2024-11-19 00:22:04','MANUAL',3600,120.00,NULL,2),(2990,1628,8,'End',0,'2024-11-19 00:28:56','MANUAL',3600,120.00,NULL,2),(2991,1625,7,'End',0,'2024-11-19 16:05:20','MANUAL',9561,318.00,NULL,2),(2992,1629,8,'Start',0,'2024-11-19 16:05:23',NULL,3600,120.00,NULL,2),(2993,1630,6,'Start',0,'2024-11-19 16:23:48',NULL,3600,120.00,NULL,2),(2994,1631,5,'Start',0,'2024-11-19 16:30:33',NULL,3600,120.00,NULL,2),(2995,1632,7,'Start',0,'2024-11-19 16:32:50',NULL,3600,120.00,NULL,2),(2996,1629,8,'End',0,'2024-11-19 17:00:43','MANUAL',3600,120.00,NULL,2),(2997,1633,8,'Start',0,'2024-11-19 17:03:36',NULL,3600,120.00,NULL,2),(2998,1630,6,'End',0,'2024-11-19 17:24:54','MANUAL',3600,120.00,NULL,2),(2999,1634,6,'Start',0,'2024-11-19 17:29:45',NULL,3600,120.00,NULL,2),(3000,1631,5,'End',0,'2024-11-19 17:31:38','MANUAL',3600,120.00,NULL,2),(3001,1632,7,'End',0,'2024-11-19 17:34:45','MANUAL',3600,120.00,NULL,2),(3002,1635,7,'Start',0,'2024-11-19 18:00:04',NULL,3600,120.00,NULL,2),(3003,1636,5,'Start',0,'2024-11-19 18:00:54',NULL,3600,120.00,NULL,2),(3004,1633,8,'End',0,'2024-11-19 18:05:16','MANUAL',3600,120.00,NULL,2),(3005,1637,8,'Start',0,'2024-11-19 18:05:57',NULL,3600,120.00,NULL,2),(3006,1634,6,'End',0,'2024-11-19 18:36:16','MANUAL',3600,120.00,NULL,2),(3007,1638,6,'Start',1,'2024-11-19 18:36:20',NULL,5,2.00,NULL,2),(3008,1638,6,'End',0,'2024-11-19 18:36:18','MANUAL',5,2.00,NULL,2),(3009,1639,6,'Start',1,'2024-11-19 18:37:12',NULL,1589,52.00,NULL,2),(3010,1639,6,'End',0,'2024-11-19 19:04:05','MANUAL',1589,52.00,NULL,2),(3011,1635,7,'End',0,'2024-11-19 19:04:47','MANUAL',3600,120.00,NULL,2),(3012,1637,8,'End',0,'2024-11-19 19:07:24','MANUAL',3600,120.00,NULL,2),(3013,1640,6,'Start',0,'2024-11-19 19:07:28',NULL,3600,120.00,NULL,2),(3014,1636,5,'End',0,'2024-11-19 19:08:27','MANUAL',3600,120.00,NULL,2),(3015,1641,7,'Start',0,'2024-11-19 19:09:04',NULL,3600,120.00,NULL,2),(3016,1642,5,'Start',1,'2024-11-19 19:12:42',NULL,17566,585.00,NULL,2),(3017,1643,8,'Start',1,'2024-11-19 19:19:22',NULL,0,2.00,NULL,2),(3018,1640,6,'End',0,'2024-11-19 20:07:55','MANUAL',3600,120.00,NULL,2),(3019,1641,7,'End',0,'2024-11-19 20:10:09','MANUAL',3600,120.00,NULL,2),(3020,1644,6,'Start',0,'2024-11-19 20:10:40',NULL,3600,120.00,NULL,2),(3021,1645,6,'Extend',0,'2024-11-19 20:10:44',NULL,3600,120.00,NULL,2),(3022,1646,7,'Start',0,'2024-11-19 20:10:53',NULL,3600,120.00,NULL,2),(3023,1646,7,'End',0,'2024-11-19 21:12:19','MANUAL',3600,120.00,NULL,2),(3024,1647,7,'Start',0,'2024-11-19 21:12:32',NULL,3600,120.00,NULL,2),(3025,1643,8,'End',0,'2024-11-19 21:30:55','MANUAL',0,2.00,NULL,2),(3026,1648,8,'Start',0,'2024-11-19 21:34:53',NULL,3600,120.00,NULL,2),(3027,1644,6,'End',0,'2024-11-19 22:10:57','MANUAL',7200,240.00,NULL,2),(3028,1649,6,'Start',0,'2024-11-19 22:11:28',NULL,3600,120.00,NULL,2),(3029,1650,6,'Extend',0,'2024-11-19 22:11:36',NULL,3600,120.00,NULL,2),(3030,1647,7,'End',0,'2024-11-19 22:13:46','MANUAL',3600,120.00,NULL,2),(3031,1651,7,'Start',0,'2024-11-19 22:14:14',NULL,3600,120.00,NULL,2),(3032,1648,8,'End',0,'2024-11-19 22:33:55','MANUAL',3600,120.00,NULL,2),(3033,1652,8,'Start',0,'2024-11-19 22:35:07',NULL,3600,120.00,NULL,2),(3034,1653,8,'Extend',0,'2024-11-19 22:35:12',NULL,3600,120.00,NULL,2),(3035,1651,7,'End',0,'2024-11-19 23:14:20','MANUAL',3600,120.00,NULL,2),(3036,1654,7,'Start',0,'2024-11-19 23:14:37',NULL,3600,120.00,NULL,2),(3037,1649,6,'End',0,'2024-11-19 23:50:18','MANUAL',7200,240.00,NULL,2),(3038,1655,6,'Start',0,'2024-11-19 23:51:09',NULL,3600,120.00,NULL,2),(3039,1642,5,'End',0,'2024-11-20 00:09:49','MANUAL',17566,585.00,NULL,2),(3040,1656,5,'Start',0,'2024-11-20 00:11:15',NULL,3600,120.00,NULL,2),(3041,1657,8,'Extend',0,'2024-11-20 00:13:16',NULL,3600,120.00,NULL,2),(3042,1654,7,'End',0,'2024-11-20 00:14:51','MANUAL',3600,120.00,NULL,2),(3043,1658,7,'Start',0,'2024-11-20 00:19:30',NULL,3600,120.00,NULL,2),(3044,1659,6,'Extend',0,'2024-11-20 00:33:43',NULL,3600,120.00,NULL,2),(3045,1658,7,'End',0,'2024-11-20 01:32:42','MANUAL',3600,120.00,NULL,2),(3046,1660,7,'Start',0,'2024-11-20 01:33:05',NULL,3600,120.00,NULL,2),(3047,1652,8,'End',0,'2024-11-20 01:44:58','MANUAL',10800,360.00,NULL,2),(3048,1655,6,'End',0,'2024-11-20 15:30:19','MANUAL',7200,240.00,NULL,2),(3049,1656,5,'End',0,'2024-11-20 15:30:36','MANUAL',3600,120.00,NULL,2),(3050,1660,7,'End',0,'2024-11-20 15:30:41','MANUAL',3600,120.00,NULL,2),(3051,1661,7,'Start',1,'2024-11-20 15:31:24',NULL,5,2.00,NULL,2),(3052,1661,7,'End',0,'2024-11-20 15:31:29','MANUAL',5,2.00,NULL,2),(3053,1662,7,'Start',0,'2024-11-20 16:55:25',NULL,3600,120.00,NULL,2),(3054,1663,6,'Start',0,'2024-11-20 17:43:01',NULL,3600,120.00,NULL,2),(3055,1664,5,'Start',0,'2024-11-20 17:48:53',NULL,3600,120.00,NULL,2),(3056,1662,7,'End',0,'2024-11-20 17:56:29','MANUAL',3600,120.00,NULL,2),(3057,1665,7,'Start',0,'2024-11-20 18:07:42',NULL,3600,120.00,NULL,2),(3058,1666,8,'Start',0,'2024-11-20 18:26:01',NULL,3600,120.00,NULL,2),(3059,1663,6,'End',0,'2024-11-20 18:50:10','MANUAL',3600,120.00,NULL,2),(3060,1664,5,'End',0,'2024-11-20 18:50:16','MANUAL',3600,120.00,NULL,2),(3061,1667,5,'Start',0,'2024-11-20 18:50:36',NULL,3600,120.00,NULL,2),(3062,1668,6,'Start',0,'2024-11-20 18:58:41',NULL,3600,120.00,NULL,2),(3063,1665,7,'End',0,'2024-11-20 19:08:49','MANUAL',3600,120.00,NULL,2),(3064,1669,7,'Start',0,'2024-11-20 19:12:37',NULL,3600,120.00,NULL,2),(3065,1666,8,'End',0,'2024-11-20 19:25:32','MANUAL',3600,120.00,NULL,2),(3066,1670,8,'Start',0,'2024-11-20 19:28:23',NULL,3600,120.00,NULL,2),(3067,1667,5,'End',0,'2024-11-20 19:53:50','MANUAL',3600,120.00,NULL,2),(3068,1671,5,'Start',0,'2024-11-20 19:59:45',NULL,3600,120.00,NULL,2),(3069,1668,6,'End',0,'2024-11-20 19:59:53','MANUAL',3600,120.00,NULL,2),(3070,1672,6,'Start',0,'2024-11-20 20:02:50',NULL,3600,120.00,NULL,2),(3071,1669,7,'End',0,'2024-11-20 20:13:41','MANUAL',3600,120.00,NULL,2),(3072,1673,7,'Start',0,'2024-11-20 20:15:19',NULL,3600,120.00,NULL,2),(3073,1674,7,'Extend',0,'2024-11-20 20:15:32',NULL,3600,120.00,NULL,2),(3074,1670,8,'End',0,'2024-11-20 20:33:47','MANUAL',3600,120.00,NULL,2),(3075,1675,8,'Start',0,'2024-11-20 20:34:11',NULL,3600,120.00,NULL,2),(3076,1671,5,'End',0,'2024-11-20 21:00:01','MANUAL',3600,120.00,NULL,2),(3077,1676,5,'Start',1,'2024-11-20 21:01:03',NULL,9969,332.00,NULL,2),(3078,1672,6,'End',0,'2024-11-20 21:05:02','MANUAL',3600,120.00,NULL,2),(3079,1677,6,'Start',0,'2024-11-20 21:05:10',NULL,3600,120.00,NULL,2),(3080,1675,8,'End',0,'2024-11-20 21:35:06','MANUAL',3600,120.00,NULL,2),(3081,1678,8,'Start',1,'2024-11-20 21:36:58',NULL,3645,121.00,NULL,2),(3082,1677,6,'End',0,'2024-11-20 22:06:16','MANUAL',3600,120.00,NULL,2),(3083,1679,6,'Start',1,'2024-11-20 22:07:31',NULL,7968,265.00,NULL,2),(3084,1673,7,'End',0,'2024-11-20 22:08:28','MANUAL',7200,240.00,NULL,2),(3085,1680,7,'Start',1,'2024-11-20 22:08:37',NULL,7893,263.00,NULL,2),(3086,1678,8,'End',0,'2024-11-20 22:38:28','MANUAL',3645,121.00,NULL,2),(3087,1681,8,'Start',0,'2024-11-20 22:58:27',NULL,3600,120.00,NULL,2),(3088,1676,5,'End',0,'2024-11-20 23:49:38','MANUAL',9969,332.00,NULL,2),(3089,1682,5,'Start',0,'2024-11-20 23:51:30',NULL,3600,120.00,NULL,2),(3090,1681,8,'End',0,'2024-11-21 00:00:02','MANUAL',3600,120.00,NULL,2),(3091,1683,8,'Start',0,'2024-11-21 00:00:08',NULL,3600,120.00,NULL,2),(3092,1680,7,'End',0,'2024-11-21 00:22:15','MANUAL',7893,263.00,NULL,2),(3093,1679,6,'End',0,'2024-11-21 00:22:20','MANUAL',7968,265.00,NULL,2),(3094,1682,5,'End',0,'2024-11-21 00:24:02','MANUAL',3600,120.00,NULL,2),(3095,1684,7,'Start',0,'2024-11-21 00:24:51',NULL,3600,120.00,NULL,2),(3096,1685,6,'Start',0,'2024-11-21 00:57:22',NULL,3600,120.00,NULL,2),(3097,1683,8,'End',0,'2024-11-21 01:02:13','MANUAL',3600,120.00,NULL,2),(3098,1686,8,'Start',0,'2024-11-21 01:02:17',NULL,3600,120.00,NULL,2),(3099,1687,5,'Start',0,'2024-11-21 01:05:32',NULL,3600,120.00,NULL,2),(3100,1684,7,'End',0,'2024-11-21 01:25:22','MANUAL',3600,120.00,NULL,2),(3101,1688,7,'Start Free',0,'2024-11-21 01:25:54',NULL,0,0.00,'waiter',2),(3102,1686,8,'End',0,'2024-11-21 15:04:20','MANUAL',3600,120.00,NULL,2),(3103,1685,6,'End',0,'2024-11-21 15:04:25','MANUAL',3600,120.00,NULL,2),(3104,1689,8,'Start',1,'2024-11-21 15:04:56',NULL,5721,190.00,NULL,2),(3105,1688,7,'End Free',0,'2024-11-21 15:20:28',NULL,50074,0.00,NULL,2),(3106,1687,5,'End',0,'2024-11-21 15:20:33','MANUAL',3600,120.00,NULL,2),(3107,1690,7,'Start',0,'2024-11-21 16:40:38',NULL,3600,120.00,NULL,2),(3108,1689,8,'End',0,'2024-11-21 16:41:28','MANUAL',5721,190.00,NULL,2),(3109,1690,7,'End',0,'2024-11-21 17:41:53','MANUAL',3600,120.00,NULL,2),(3110,1691,5,'Start',0,'2024-11-21 17:42:35',NULL,3600,120.00,NULL,2),(3111,1692,6,'Start',0,'2024-11-21 17:46:30',NULL,3600,120.00,NULL,2),(3112,1693,7,'Start',0,'2024-11-21 17:48:07',NULL,3600,120.00,NULL,2),(3113,1694,8,'Start',0,'2024-11-21 17:49:07',NULL,3600,120.00,NULL,2),(3114,1695,7,'Extend',0,'2024-11-21 18:49:50',NULL,3600,120.00,NULL,2),(3115,1696,6,'Extend',0,'2024-11-21 18:50:27',NULL,3600,120.00,NULL,2),(3116,1694,8,'End',0,'2024-11-21 18:50:50','MANUAL',3600,120.00,NULL,2),(3117,1691,5,'End',0,'2024-11-21 18:50:55','MANUAL',3600,120.00,NULL,2),(3118,1697,8,'Start',0,'2024-11-21 18:51:16',NULL,3600,120.00,NULL,2),(3119,1698,5,'Start',0,'2024-11-21 19:12:58',NULL,3600,120.00,NULL,2),(3120,1692,6,'End',0,'2024-11-21 19:47:01','MANUAL',7200,240.00,NULL,2),(3121,1693,7,'End',0,'2024-11-21 19:47:44','MANUAL',7200,240.00,NULL,2),(3122,1699,7,'Start',0,'2024-11-21 19:48:47',NULL,3600,120.00,NULL,2),(3123,1700,6,'Start',0,'2024-11-21 19:50:06',NULL,3600,120.00,NULL,2),(3124,1701,8,'Extend',0,'2024-11-21 19:52:43',NULL,3600,120.00,NULL,2),(3125,1698,5,'End',0,'2024-11-21 20:16:02','MANUAL',3600,120.00,NULL,2),(3126,1702,5,'Start',0,'2024-11-21 20:16:18',NULL,3600,120.00,NULL,2),(3127,1699,7,'End',0,'2024-11-21 20:48:54','MANUAL',3600,120.00,NULL,2),(3128,1703,7,'Start',0,'2024-11-21 20:49:26',NULL,3600,120.00,NULL,2),(3129,1700,6,'End',0,'2024-11-21 20:50:47','MANUAL',3600,120.00,NULL,2),(3130,1704,6,'Start',0,'2024-11-21 20:51:45',NULL,3600,120.00,NULL,2),(3131,1697,8,'End',0,'2024-11-21 20:52:37','MANUAL',7200,240.00,NULL,2),(3132,1705,8,'Start',1,'2024-11-21 20:53:55',NULL,5190,173.00,NULL,2),(3133,1702,5,'End',0,'2024-11-21 21:24:28','MANUAL',3600,120.00,NULL,2),(3134,1706,5,'Start',0,'2024-11-21 21:45:06',NULL,3600,120.00,NULL,2),(3135,1703,7,'End',0,'2024-11-21 21:49:56','MANUAL',3600,120.00,NULL,2),(3136,1704,6,'End',0,'2024-11-21 21:52:14','MANUAL',3600,120.00,NULL,2),(3137,1707,6,'Start',0,'2024-11-21 21:52:44',NULL,3600,120.00,NULL,2),(3138,1708,7,'Start',1,'2024-11-21 21:56:56',NULL,10607,353.00,NULL,2),(3139,1705,8,'End',0,'2024-11-21 22:21:29','MANUAL',5190,173.00,NULL,2),(3140,1709,8,'Start',0,'2024-11-21 22:33:52',NULL,3600,120.00,NULL,2),(3141,1706,5,'End',0,'2024-11-21 22:46:58','MANUAL',3600,120.00,NULL,2),(3142,1710,5,'Start',0,'2024-11-21 22:47:04',NULL,3600,120.00,NULL,2),(3143,1707,6,'End',0,'2024-11-21 22:54:15','MANUAL',3600,120.00,NULL,2),(3144,1711,6,'Start',0,'2024-11-21 22:54:29',NULL,3600,120.00,NULL,2),(3145,1709,8,'End',0,'2024-11-21 23:34:14','MANUAL',3600,120.00,NULL,2),(3146,1712,8,'Start',0,'2024-11-21 23:35:27',NULL,3600,120.00,NULL,2),(3147,1710,5,'End',0,'2024-11-21 23:47:15','MANUAL',3600,120.00,NULL,2),(3148,1713,5,'Start',0,'2024-11-21 23:51:08',NULL,3600,120.00,NULL,2),(3149,1711,6,'End',0,'2024-11-21 23:57:04','MANUAL',3600,120.00,NULL,2),(3150,1714,6,'Start',0,'2024-11-21 23:57:19',NULL,3600,120.00,NULL,2),(3151,1715,8,'Extend',0,'2024-11-22 00:28:55',NULL,1800,60.00,NULL,2),(3152,1713,5,'End',0,'2024-11-22 00:51:26','MANUAL',3600,120.00,NULL,2),(3153,1708,7,'End',0,'2024-11-22 00:56:32','MANUAL',10607,353.00,NULL,2),(3154,1714,6,'End',0,'2024-11-22 01:03:04','MANUAL',3600,120.00,NULL,2),(3155,1712,8,'End',0,'2024-11-22 01:12:02','MANUAL',5400,180.00,NULL,2),(3156,1716,7,'Start Free',0,'2024-11-22 01:12:18',NULL,0,0.00,'Employee free play',2),(3157,1716,7,'End Free',0,'2024-11-22 15:18:09',NULL,50751,0.00,NULL,2),(3158,1717,7,'Start',0,'2024-11-22 17:08:37',NULL,3600,120.00,NULL,2),(3159,1718,6,'Start',0,'2024-11-22 17:22:06',NULL,3600,120.00,NULL,2),(3160,1719,8,'Start',1,'2024-11-22 17:23:46',NULL,3974,132.00,NULL,2),(3161,1720,5,'Start',0,'2024-11-22 17:27:42',NULL,3600,120.00,NULL,2),(3162,1717,7,'End',0,'2024-11-22 18:08:47','MANUAL',3600,120.00,NULL,2),(3163,1721,7,'Start',0,'2024-11-22 18:11:02',NULL,3600,120.00,NULL,2),(3164,1718,6,'End',0,'2024-11-22 18:23:09','MANUAL',3600,120.00,NULL,2),(3165,1720,5,'End',0,'2024-11-22 18:30:42','MANUAL',3600,120.00,NULL,2),(3166,1719,8,'End',0,'2024-11-22 18:30:50','MANUAL',3974,132.00,NULL,2),(3167,1722,6,'Start',0,'2024-11-22 18:33:10',NULL,3600,120.00,NULL,2),(3168,1721,7,'End',0,'2024-11-22 19:11:33','MANUAL',3600,120.00,NULL,2),(3169,1723,7,'Start',0,'2024-11-22 19:12:17',NULL,3600,120.00,NULL,2),(3170,1724,6,'Extend',0,'2024-11-22 19:34:57',NULL,3600,120.00,NULL,2),(3171,1725,8,'Start',0,'2024-11-22 19:51:50',NULL,3600,120.00,NULL,2),(3172,1726,5,'Start',0,'2024-11-22 19:59:23',NULL,3600,120.00,NULL,2),(3173,1723,7,'End',0,'2024-11-22 20:15:29','MANUAL',3600,120.00,NULL,2),(3174,1727,7,'Start',0,'2024-11-22 20:20:10',NULL,3600,120.00,NULL,2),(3175,1722,6,'End',0,'2024-11-22 20:35:06','MANUAL',7200,240.00,NULL,2),(3176,1728,6,'Start',0,'2024-11-22 20:36:31',NULL,3600,120.00,NULL,2),(3177,1725,8,'End',0,'2024-11-22 20:53:06','MANUAL',3600,120.00,NULL,2),(3178,1729,8,'Start',0,'2024-11-22 20:53:10',NULL,3600,120.00,NULL,2),(3179,1729,8,'End',0,'2024-11-22 20:53:08','MANUAL',3600,120.00,NULL,2),(3180,1726,5,'End',0,'2024-11-22 20:59:56','MANUAL',3600,120.00,NULL,2),(3181,1730,8,'Start',0,'2024-11-22 21:00:25',NULL,3600,120.00,NULL,2),(3182,1731,5,'Start',0,'2024-11-22 21:00:45',NULL,3600,120.00,NULL,2),(3183,1727,7,'End',0,'2024-11-22 21:21:15','MANUAL',3600,120.00,NULL,2),(3184,1732,7,'Start',1,'2024-11-22 21:22:37',NULL,1687,56.00,NULL,2),(3185,1733,6,'Extend',0,'2024-11-22 21:38:11',NULL,3600,120.00,NULL,2),(3186,1732,7,'End',0,'2024-11-22 21:51:11','MANUAL',1687,56.00,NULL,2),(3187,1734,7,'Start',0,'2024-11-22 21:51:43',NULL,3600,120.00,NULL,2),(3188,1730,8,'End',0,'2024-11-22 22:02:06','MANUAL',3600,120.00,NULL,2),(3189,1731,5,'End',0,'2024-11-22 22:02:13','MANUAL',3600,120.00,NULL,2),(3190,1735,5,'Start',1,'2024-11-22 22:02:29',NULL,5165,172.00,NULL,2),(3191,1736,8,'Start',0,'2024-11-22 22:05:54',NULL,3600,120.00,NULL,2),(3192,1728,6,'End',0,'2024-11-22 22:35:38','MANUAL',7200,240.00,NULL,2),(3193,1737,6,'Start',0,'2024-11-22 22:36:07',NULL,3600,120.00,NULL,2),(3194,1734,7,'End',0,'2024-11-22 22:52:59','MANUAL',3600,120.00,NULL,2),(3195,1738,7,'Start',1,'2024-11-22 22:53:10',NULL,8925,297.00,NULL,2),(3196,1736,8,'End',0,'2024-11-22 23:07:27','MANUAL',3600,120.00,NULL,2),(3197,1739,8,'Start',0,'2024-11-22 23:08:32',NULL,3600,120.00,NULL,2),(3198,1735,5,'End',0,'2024-11-22 23:29:49','MANUAL',5165,172.00,NULL,2),(3199,1740,5,'Start',0,'2024-11-22 23:31:54',NULL,3600,120.00,NULL,2),(3200,1737,6,'End',0,'2024-11-22 23:34:14','MANUAL',3600,120.00,NULL,2),(3201,1741,6,'Start',0,'2024-11-22 23:34:48',NULL,3600,120.00,NULL,2),(3202,1739,8,'End',0,'2024-11-23 00:18:34','MANUAL',3600,120.00,NULL,2),(3203,1742,8,'Start',0,'2024-11-23 00:19:24',NULL,3600,120.00,NULL,2),(3204,1740,5,'End',0,'2024-11-23 00:33:39','MANUAL',3600,120.00,NULL,2),(3205,1743,5,'Start',0,'2024-11-23 00:34:26',NULL,3600,120.00,NULL,2),(3206,1741,6,'End',0,'2024-11-23 00:36:45','MANUAL',3600,120.00,NULL,2),(3207,1744,6,'Start',0,'2024-11-23 00:37:41',NULL,3600,120.00,NULL,2),(3208,1742,8,'End',0,'2024-11-23 01:24:13','MANUAL',3600,120.00,NULL,2),(3209,1738,7,'End',0,'2024-11-23 01:24:17','MANUAL',8925,297.00,NULL,2),(3210,1745,8,'Start',0,'2024-11-23 01:24:36',NULL,3600,120.00,NULL,2),(3211,1746,7,'Start',0,'2024-11-23 01:24:56',NULL,3600,120.00,NULL,2),(3212,1747,5,'Extend',0,'2024-11-23 01:25:17',NULL,3600,120.00,NULL,2),(3213,1743,5,'End',0,'2024-11-23 01:29:41','MANUAL',7200,240.00,NULL,2),(3214,1744,6,'End',0,'2024-11-23 01:37:50','MANUAL',3600,120.00,NULL,2),(3215,1746,7,'End',0,'2024-11-23 15:05:20','MANUAL',3600,120.00,NULL,2),(3216,1745,8,'End',0,'2024-11-23 15:05:23','MANUAL',3600,120.00,NULL,2),(3217,1748,7,'Start',1,'2024-11-23 15:05:30',NULL,4510,150.00,NULL,2),(3218,1749,8,'Start',1,'2024-11-23 15:47:30',NULL,5316,177.00,NULL,2),(3219,1748,7,'End',0,'2024-11-23 16:21:51','MANUAL',4510,150.00,NULL,2),(3220,1750,6,'Start',0,'2024-11-23 16:42:28',NULL,3600,120.00,NULL,2),(3221,1749,8,'End',0,'2024-11-23 17:17:12','MANUAL',5316,177.00,NULL,2),(3222,1751,8,'Start',0,'2024-11-23 17:29:00',NULL,3600,120.00,NULL,2),(3223,1750,6,'End',0,'2024-11-23 17:48:01','MANUAL',3600,120.00,NULL,2),(3224,1752,6,'Start',0,'2024-11-23 18:02:18',NULL,3600,120.00,NULL,2),(3225,1753,7,'Start',0,'2024-11-23 18:19:50',NULL,3600,120.00,NULL,2),(3226,1754,5,'Start',1,'2024-11-23 18:23:21',NULL,3857,128.00,NULL,2),(3227,1751,8,'End',0,'2024-11-23 18:48:34','MANUAL',3600,120.00,NULL,2),(3228,1752,6,'End',0,'2024-11-23 19:03:15','MANUAL',3600,120.00,NULL,2),(3229,1755,6,'Start',1,'2024-11-23 19:08:33',NULL,9985,332.00,NULL,2),(3230,1756,8,'Start',0,'2024-11-23 19:17:40',NULL,3600,120.00,NULL,2),(3231,1753,7,'End',0,'2024-11-23 19:26:08','MANUAL',3600,120.00,NULL,2),(3232,1754,5,'End',0,'2024-11-23 19:28:35','MANUAL',3857,128.00,NULL,2),(3233,1757,7,'Start',0,'2024-11-23 19:41:57',NULL,3600,120.00,NULL,2),(3234,1758,5,'Start',0,'2024-11-23 20:00:00',NULL,3600,120.00,NULL,2),(3235,1756,8,'End',0,'2024-11-23 20:20:15','MANUAL',3600,120.00,NULL,2),(3236,1759,8,'Start',0,'2024-11-23 20:20:19',NULL,3600,120.00,NULL,2),(3237,1757,7,'End',0,'2024-11-23 20:43:36','MANUAL',3600,120.00,NULL,2),(3238,1760,7,'Start',0,'2024-11-23 20:43:49',NULL,3600,120.00,NULL,2),(3239,1761,5,'Extend',0,'2024-11-23 20:47:15',NULL,3600,120.00,NULL,2),(3240,1759,8,'End',0,'2024-11-23 21:24:48','MANUAL',3600,120.00,NULL,2),(3241,1762,8,'Start',0,'2024-11-23 21:25:06',NULL,3600,120.00,NULL,2),(3242,1760,7,'End',0,'2024-11-23 21:46:25','MANUAL',3600,120.00,NULL,2),(3243,1763,7,'Start',1,'2024-11-23 21:46:30',NULL,10531,351.00,NULL,2),(3244,1755,6,'End',0,'2024-11-23 21:57:31','MANUAL',9985,332.00,NULL,2),(3245,1764,5,'Extend',0,'2024-11-23 22:02:49',NULL,3600,120.00,NULL,2),(3246,1765,6,'Start',0,'2024-11-23 22:05:41',NULL,3600,120.00,NULL,2),(3247,1762,8,'End',0,'2024-11-23 22:27:06','MANUAL',3600,120.00,NULL,2),(3248,1766,8,'Start',1,'2024-11-23 22:27:12',NULL,259,8.00,NULL,2),(3249,1766,8,'End',0,'2024-11-23 22:31:36','MANUAL',259,8.00,NULL,2),(3250,1767,8,'Start',1,'2024-11-23 22:31:57',NULL,6694,223.00,NULL,2),(3251,1758,5,'End',0,'2024-11-23 23:02:59','MANUAL',10800,360.00,NULL,2),(3252,1768,5,'Start',1,'2024-11-23 23:04:05',NULL,6787,226.00,NULL,2),(3253,1765,6,'End',0,'2024-11-23 23:07:13','MANUAL',3600,120.00,NULL,2),(3254,1769,6,'Start',0,'2024-11-23 23:08:23',NULL,3600,120.00,NULL,2),(3255,1769,6,'End',0,'2024-11-24 00:08:32','MANUAL',3600,120.00,NULL,2),(3256,1770,6,'Start',0,'2024-11-24 00:09:45',NULL,3600,120.00,NULL,2),(3257,1767,8,'End',0,'2024-11-24 00:24:54','MANUAL',6694,223.00,NULL,2),(3258,1771,8,'Start',0,'2024-11-24 00:25:54',NULL,3600,120.00,NULL,2),(3259,1763,7,'End',0,'2024-11-24 00:44:49','MANUAL',10531,351.00,NULL,2),(3260,1772,7,'Start',0,'2024-11-24 00:46:11',NULL,3600,120.00,NULL,2),(3261,1772,7,'End',0,'2024-11-24 00:46:14','MANUAL',3600,120.00,NULL,2),(3262,1773,7,'Start',0,'2024-11-24 00:46:18',NULL,3600,120.00,NULL,2),(3263,1768,5,'End',0,'2024-11-24 00:58:53','MANUAL',6787,226.00,NULL,2),(3264,1770,6,'End',0,'2024-11-24 01:10:14','MANUAL',3600,120.00,NULL,2),(3265,1774,6,'Start',0,'2024-11-24 01:11:30',NULL,3600,120.00,NULL,2),(3266,1775,5,'Start',0,'2024-11-24 01:26:27',NULL,3600,120.00,NULL,2),(3267,1771,8,'End',0,'2024-11-24 01:26:33','MANUAL',3600,120.00,NULL,2),(3268,1776,8,'Start',0,'2024-11-24 01:28:32',NULL,3600,120.00,NULL,2),(3269,1773,7,'End',0,'2024-11-24 01:48:36','MANUAL',3600,120.00,NULL,2),(3270,1777,7,'Start',0,'2024-11-24 01:57:54',NULL,3600,120.00,NULL,2),(3271,1774,6,'End',0,'2024-11-24 02:13:48','MANUAL',3600,120.00,NULL,2),(3272,1778,6,'Start Free',0,'2024-11-24 02:22:27',NULL,0,0.00,'Employee free play',2),(3273,1775,5,'End',0,'2024-11-24 02:26:00','MANUAL',3600,120.00,NULL,2),(3274,1777,7,'End',0,'2024-11-24 17:06:31','MANUAL',3600,120.00,NULL,2),(3275,1778,6,'End Free',0,'2024-11-24 17:06:35',NULL,53048,0.00,NULL,2),(3276,1776,8,'End',0,'2024-11-24 17:06:44','MANUAL',3600,120.00,NULL,2),(3277,1779,8,'Start',0,'2024-11-24 18:21:37',NULL,3600,120.00,NULL,2),(3278,1780,7,'Start',0,'2024-11-24 18:22:29',NULL,3600,120.00,NULL,2),(3279,1781,6,'Start',0,'2024-11-24 18:22:35',NULL,3600,120.00,NULL,2),(3280,1782,5,'Start',0,'2024-11-24 18:45:06',NULL,3600,120.00,NULL,2),(3281,1783,8,'Extend',0,'2024-11-24 19:22:56',NULL,3600,120.00,NULL,2),(3282,1781,6,'End',0,'2024-11-24 19:23:07','MANUAL',3600,120.00,NULL,2),(3283,1780,7,'End',0,'2024-11-24 19:23:19','MANUAL',3600,120.00,NULL,2),(3284,1782,5,'End',0,'2024-11-24 19:48:08','MANUAL',3600,120.00,NULL,2),(3285,1784,7,'Start',0,'2024-11-24 19:53:10',NULL,3600,120.00,NULL,2),(3286,1785,6,'Start',0,'2024-11-24 20:05:57',NULL,3600,120.00,NULL,2),(3287,1786,5,'Start',0,'2024-11-24 20:06:29',NULL,3600,120.00,NULL,2),(3288,1787,8,'Extend',0,'2024-11-24 20:12:09',NULL,3600,120.00,NULL,2),(3289,1788,7,'Extend',0,'2024-11-24 20:54:47',NULL,3600,120.00,NULL,2),(3290,1789,6,'Extend',0,'2024-11-24 21:06:17',NULL,3600,120.00,NULL,2),(3291,1786,5,'End',0,'2024-11-24 21:07:08','MANUAL',3600,120.00,NULL,2),(3292,1790,5,'Start',1,'2024-11-24 21:07:55',NULL,3414,113.00,NULL,2),(3293,1791,8,'Extend',0,'2024-11-24 21:18:51',NULL,3600,120.00,NULL,2),(3294,1784,7,'End',0,'2024-11-24 21:54:07','MANUAL',7200,240.00,NULL,2),(3295,1792,7,'Start',1,'2024-11-24 21:55:36',NULL,8887,296.00,NULL,2),(3296,1790,5,'End',0,'2024-11-24 22:05:40','MANUAL',3414,113.00,NULL,2),(3297,1793,6,'Extend',0,'2024-11-24 22:06:59',NULL,3600,120.00,NULL,2),(3298,1794,8,'Extend',0,'2024-11-24 22:10:05',NULL,3600,120.00,NULL,2),(3299,1795,5,'Start',0,'2024-11-24 22:10:22',NULL,3600,120.00,NULL,2),(3300,1796,6,'Extend',0,'2024-11-24 23:05:08',NULL,3600,120.00,NULL,2),(3301,1795,5,'End',0,'2024-11-24 23:13:46','MANUAL',3600,120.00,NULL,2),(3302,1797,5,'Start',1,'2024-11-24 23:14:48',NULL,4568,152.00,NULL,2),(3303,1779,8,'End',0,'2024-11-24 23:21:41','MANUAL',18000,600.00,NULL,2),(3304,1798,8,'Start',0,'2024-11-24 23:30:12',NULL,3600,120.00,NULL,2),(3305,1785,6,'End',0,'2024-11-25 00:09:56','MANUAL',14400,480.00,NULL,2),(3306,1799,6,'Start',0,'2024-11-25 00:10:44',NULL,3600,120.00,NULL,2),(3307,1792,7,'End',0,'2024-11-25 00:26:05','MANUAL',8887,296.00,NULL,2),(3308,1798,8,'End',0,'2024-11-25 00:30:23','MANUAL',3600,120.00,NULL,2),(3309,1800,8,'Start',0,'2024-11-25 00:31:30',NULL,3600,120.00,NULL,2),(3310,1797,5,'End',0,'2024-11-25 00:32:03','MANUAL',4568,152.00,NULL,2),(3311,1801,7,'Start Free',0,'2024-11-25 01:02:17',NULL,0,0.00,'waiter',2),(3312,1801,7,'End Free',0,'2024-11-25 15:10:02',NULL,50865,0.00,NULL,2),(3313,1799,6,'End',0,'2024-11-25 15:10:11','MANUAL',3600,120.00,NULL,2),(3314,1800,8,'End',0,'2024-11-25 15:10:14','MANUAL',3600,120.00,NULL,2),(3315,1802,7,'Start',0,'2024-11-25 15:53:28',NULL,3600,120.00,NULL,2),(3316,1803,8,'Start',0,'2024-11-25 15:55:06',NULL,3600,120.00,NULL,2),(3317,1804,6,'Start',0,'2024-11-25 16:10:09',NULL,3600,120.00,NULL,2),(3318,1805,5,'Start',0,'2024-11-25 16:15:48',NULL,3600,120.00,NULL,2),(3319,1806,7,'Extend',0,'2024-11-25 16:47:41',NULL,3600,120.00,NULL,2),(3320,1803,8,'End',0,'2024-11-25 16:55:04','MANUAL',3600,120.00,NULL,2),(3321,1805,5,'End',0,'2024-11-25 17:06:56','MANUAL',3600,120.00,NULL,2),(3322,1804,6,'End',0,'2024-11-25 17:07:08','MANUAL',3600,120.00,NULL,2),(3323,1807,6,'Start',0,'2024-11-25 17:07:55',NULL,3600,120.00,NULL,2),(3324,1808,5,'Start',0,'2024-11-25 17:28:08',NULL,3600,120.00,NULL,2),(3325,1808,5,'End',0,'2024-11-25 17:30:19','MANUAL',3600,120.00,NULL,2),(3326,1809,8,'Start',0,'2024-11-25 17:30:24',NULL,3600,120.00,NULL,2),(3327,1807,6,'End',0,'2024-11-25 17:44:31','MANUAL',3600,120.00,NULL,2),(3328,1802,7,'End',0,'2024-11-25 17:53:41','MANUAL',7200,240.00,NULL,2),(3329,1810,6,'Start',0,'2024-11-25 17:55:02',NULL,3600,120.00,NULL,2),(3330,1811,7,'Start',1,'2024-11-25 17:57:30',NULL,12561,418.00,NULL,2),(3331,1812,5,'Start',0,'2024-11-25 18:26:45',NULL,3600,120.00,NULL,2),(3332,1809,8,'End',0,'2024-11-25 18:31:19','MANUAL',3600,120.00,NULL,2),(3333,1813,8,'Start',0,'2024-11-25 18:36:58',NULL,3600,120.00,NULL,2),(3334,1810,6,'End',0,'2024-11-25 18:56:27','MANUAL',3600,120.00,NULL,2),(3335,1814,6,'Start',0,'2024-11-25 18:59:19',NULL,3600,120.00,NULL,2),(3336,1812,5,'End',0,'2024-11-25 19:27:18','MANUAL',3600,120.00,NULL,2),(3337,1815,5,'Start',0,'2024-11-25 19:31:17',NULL,3600,120.00,NULL,2),(3338,1813,8,'End',0,'2024-11-25 19:35:49','MANUAL',3600,120.00,NULL,2),(3339,1816,8,'Start',1,'2024-11-25 19:35:54',NULL,4431,147.00,NULL,2),(3340,1817,6,'Extend',0,'2024-11-25 19:51:21',NULL,3600,120.00,NULL,2),(3341,1815,5,'End',0,'2024-11-25 20:28:28','MANUAL',3600,120.00,NULL,2),(3342,1818,5,'Start',1,'2024-11-25 20:28:35',NULL,3247,108.00,NULL,2),(3343,1816,8,'End',0,'2024-11-25 20:50:44','MANUAL',4431,147.00,NULL,2),(3344,1819,8,'Start',0,'2024-11-25 20:52:33',NULL,3600,120.00,NULL,2),(3345,1820,8,'Extend',0,'2024-11-25 20:52:36',NULL,3600,120.00,NULL,2),(3346,1814,6,'End',0,'2024-11-25 21:01:56','MANUAL',7200,240.00,NULL,2),(3347,1821,6,'Start',0,'2024-11-25 21:04:01',NULL,3600,120.00,NULL,2),(3348,1818,5,'End',0,'2024-11-25 21:23:29','MANUAL',3247,108.00,NULL,2),(3349,1811,7,'End',0,'2024-11-25 21:30:12','MANUAL',12561,418.00,NULL,2),(3350,1822,5,'Start',0,'2024-11-25 21:30:25',NULL,3600,120.00,NULL,2),(3351,1823,7,'Start',1,'2024-11-25 21:32:33',NULL,26,2.00,NULL,2),(3352,1823,7,'End',0,'2024-11-25 21:33:00','MANUAL',26,2.00,NULL,2),(3353,1824,7,'Start',1,'2024-11-25 21:34:11',NULL,3566,118.00,NULL,2),(3354,1825,6,'Extend',0,'2024-11-25 22:01:43',NULL,3600,120.00,NULL,2),(3355,1819,8,'End',0,'2024-11-25 22:18:33','MANUAL',7200,240.00,NULL,2),(3356,1826,8,'Start',0,'2024-11-25 22:21:38',NULL,3600,120.00,NULL,2),(3357,1822,5,'End',0,'2024-11-25 22:30:33','MANUAL',3600,120.00,NULL,2),(3358,1827,5,'Start',0,'2024-11-25 22:32:36',NULL,3600,120.00,NULL,2),(3359,1824,7,'End',0,'2024-11-25 22:34:33','MANUAL',3566,118.00,NULL,2),(3360,1828,7,'Start',0,'2024-11-25 22:36:31',NULL,3600,120.00,NULL,2),(3361,1821,6,'End',0,'2024-11-25 23:04:49','MANUAL',7200,240.00,NULL,2),(3362,1829,6,'Start',0,'2024-11-25 23:04:52',NULL,3600,120.00,NULL,2),(3363,1826,8,'End',0,'2024-11-25 23:22:31','MANUAL',3600,120.00,NULL,2),(3364,1830,8,'Start',0,'2024-11-25 23:27:22',NULL,3600,120.00,NULL,2),(3365,1827,5,'End',0,'2024-11-25 23:33:08','MANUAL',3600,120.00,NULL,2),(3366,1831,7,'Extend',0,'2024-11-25 23:34:36',NULL,3600,120.00,NULL,2),(3367,1832,5,'Start',0,'2024-11-25 23:36:16',NULL,3600,120.00,NULL,2),(3368,1829,6,'End',0,'2024-11-26 00:04:55','MANUAL',3600,120.00,NULL,2),(3369,1833,6,'Start',0,'2024-11-26 00:06:54',NULL,3600,120.00,NULL,2),(3370,1830,8,'End',0,'2024-11-26 00:27:25','MANUAL',3600,120.00,NULL,2),(3371,1828,7,'End',0,'2024-11-26 00:38:51','MANUAL',7200,240.00,NULL,2),(3372,1832,5,'End',0,'2024-11-26 00:39:21','MANUAL',3600,120.00,NULL,2),(3373,1834,7,'Start',0,'2024-11-26 00:40:01',NULL,3600,120.00,NULL,2),(3374,1833,6,'End',0,'2024-11-26 01:08:46','MANUAL',3600,120.00,NULL,2),(3375,1835,8,'Start',0,'2024-11-26 01:08:51',NULL,3600,120.00,NULL,2),(3376,1834,7,'End',0,'2024-11-26 01:45:49','MANUAL',3600,120.00,NULL,2),(3377,1835,8,'End',0,'2024-11-26 15:35:24','MANUAL',3600,120.00,NULL,2),(3378,1836,7,'Start',0,'2024-11-26 15:35:30',NULL,3600,120.00,NULL,2),(3379,1837,8,'Start',0,'2024-11-26 15:36:42',NULL,3600,120.00,NULL,2),(3380,1838,6,'Start',0,'2024-11-26 15:41:25',NULL,3600,120.00,NULL,2),(3381,1839,6,'Extend',0,'2024-11-26 15:41:29',NULL,3600,120.00,NULL,2),(3382,1840,6,'Pause',0,'2024-11-26 15:43:19',NULL,7090,0.00,NULL,2),(3383,1841,6,'Resume',0,'2024-11-26 15:43:21',NULL,0,0.00,NULL,2),(3384,1842,5,'Start',1,'2024-11-26 15:51:50',NULL,6717,223.00,NULL,2),(3385,1843,8,'Extend',0,'2024-11-26 16:38:10',NULL,3600,120.00,NULL,2),(3386,1836,7,'End',0,'2024-11-26 16:39:44','MANUAL',3600,120.00,NULL,2),(3387,1844,7,'Start',0,'2024-11-26 17:11:57',NULL,3600,120.00,NULL,2),(3388,1845,8,'Extend',0,'2024-11-26 17:42:59',NULL,3600,120.00,NULL,2),(3389,1842,5,'End',0,'2024-11-26 17:45:26','MANUAL',6717,223.00,NULL,2),(3390,1837,8,'End',0,'2024-11-26 18:11:24','MANUAL',10800,360.00,NULL,2),(3391,1844,7,'End',0,'2024-11-26 18:14:27','MANUAL',3600,120.00,NULL,2),(3392,1838,6,'End',0,'2024-11-26 18:41:45','MANUAL',14290,240.00,NULL,2),(3393,1846,8,'Start',1,'2024-11-26 18:51:19',NULL,10124,337.00,NULL,2),(3394,1847,6,'Start',0,'2024-11-26 19:05:14',NULL,3600,120.00,NULL,2),(3395,1848,7,'Start',0,'2024-11-26 19:11:38',NULL,3600,120.00,NULL,2),(3396,1849,5,'Start',0,'2024-11-26 19:22:18',NULL,3600,120.00,NULL,2),(3397,1847,6,'End',0,'2024-11-26 20:05:44','MANUAL',3600,120.00,NULL,2),(3398,1850,6,'Start',1,'2024-11-26 20:06:56',NULL,7626,254.00,NULL,2),(3399,1848,7,'End',0,'2024-11-26 20:16:53','MANUAL',3600,120.00,NULL,2),(3400,1849,5,'End',0,'2024-11-26 20:24:57','MANUAL',3600,120.00,NULL,2),(3401,1851,7,'Start',0,'2024-11-26 21:35:58',NULL,3600,120.00,NULL,2),(3402,1852,5,'Start',0,'2024-11-26 21:37:36',NULL,3600,120.00,NULL,2),(3403,1846,8,'End',0,'2024-11-26 21:42:10','MANUAL',10124,337.00,NULL,2),(3404,1853,8,'Start',0,'2024-11-26 21:48:41',NULL,3600,120.00,NULL,2),(3405,1850,6,'End',0,'2024-11-26 22:15:57','MANUAL',7626,254.00,NULL,2),(3406,1854,6,'Start',0,'2024-11-26 22:21:04',NULL,3600,120.00,NULL,2),(3407,1851,7,'End',0,'2024-11-26 22:35:09','MANUAL',3600,120.00,NULL,2),(3408,1855,7,'Start',0,'2024-11-26 22:35:54',NULL,3600,120.00,NULL,2),(3409,1856,7,'Extend',0,'2024-11-26 22:35:58',NULL,3600,120.00,NULL,2),(3410,1852,5,'End',0,'2024-11-26 22:36:45','MANUAL',3600,120.00,NULL,2),(3411,1857,5,'Start',1,'2024-11-26 22:38:05',NULL,731,24.00,NULL,2),(3412,1853,8,'End',0,'2024-11-26 22:49:40','MANUAL',3600,120.00,NULL,2),(3413,1857,5,'End',0,'2024-11-26 22:50:27','MANUAL',731,24.00,NULL,2),(3414,1858,8,'Start',1,'2024-11-26 22:50:32',NULL,4172,139.00,NULL,2),(3415,1854,6,'End',0,'2024-11-26 23:25:20','MANUAL',3600,120.00,NULL,2),(3416,1859,6,'Start',0,'2024-11-26 23:25:38',NULL,3600,120.00,NULL,2),(3417,1860,5,'Start',0,'2024-11-26 23:57:30',NULL,3600,120.00,NULL,2),(3418,1858,8,'End',0,'2024-11-27 00:00:56','MANUAL',4172,139.00,NULL,2),(3419,1861,7,'Extend',0,'2024-11-27 00:29:46',NULL,3600,120.00,NULL,2),(3420,1859,6,'End',0,'2024-11-27 00:31:40','MANUAL',3600,120.00,NULL,2),(3421,1862,6,'Start',0,'2024-11-27 00:32:33',NULL,3600,120.00,NULL,2),(3422,1860,5,'End',0,'2024-11-27 00:57:35','MANUAL',3600,120.00,NULL,2),(3423,1863,8,'Start Free',0,'2024-11-27 01:14:51',NULL,0,0.00,'waiter',2),(3424,1864,7,'Extend',0,'2024-11-27 01:17:01',NULL,3600,120.00,NULL,2),(3425,1862,6,'End',0,'2024-11-27 01:36:57','MANUAL',3600,120.00,NULL,2),(3426,1865,7,'Pause',0,'2024-11-27 01:46:28',NULL,12633,0.00,NULL,2),(3427,1866,7,'Resume',0,'2024-11-27 01:47:46',NULL,0,0.00,NULL,2),(3428,1863,8,'End Free',0,'2024-11-27 15:37:44',NULL,51773,0.00,NULL,2),(3429,1855,7,'End',0,'2024-11-27 16:17:00','MANUAL',27033,480.00,NULL,2),(3430,1867,7,'Start',1,'2024-11-27 16:44:25',NULL,6503,216.00,NULL,2),(3431,1868,6,'Start',0,'2024-11-27 16:54:42',NULL,3600,120.00,NULL,2),(3432,1869,8,'Start',0,'2024-11-27 16:55:55',NULL,3600,120.00,NULL,2),(3433,1868,6,'End',0,'2024-11-27 17:56:08','MANUAL',3600,120.00,NULL,2),(3434,1870,6,'Start',0,'2024-11-27 17:56:17',NULL,3600,120.00,NULL,2),(3435,1869,8,'End',0,'2024-11-27 17:56:21','MANUAL',3600,120.00,NULL,2),(3436,1871,8,'Start',0,'2024-11-27 18:13:05',NULL,3600,120.00,NULL,2),(3437,1867,7,'End',0,'2024-11-27 18:34:32','MANUAL',6503,216.00,NULL,2),(3438,1872,7,'Start',0,'2024-11-27 18:52:20',NULL,3600,120.00,NULL,2),(3439,1870,6,'End',0,'2024-11-27 18:56:46','MANUAL',3600,120.00,NULL,2),(3440,1873,6,'Start',0,'2024-11-27 19:03:05',NULL,3600,120.00,NULL,2),(3441,1871,8,'End',0,'2024-11-27 19:16:39','MANUAL',3600,120.00,NULL,2),(3442,1874,8,'Start',1,'2024-11-27 19:16:49',NULL,11790,393.00,NULL,2),(3443,1875,5,'Start',0,'2024-11-27 19:23:14',NULL,3600,120.00,NULL,2),(3444,1876,5,'Pause',0,'2024-11-27 19:24:00',NULL,3554,0.00,NULL,2),(3445,1877,5,'Resume',0,'2024-11-27 19:24:07',NULL,0,0.00,NULL,2),(3446,1872,7,'End',0,'2024-11-27 19:53:16','MANUAL',3600,120.00,NULL,2),(3447,1878,7,'Start',0,'2024-11-27 19:55:27',NULL,3600,120.00,NULL,2),(3448,1873,6,'End',0,'2024-11-27 20:05:29','MANUAL',3600,120.00,NULL,2),(3449,1879,6,'Start',0,'2024-11-27 20:07:11',NULL,3600,120.00,NULL,2),(3450,1875,5,'End',0,'2024-11-27 20:27:32','MANUAL',7154,120.00,NULL,2),(3451,1880,5,'Start',1,'2024-11-27 20:28:03',NULL,0,2.00,NULL,2),(3452,1878,7,'End',0,'2024-11-27 20:57:28','MANUAL',3600,120.00,NULL,2),(3453,1881,7,'Start',0,'2024-11-27 20:57:35',NULL,3600,120.00,NULL,2),(3454,1879,6,'End',0,'2024-11-27 21:07:25','MANUAL',3600,120.00,NULL,2),(3455,1882,6,'Start',1,'2024-11-27 21:07:31',NULL,0,2.00,NULL,2),(3456,1883,7,'Extend',0,'2024-11-27 21:58:49',NULL,3600,120.00,NULL,2),(3457,1874,8,'End',0,'2024-11-27 22:35:46','MANUAL',11790,393.00,NULL,2),(3458,1884,8,'Start',1,'2024-11-27 22:43:57',NULL,0,2.00,NULL,2),(3459,1885,7,'Pause',0,'2024-11-27 22:56:01',NULL,3768,0.00,NULL,2),(3460,1886,7,'Resume',0,'2024-11-27 22:56:13',NULL,0,0.00,NULL,2),(3461,1887,7,'Pause',0,'2024-11-27 22:59:55',NULL,3534,0.00,NULL,2),(3462,1888,7,'Resume',0,'2024-11-27 23:12:16',NULL,0,0.00,NULL,2),(3463,1889,7,'Pause',0,'2024-11-27 23:12:28',NULL,2781,0.00,NULL,2),(3464,1890,7,'Resume',0,'2024-11-27 23:12:31',NULL,0,0.00,NULL,2),(3465,1891,7,'Pause',0,'2024-11-27 23:12:56',NULL,2753,0.00,NULL,2),(3466,1892,7,'Resume',0,'2024-11-27 23:12:57',NULL,0,0.00,NULL,2),(3467,1893,7,'Resume',0,'2024-11-27 23:13:05',NULL,0,0.00,NULL,2),(3468,1894,7,'Pause',0,'2024-11-27 23:13:09',NULL,2740,0.00,NULL,2),(3469,1895,7,'Resume',0,'2024-11-27 23:13:12',NULL,0,0.00,NULL,2),(3470,1896,7,'Pause',0,'2024-11-27 23:13:16',NULL,2733,0.00,NULL,2),(3471,1897,7,'Resume',0,'2024-11-27 23:13:38',NULL,0,0.00,NULL,2),(3472,1898,7,'Extend',0,'2024-11-27 23:14:31',NULL,3600,120.00,NULL,2),(3473,1881,7,'End',0,'2024-11-27 23:14:54','MANUAL',29109,360.00,NULL,2),(3474,1899,7,'Start',0,'2024-11-27 23:15:03',NULL,3600,120.00,NULL,2),(3475,1880,5,'End',0,'2024-11-27 23:16:02','MANUAL',0,2.00,NULL,2),(3476,1900,5,'Start',0,'2024-11-27 23:20:15',NULL,3600,120.00,NULL,2),(3477,1900,5,'End',0,'2024-11-27 23:21:11','MANUAL',3600,120.00,NULL,2),(3478,1901,5,'Start',0,'2024-11-27 23:21:17',NULL,3600,120.00,NULL,2),(3479,1901,5,'End',0,'2024-11-27 23:21:24','MANUAL',3600,120.00,NULL,2);
/*!40000 ALTER TABLE `rptdevicetimetransactions` ENABLE KEYS */;
UNLOCK TABLES;

--
-- Table structure for table `timetype`
--

DROP TABLE IF EXISTS `timetype`;
/*!40101 SET @saved_cs_client     = @@character_set_client */;
/*!40101 SET character_set_client = utf8 */;
CREATE TABLE `timetype` (
  `TimeTypeID` bigint(20) unsigned NOT NULL,
  `Name` varchar(255) NOT NULL,
  PRIMARY KEY (`TimeTypeID`)
) ENGINE=InnoDB DEFAULT CHARSET=utf8mb4 COLLATE=utf8mb4_unicode_ci;
/*!40101 SET character_set_client = @saved_cs_client */;

--
-- Dumping data for table `timetype`
--

LOCK TABLES `timetype` WRITE;
/*!40000 ALTER TABLE `timetype` DISABLE KEYS */;
INSERT INTO `timetype` VALUES (1,'BASE'),(2,'INCREMENT'),(3,'OPEN');
/*!40000 ALTER TABLE `timetype` ENABLE KEYS */;
UNLOCK TABLES;

--
-- Table structure for table `userroles`
--

DROP TABLE IF EXISTS `userroles`;
/*!40101 SET @saved_cs_client     = @@character_set_client */;
/*!40101 SET character_set_client = utf8 */;
CREATE TABLE `userroles` (
  `UserRoleId` bigint(20) unsigned NOT NULL AUTO_INCREMENT,
  `UserId` int(11) NOT NULL,
  `RoleId` int(11) NOT NULL,
  PRIMARY KEY (`UserRoleId`)
) ENGINE=InnoDB AUTO_INCREMENT=4 DEFAULT CHARSET=utf8mb4 COLLATE=utf8mb4_unicode_ci;
/*!40101 SET character_set_client = @saved_cs_client */;

--
-- Dumping data for table `userroles`
--

LOCK TABLES `userroles` WRITE;
/*!40000 ALTER TABLE `userroles` DISABLE KEYS */;
INSERT INTO `userroles` VALUES (1,1,1),(2,2,2),(3,3,3);
/*!40000 ALTER TABLE `userroles` ENABLE KEYS */;
UNLOCK TABLES;

--
-- Table structure for table `users`
--

DROP TABLE IF EXISTS `users`;
/*!40101 SET @saved_cs_client     = @@character_set_client */;
/*!40101 SET character_set_client = utf8 */;
CREATE TABLE `users` (
  `UserID` bigint(20) unsigned NOT NULL AUTO_INCREMENT,
  `FirstName` varchar(255) NOT NULL,
  `LastName` varchar(255) NOT NULL,
  `UserName` varchar(255) NOT NULL,
  `Password` varchar(255) NOT NULL,
  `Active` tinyint(1) NOT NULL,
  `LastLoggedDate` datetime DEFAULT NULL,
  `created_at` timestamp NULL DEFAULT NULL,
  `updated_at` timestamp NULL DEFAULT NULL,
  PRIMARY KEY (`UserID`)
) ENGINE=InnoDB AUTO_INCREMENT=4 DEFAULT CHARSET=utf8mb4 COLLATE=utf8mb4_unicode_ci;
/*!40101 SET character_set_client = @saved_cs_client */;

--
-- Dumping data for table `users`
--

LOCK TABLES `users` WRITE;
/*!40000 ALTER TABLE `users` DISABLE KEYS */;
INSERT INTO `users` VALUES (1,'Admin','Admin','Admin','$2y$10$IZm.KS/C0DJvOI6O8gNB1O9vKvP.vWxlPw4rFiaDkz2ju4I8Cp6TK',1,NULL,NULL,NULL),(2,'Test Shared','Cashier1','Cashier1','$2y$10$0DLWNACHYqflLwdAgxqVV.USibyMKVmmg3gF19CmcER4yR96GnSd2',1,NULL,'2024-09-16 14:07:04','2024-09-16 14:07:04'),(3,'Audit','audit','Audit1','$2y$10$ZFwoaYt/n29gmDAUYm4rgOZKRElzCkhSG2GBUxY/V8AThYM5nbkcu',1,NULL,'2024-09-20 11:52:09','2024-09-20 11:52:09');
/*!40000 ALTER TABLE `users` ENABLE KEYS */;
UNLOCK TABLES;
/*!40103 SET TIME_ZONE=@OLD_TIME_ZONE */;

/*!40101 SET SQL_MODE=@OLD_SQL_MODE */;
/*!40014 SET FOREIGN_KEY_CHECKS=@OLD_FOREIGN_KEY_CHECKS */;
/*!40014 SET UNIQUE_CHECKS=@OLD_UNIQUE_CHECKS */;
/*!40101 SET CHARACTER_SET_CLIENT=@OLD_CHARACTER_SET_CLIENT */;
/*!40101 SET CHARACTER_SET_RESULTS=@OLD_CHARACTER_SET_RESULTS */;
/*!40101 SET COLLATION_CONNECTION=@OLD_COLLATION_CONNECTION */;
/*!40111 SET SQL_NOTES=@OLD_SQL_NOTES */;

-- Dump completed on 2024-11-27 23:22:45
